33763542657593934552424463687
353010263514294547072336598601
980105746093332057076166102484
783483989589018201381298104711
240072431573762686298688312566
268700231873563687118945520757
515241434410687037262709700339
253021357747520835531490020372
117739189534183500720961550551
518364797767663497848573517435
342526787332375383032788826148
26291061733953888107242830435
805652193941571985841013141206
516418572206617974172760148831
321737641963538407237522478979
423873533868388871066486839128
529439362749705446337068705666
681659116790062410786537626498
125791783461622011324484946353
672276144056045982801332214992
684750835614412711215792274069
768318501234931494880026384208
165382132500601781147861360857
554833059878496541198564571903
436696176724068593599434199790
537968232114292351624337669058
675675272105436783512124699341
889689178800661058789879781960
460751926806023415386259825743
480070730026366322613125216906
53529865572345985683078023493
581137572856977963834089323044
131976979606402089575119757675
885655105429944296303258701294
589452886467770566780674305806
807766098992423261145534757110
780028114565860646965171459850
509004856039378725980216194619
362908118245887984824332231355
143498197084542499369591603157
984032007654919809788828956533
799433343582486070776360211589
379171402668854734566276990615
151809534767874327740230004690
490657583712130021315312175429
621163165107760644420391782544
101293341316765214086467151008
167299091963116778411616240403
259667462055981483642772290456
383118998070565892317311112440
259306345654307915045102640505
607265874140839413751913468274
513160277238480763952568193427
284786658778727076232744181819
179395631837140509461383508499
482007288783213872292486806943
614490653146519948960672817960
161347406548456237289355909243
780671476964352134369307456390
750643677173225065880581641840
1589884811876460636374016221
637909462936348289608955620739
117227526524760246238508282651
195913852299489035664085563272
306840441065032074454562073371
958479078016149509275680390541
164928743670877069693466381299
81304828920300489124991210267
415079330494882756658525358868
790788022646946392615844732375
60335671342235124045057586512
219638319964113541913277734701
714081378782501797030306067555
112194634313958464790097665214
5174562857380081443533103629
658218363483061278027388884212
560656478657408077010144345490
170160650541385166176769527255
932792355150654019129946297800
467894653333494121731731970985
692846825108515550242955213542
832585174578224331517554118774
347144771111811314473654187681
788405917677816911676526849044
261873115331771930440871282048
863512547363508356231919175980
539025050130162759131897181138
415871331543639409116173253468
245908936731821977054227296440
371319735529677055718218192832
863654796070897137853784121267
758334441536349615377183573031
711192318230262339122573881320
456781000863597321070223673006
553312527120032897295847419856
66445440829680706742804202335
706088185658489551931889093086
189469025331884355541525324319
550343396453224285123805973285
50049020988904060693436772281
277219239618584786953240759754
387074783978277434753032862710
571041020594409062847310503999
201630996538265990921394756613
159276084869987275413047561601
479102768891467666837441712046
231693754032027719837897720469
849573933147005374314002312643
917578559840519732037964265784
558814574786608110130795755256
857515515312962882043476530101
180519262147652503853668015420
130253887067532008706489121778
718361241960514663878205489357
6183914568534660207498942656
715309583011555144373980453669
440011097100046800066417388215
460299377930497225126074909984
855303355919984082517999613214
988247891847590557898097855372
448560129292914684497343702385
762254393171771183946252166061
25590538544313992529188156462
819856523935022091695586340267
723478963928112617362129522272
599853294382704100853665821295
808839188410384477172020427354
849998786858242499192949047506
576806481912894676777481189724
791855787751017404554417535705
638318407271393089344295648735
453762092816968669020647443629
631492481221734942799214557173
218486300288535572727268948912
728651218718593425174538769855
585871027435100329859305346161
641284032108117093706911721445
801681931036405445535173944482
973898512934213879142501113185
714451701828581902536465372251
88032345623794986477826680650
325176199701015514572660683434
170386360487210463106647585021
235316970243778557174046592205
816542298454023164899274061043
571190607185567154273852045750
666535441145199982031196236123
19449470096439460308122200288
926103043067143675166537534140
520093987328319613508363654923
489693843229849245391148864355
413917454658912211183723449605
504452843215672904261798671276
454362376743646338936202719473
172107073952736393107210823995
155822498276268151168715563349
780018025908759946485714279975
580790829458364128749436233546
471352545429364901546885791236
36458136663976044157953693719
828447354924427361458173426109
79369597475699790238336681719
749072830715143483747117000661
379514488595379582374074617596
842184215617770009900766022381
909328512616015057534644390616
632782425136332784681011978708
451273371663350999063364887640
424144584736528993672441999149
521252578282354576348323655546
457238290622702082098811289536
867152528859818627925769804724
978062611299333033612793862107
784681482233327199712823541624
824926541149263151363931791315
223132476277042640207067981027
911343485084810663047653141720
656553161840693608731473464347
167763762717789480931519331969
810561352624856250881227452298
359518151603336561354943628964
572267294699358150034751511651
520207906773525574078190703793
708154506088575951910291163820
902049847162452207218495582014
950954612544094672244100218261
723430023126002158803643742693
714626135755847346097029678480
457695505697672994491616835261
932776315086840306782665645901
712573501018659626814262621672
700700348834317713422199347466
965120914346372640166684733942
755075735867045015710998868187
469057020898738742660945187202
102442522884428308734520060740
150353527463422647984605526146
134926904426915578158439168514
388779374999914623293971619862
230953878504393668818423260135
435010762222903457138337908942
902703374120882050741711569211
843047671628902124971825166154
252726483836214242074503616522
395716452284893828147032122985
816566475824036333983682065681
471287774650398972254056978169
796798723158903349868808120735
498628402243975171070072632018
782433510987189478662612955903
968056441494836833348559011813
87339984627410551904794986308
753417158888022276536837651757
173530300222132030002502714139
225460908927702140434743797036
829776672377906244295550943309
487694224697356066114636831862
950635571080069968145468529826
22480498149149482643669964400
861132408843915285466409681178
152350291835241665403469556080
976824620273909174111656126563
352444392058129264482083143372
90161042044474559404973412097
903440886764043234030717408786
859016937209543844191129850815
431803299696955118150613499801
86617741147868040599534111437
586269723696970513743028901362
757123971168935655488033394584
362694429392161345251988412195
856164394898554707986618231008
278227448327208354396377376145
10594524463315921851738670333
175600477783643990479749881446
462237505191915078954617111569
213893715783322889623134767062
123566899920506638575395398020
567889835502295685466641382652
248105338301828364585652669756
361000354792531693988087804096
414145702703398649246125538657
461893561091406765148788261389
191150044670343278218085747466
391983211762694953913336989474
689200229014782710557495490739
27421964476659752706790244236
849676331630064848275586611209
195581630465359995670357846830
924545073866781467144917185577
200528140869139368601183347403
908386310523226596215139515109
967916626406339967054767042116
516508232895066334784644085548
547481491414425788414892676381
994384553921451570022200241678
484227514177532963400794524947
877689498086891489105671521122
824547159189668704800601811357
854857762563811758877450707009
401966194311806975046600876519
71763240048505134491097850904
338134523183587061563470778733
765932300163753920602175230140
909846821624080547038389399219
243010763512383238911354807096
206584475867597474845466181857
561168688799903318503962349928
581292076811072626886417853364
144405935491739318020567038918
793007468404511383777031430690
573337259027636942172635168288
642311734002085653702438265984
285992363986963378201453315794
784437907502853900340579835694
273259583193038684226894209095
881103788024239732359105001255
931179467494354630085136401913
788895751300946045604799930268
983402710565180640734634518809
397866467893736272447161940494
672944987228896734747855360020
271459480149819808506765183518
489146114584078925701485980468
869183389987207203195381180562
9532911360014532744876369206
64304690348590552116807986685
199802243731875480397832401010
438538334869219632861822475205
580016824654243385485533515630
620470674426252190541479557199
629884731556658708669015048653
225615343348906167052478867262
669833975445554694266537476430
588718647007939140110431351403
200378216402112634190580660894
506773495735044654312959106310
142257859751314808382373073326
876032833850226583168035440429
978549567720994761858692872878
241138508064741416164287904375
951369357714392243909222237261
930336998704601813906178982114
286950043618286980898629553734
487061225329886272938620756170
4328866863664814428333662915
677657134610517175316975625519
524313813611245602819723786842
632343160071088141563328150009
281450207046089263209154752171
910811869595094277706123283560
278073121149604773280489552152
239936230781924283066685983652
462899912079121642716668848356
932183062647104180146168585153
112380775545738324330866059161
390657084397446989634407727401
644986504848387012037786860974
923630257525701683077819407744
88468190221302244315975563587
843994308877888317330288709821
35925314684843336555082234591
167350531144806664385188352998
594088396233755130744769471486
427566773141361580365609410132
456580728440684231201701174169
90992843693455647663912043134
414980618148951694150810279590
122469133141619452100633966622
388828657754876102753902204266
236401194686301543976501127367
751985263533243370866400108076
324423156739733505249851375786
758622251675548678866964941840
273716887640277390607618990099
104944267669433933349027427084
27532989196067785149893620402
342834996451476534816239601440
21333141931961855464401989012
777342755261602326977561316768
310419675740123635628816366262
683373192814059997425453033276
796143943539752484304722265477
45948052179125043069548375393
46085449913209194036038324570
492500681383292975052678868500
951675257488108522059371845095
344533985515441355694761187406
914833514498964004442386443077
217986156284098001522170568264
72064796288978493386917154621
282276949182731134363499050189
436374361586423569323646976016
304260801979413743696959920923
552916282023710035367803368849
604633754877137658458880636066
705478380557067997686381343355
368792756781330860774920174294
397614073112789030365992282750
811508680916586623046017359959
542230395440556775583547912786
950418636338757972294215446517
696945595144788666502140001064
30535244618560465203316291954
526183330522701334088801449570
956021091127144009300790712575
767455896619852847814986262353
941934117938068293584832669949
902698273412447909305441276396
341217893364106638853590783527
16479566618558027528061463450
841336813179276216893654140842
759137555027165243713348151101
686339757286343185822020222277
579138883960734121739102742918
800354352008883006745321486207
989141574173676554323541383626
116234994165271664971925546284
243450203051613649968124201554
780393506306267408609627776510
587005292866676090447984172647
415278255426649499711371321126
702797547012934158768895256183
325470241733858417032000631355
770397111514975158417796707145
334840088209790782560994536634
465789299465935009706582145448
236294727486487895549513810356
559221700737573372388201244416
255268599428241029695706895644
310929732026186999034756866754
682524713948694708403619712411
689277379178529524712148270038
878637606522621693606191362029
895761452630533130411851132141
663984130890833721437283979785
209313441350514380086368010754
523325895973597656206269535832
604748072723762789305345435350
9740077725765262558541081831
151529839681478014706396029799
570563514080871788354746459942
984182638409522934644623975321
194061860450434616263420971254
99829266383843103723643118806
600307104315639024503733609907
896365069925372033965941945281
843178783050836177059194230455
379984764613232392338474463906
279398982354580091928539278109
149395167009084409023390280568
193908519470697639924036510748
179556477399058683588017325693
695070951355795303215893530008
716846387165350926957990664369
625405825792181931191284409403
116351291106047876861667686859
668522007050428103846666014383
84023724521089153370586081352
698585927913967412950098679992
971024889565876252754778702724
421524873622110037960958126026
102866229377123749465123116925
958561050720200119401863537195
832092260006997905996953954330
274867753024466766603117319658
317500087101804520155036807605
967114509873104298898785512613
713404154886609628780809857335
563371699023709892268055701164
162218131583202576106522835005
237050532751699203455109703179
415505572190276666886030059827
174749576045693386418638225606
567840989077336413069162401149
181707076816681980454199087412
769210603115694766004855035793
507009594715449874251209236070
482807489236843293712603315701
118968781110186009718665148413
457841441023457251496974686144
598730050061242449044311427152
940349395002284834369097786628
72522213023028075197917774416
901471976418576860284955289476
509664475523072819604780847922
40471171147848774077008427517
736537642881361181568278052692
840239348641175596863623612152
220380371621777447563439840798
827316172936444590891655505513
576477820532864820093004203718
582583442954362030874895493
746373527432997248383115924491
767818956283244769123362824926
81566191599579995918021263490
701435590914778836060749512149
782444080862728747620906654077
697565883316895582624788796379
902340590032617075951482738981
695215655821319535776690698126
199528790716204295362407389931
974131126127415894447023166968
669528729195726716821288061166
576905417434119858285705098592
539918283118589435191671535832
320916020431726113253129260837
501389223530519486747457886246
311329948211569375277022694636
396500843249382409532971029907
960990655135398022132377215596
313899017669890358288547657842
698421154097014090435797925514
859788630192377946609523346621
837300020496419572646135674047
506555845337895819012527035860
11623794604719564275265921261
585294556495541924945202030761
768169525850981033240957683873
113750123509897315380871788654
913427761861295023724637150647
320342069669317605411422355425
195123665840387533362166587988
595157490606611087040530364632
250499483118859077749427962993
259989402294321129781403484473
516529914210503945602415319641
522766484184209628729402541087
80617880955431468352195442375
915543166998938997778199041380
82549629652179490599792917608
99308701318590771703916953004
639953357168296032070387762479
552416725839666207922407763047
940686384369479874097255229977
234007790516772880492649557874
480954646203243375726185792810
185056211251152219598623937289
489650574182770455597566764318
132839717443450821897657472129
474568455016534303633510422006
968736857195718007444457609345
372902471402956632344971692814
448157204394564188134644658113
163786151338486820207642834282
291611817036725166673411760698
522384215155093107562560130859
54003233916711832850003385390
398092918342362227754122774430
113960451764018254907227124048
724386273297825652505438129562
474726785378269002204273831472
893947384869274170425221961434
863596472574966095683226711761
816677190926973918511538380045
223753461993034028770327837498
59950985565633138083793421624
197187495524422541628361634187
772396000587386191377612129226
433028549673428265807341624515
994500394756665989588554288620
94841271330115832751559989155
379396127706240884761037786636
664665581474471467613232173130
678703233887103638156876761184
876874057426553553435697377132
262970252073810226916360303206
564236897626864723173173063773
394245093598418390285972889111
449423872219693737550083006340
696460477359917571064309960849
293194831016704134361924860990
982931136147264125370814491185
931509767777156290944336550085
51961090711779405635741675155
144167578251592716523904236723
389943693944937723519778623035
138787221812201031647616066772
4419068514639174544438572356
50120632118608220646975344337
149970648984390430380817559021
159179623819046241999906210279
88585772544594594463624604950
594489487668125235744574423169
873898922364016385508522263511
532340998629400890445188830474
896489805035767511236475056732
240757336747414637472371659341
834799317405950832828321047542
893417771668792307419245313405
342399739973433875513694105199
247657023752848500055941981891
152015309259866233334644351899
614320519476566516315673587687
719109752029952223608678759142
620521487876331272289591262143
465676580384908624596692969546
971445630889384358387783873272
785730972072321280761400686420
519061773482773957104245261499
944848341101476108592777055413
876944895214623778224493033397
481734736539504981901202054408
737818333969289732303444572345
31744839654250218925860176448
287953331972353797957583404856
436313542450306485574542001905
279165195093245780680937167182
866396803663025006770091384417
527735101939998143088195145610
731708174323175770286789810501
669183541275652469768228989042
659576108649852810503797404710
333467297539334630665012215556
608295888983243197279108954690
428581986145200920068899605840
155105407406349045545687569941
918306013201582645779682076976
46517030712220515927728070755
678507686499108638192046191847
441680299736358659052683992643
281187395681423539423103862086
672474148048779686809851492862
930006138515374232661859670085
565207839334254307302783126711
675525223349138421555995824563
435056706231814981385084068098
274350349336104738413159235982
601495360702340631160679939906
30094757815437867422894460192
472794287850778525599525510371
413981443003864790478328992392
882417750385731686196055629868
735328475235303491159155349328
12229632079028359169720332460
859896318704645157186905349163
125685500326000897679062595881
98178121504129210330624987304
968195076593325025826864241299
123557829484447906565472387477
191977740233972806816990933821
434101189410523798438744980953
570023102578720570689345258319
872953466023532355938252292840
191861114736889169327894776337
879870089008671649104168454686
641494680630023000932494406237
240985807041400306136333194583
115326124617150640430022771689
642254245855509130959273990796
21077575927522815641544872545
467759392027485067118769848405
507046614667778507217643550962
90007347584519716231616774834
750482503839650434866224018017
92636004781997410103448026948
603471014591575397152419384671
635307365990648261638947393097
539563402144399784266448251508
851228161315391610204662048584
256202490061193316112385913404
424065321341409056729969615889
28618910838635010726881349379
395042117554882489983239949304
462527269685096731246176267944
103087991884482592590899908932
922590786480139129839323517465
69771173291423138944033398619
704488697485482775961413813666
967685786753325561654720892948
708999696558702627469465144439
855721948902030939391894373726
351677072435590353135942004433
631771576621989032383611150569
138255703160839518763346395191
754741523623813963302635725613
211855484131925531267851072962
610663050798169144899187199677
822758414645355497146181498293
898050024822583789067149862124
578995567371746737036293119770
187311647966250435246177273579
387142509182209257993574396892
594908846876831652232120318630
279880955592631821911137994445
248065390856391379646622271038
308813955471861235722460957140
668722904960402133192443751340
254106615835132925121956263270
860254892915444096232352539446
89583148336058201008892782535
521923397370102791583219846390
836328636245357701382920674566
253050080294277369429875184707
408497748017382718189589516119
945711370680332289192862616546
430428566434451135655374790772
145773434875891472807648917712
62992529907007426315312611911
172310779260448634217841029425
524837453427508469237811698892
178749888514103496201929346595
758869103943533793604000692388
739950538140657616248712376912
969236889340415439641866234708
748974230435319482686620945080
306249170613864980025757569997
724777898353413451495417784888
906289218910269599017651798621
5094021685275114506133651168
679902248075346721791057991317
42008694997315739616136316036
775623634063910617664540190286
347231066320876429045788755686
179000564069715921180397777138
265313905967582916811537144863
887893999953770582759650941514
77728392071651395204732131644
419820672236897129393762952252
310939083483923982883573928284
461470238952624383300681151875
634008696465611643064230919188
365573057007860600163975884911
890029710342478123274654684591
900822099755240884832398128107
35439755008107948125180454273
7293262251366019898456072693
510501639161447109278779898364
84207533314974938439995113694
752114233533593153150260976085
712788886044840117677139107012
595214098039851221736172773915
895066756064836804881887337313
563836390548916571438886880025
982141782820052403148641610819
729325292768947229983245008562
706469965009937310549343131026
425188537593501961336230626851
163787720196825113420164222412
854936917045633996739140764284
95110321825624719543927883184
285509436749743669993482431517
321371745019576563875523170247
939959813656907860485413853420
765062832895798452537401314946
929329100090615905147616125581
716535452838857581809581791931
705741456223968372083005851920
625840125929235977804732785866
149858947579929907401090231325
525661954168056810510012582157
399556457615147790926396419739
109881831549019877054976802855
776979709776117255991874364170
444376462643041417630129561756
810989585222870673583297425472
307311845415266525016951470013
695352051388898337706699976913
191212071407004567208925314787
567590507615543780859887123483
845027104230520861341542214656
67742801065045161065725466208
163366452029278685112910424838
716316134849088558857133014538
847562769594641377827893778235
443360438418945079699611380931
718037076248624164181225178637
175585831453593625270003416928
202031304343875361713026045611
126186481919585683836995096217
43730701047982288010583811730
486164717502621070227527721170
644916603198781449337959337672
232669895846456453555459731970
73329214268646230425242617754
578681171578983994813561855687
631853159405453086338979287858
56099176446086974658211336626
540360709568173570633097728491
568801389107019116744308801075
332128503342084586388258634545
762809452754085836643614910364
464523837888108224428633279261
958474006822711472252707633870
540790824409254327868674615149
216077398639059300749055090635
546354781539431738360518388311
568833636788467917074467818530
993043383716203542827371901244
772240941422406016604750191069
30993397702716030822616737649
79853677665831471881690762904
149011249993067538734738120531
500886057941104725064728395759
934758213095812729025827075386
192698628360390990292059356514
34108629653700775689195547390
974438897362039669454445460354
706470071392177096243775929628
400133615981960571744001133582
247919465513512151364187504072
837605655402651090433819020406
382329851882997330752604580170
64905348088190415097829056943
478852118058403533419388004536
687353469701985539463934228587
978341349767184272720088452802
409267350514173557610900737567
141708613005063288298771573535
93699499795996774188352955847
899609394834412762205007302987
314523707106314011567286864731
486781186840695003242965844604
590776294771629520850002188095
619215931762333620167901385683
453036557045647333054017808680
236342662734950732156326503826
398400256117853811797286306979
869279936419021809981182207432
469772278088188413728589048450
120773282676335876926155126820
650285809510658760830542702171
589015936683946543266260112818
683156687972720707920974727378
376992862719064370017277005785
112448434863302129463218262264
370777463266188005604311207121
232772788019917531813715008824
807629403654794375959185987155
577787167548638502729013938197
743767649136788153434100978034
872059424721083402815537805388
150243362127748678442310709732
900634407487383422069890637244
252693950468268298624823529672
436059753133068401017695334246
110567388988675477929468446325
276432308306504096358799766915
546094724048524108142486553462
130557109323792090010414324866
365546762311573194618772309810
505063247000354812576599359822
448658638779540507436046427879
14546338523970374965907665693
308183924098622201771050755900
304921800889168817039001889020
248389105722712076001170013936
920101568115607288207242605182
779273257733636612070860846928
80295161055558702859560640379
70006025493126344008666492521
249599342972899365280051547376
40955503110122742140733982304
961560756706943554352965850640
539238339031092020428859884862
572075125957911860225426718535
388070551732567015444074113424
635130662048774034276955742002
54248846394401140217531115494
66873122409695883836461021690
123643430111856435212903337203
64709301372764515827811752049
975069531673059970138510544187
254133391947728574090284969528
502316045129219441098101702072
76068197161835232366302168513
977518254373048505331031041715
802667051006827067708349442182
684609099096755536285948718011
782589336506775251486773532804
478451526023909101495968425824
363935578650938216986423237411
210515683930753224436314654103
102748397940971503472544514401
467329779519686767639777747429
577017461214191146001145711853
57500569632860506712260284043
192128542067340218106453651066
845909032628996294500908245024
806994402987395605261006822552
672268159817038398204234244477
784819467905348091016997493849
697832669894523705058922772375
229148104626835258784263291411
198669458772002907666185546995
46120204732006160010262940581
593594941118224595847721990297
146682117440855415221569461256
351592676416460015729163324342
641112535890364843454176419584
32072212208845923023567329193
510575850927434868168656213618
881352632402451829109363926173
328594571233160831563212999506
640264369591277101206753322121
516777413713594385922968441982
983068749663008516003633836712
824926232207527385250527883901
706402596566909809085270930524
255293631668053656456715673028
499085561504626555755077587205
997860507237050821915486866020
46107369894957222878859787495
614903573625900151908108525813
698161803238897953930010657958
377899732471860889270332404736
913106793541434975012241528672
56154216832002078580135186190
521308002563578451446031019994
782715836682415985265347824853
681939169898866782211092951834
367270474628744539546434980765
554900004634728221903441840360
290791944106984059079109757274
684541585124792745732872917063
768606424377642752324150818688
750875427083526598885442308696
460747028070364822918847956910
846334957708647635537203448104
808172631500367849853147308867
127936664129656451206344700137
269860764847924824161590881133
136963696418413412653224897097
364935342559487448810192751916
550239156557991728949922518587
415045901369516958907163928402
923994219897112079385729227618
593347167506847282512071972182
588554579550159585057422419847
995990000846499577853374803952
544614888790480644780953882740
604579136439475274035788827794
556422007994729580453896083020
503894699455681239804508784596
238780548900132839940616884001
565456905105161439549542650764
630990568700107445255082856829
967513483562693309856637471127
729793397345962299045011907985
844301042412005954385838634649
215738512518008277976771666503
18065914176247447967000324906
22001835108104323207487011835
937375969020973484904263550923
274080979342161754983769590228
980178119584818475139583978368
323817462118956310710747814023
134994805986953518215429099422
936047896985797129874058724728
386648156754256030223127952443
347941385290973999215309771146
328739043520090532929988817030
27109383123797935873858871359
563063430102298663401851228525
160610547432735764191266890705
821890934193993318733468434323
57146534447303665814915192543
477673656193138269529574035803
954758854058214505696414840729
110644946424299699236779572075
634275205452611264014951102559
59014941153709407129334671347
140763963262045943480888320352
493048374673989276593498357109
958487729899694085104947010638
170932105069867775733577534355
887840868566280943626191098389
899985779043319304628104728194
275607501590866284736249771034
846339366368210726893679387389
628583159294904460671584461597
568087521854436365518873602931
32960550217136959126668653791
371153047574642609214365896246
746899672207930742890344372681
533871896918873767291116112974
336609273217129232664607614391
122013735310453501055886642150
905798257283577375814763262345
341781273211746995106185043928
716471519561422377614628481747
729520508600101811095960521640
429853663006982638322940955037
5548595251098548786632621490
537745768307895375280373108225
360442063915559986145190567955
321094216607928461062109259436
18508541741474504290994331674
159371605824454800469440807228
808310214887158231246291973418
658586321352289618736351543051
11565021290539823638343480230
727192434013344850076013886943
930349851861026887463768266707
399908447821440016010836517825
173374248823208016287298408252
621567934649767493717127498059
647318847617478178296485066773
492243597535926888208127043363
618938315271591584005416888123
322283601681997735470234681419
815094243889057255870243445889
82293635705168911720549725994
723936877104557404680914600588
429141951071521989353995306714
973350720414029578462419818777
397395659781078695777833557
494618699615352579221096547001
635293097193003429266940468969
650802356147687702510965104944
950126024680620436752892999096
491949315493539026505630069194
627035056735862629853790327777
443917895657133138038568626664
112793002743376047494872057848
90182453853686173159336639438
390717391073404906196922179483
126936861516170338673265438132
92791597177921526164870925815
955975161139108959533674531903
323618702897173793487131125917
904451267336902248543417249370
674562800103788432175373709327
740502596445415936918611242
513461118825747545425505083815
949712060024848628765364297658
663489356807334861711787037737
963499651716903549368550084185
487368988843903141820111732344
822082551371880777753248294601
653624470390309145826548519049
863436237628160629960165326151
197781224751376434040116686677
441322662720555944179884475416
278432115900755706362259904591
380829325303342250291490358941
652366168018028011866292681546
977281448290465572993558858276
628664557390382188052374259424
461390917341480417691079829172
895324205552271776830217988489
814076706615783702654021147514
153694222911528174623734276441
880146524827619544249120019381
863785284911267957341110952106
738278770948506706818792826968
262754171651194792128958497891
561045104854328829697507232112
654240016537609638144587760264
898724277653399432763716998058
985084003559897220003087781983
55148392869276553399885297179
597090272862953521370198683560
925395254714347520784455699773
74910524894440029459307729434
312224702891151991906512406609
488739922267421047688938333985
706402622400920083916578900290
785575202401939720622930365392
840925157259580634570553654248
601675379348041712046220344270
411972405769942491621994260091
799031991347690825119778790269
731759460310800379414331909501
592774087678128829710153522323
74799056224081227181582893135
432233233962604852616538068644
27317379453200131710094317854
980772444410077308471441302463
56645484324545736676687236421
613628851857225525422754863952
478519820575820457878809835078
329806632398576434888737690170
95574944997920367091530487152
635587509650317141386703084502
849125227506376853706857267277
916013961365325389352521958618
739164785098834679539342183201
856762770213176753010172865671
738010974553160997679220189698
689130878020212369762999997384
81555265624928975932055032159
821216945670309929862451960232
233376682349441660342633862574
957114439054617217545421887257
825394687741243239473323811090
344986464644833853163667237617
584301966700421714929386675005
344153720997617115151911034127
958806476421312833927581040688
998600649107898397330683500703
870311923611436255757596975141
15791664356998466810791036707
741050837033994393176722348739
955613841293702392513814294268
491664104671136035289887108000
899305645129270123173568633749
221820817390678349876365035230
456371742536909030866858319689
654447192314878607056994346586
861474747642493633796466651324
383368939378265944080643959837
733748263861180215158120909680
790041433391111731367938882378
683449944783954210108178518888
571737799684366236193261960099
354973105082412009685750527566
922039216063898479796236125841
256912680265429401060544733660
887674288677838854245704025534
26554420161660254726494619962
884253884598112760496810027302
473893850239968586968434111433
636323135492661403772136005078
945561999432840865213107218633
167007181273475807121947221144
102351926756194207323132993987
945135997473986934805397972941
286225938611633205011717664834
578109735610932969909215586747
160696737182107597154292618353
899520011743267876659524518188
413031390754159221041365206151
258729201352762829318349365478
712903077673648354029393489245
720080558265260074271385296962
175661804860987306828530673806
92402932549916533294242062170
737232022306908515723993859072
229543900455688387172434606792
295176208082955973189564483694
180915680590167253283559745003
966711111142963327646327173161
363694389410441664360866306238
187626381829725582226523357487
398223556696779490545379388360
652823890033182489274812189611
845716486766271502738113842734
722267157857897110628062844957
778905017360539976876974226973
34425623546720080179296177625
670165527606811128496308416424
801981806877323317403059908011
498578683975766498843810650612
117617788622830624721019479906
243936174110727880502242037371
65735291769643371248098974403
535440696532108336192914286652
555417474880670244181094319545
349245694430106873055684633400
659568214074619330799034283296
454586836747440442620877143091
935022963198110495163017989643
816329086121959661132509946419
139267828242443245412808577484
620862617033232067891766748780
671460677178706871359625467571
663586517821530667106048120943
764326428713322338129793128134
278556938446982667577836033717
237903189987852216938071117017
164052047763439218478995823983
9968356246504199937147216435
927436482656045126366819066885
743079961120119794726839386683
416708083241190159921856016621
352120469129831135793145449084
963105217616742446324185447170
447811721752304179853872677778
72425674395875580749514073443
739112971498171665602059581245
526286250927412569151517162715
348218315400052755841021692985
261270805878693110918561350626
577241210693457290389451074078
231730484129769669360445709470
747038081913061263629251690280
347281119963564400886228384387
11842482721113449217321702106
637706869249939353842988958066
952885428206920038966186323315
947265448568406685210198465557
398837890224104355850773724588
321681109167797508316203882258
512027872137995248237523528079
839325347488191841816475654948
384644394351744426836899821555
195602372452169294150013803863
837066035807415641067472416502
213575295738912183807119986912
934990339698492403309554921999
789994190270589964143554134311
139158803533820133750584173328
986513990209175895369055623586
99958123083522004520920055462
454704744947100776066574417878
624682786888242680847409703411
272493746731112866874648119250
54117398978513360469897566452
667120084374169176466445738827
557558675098299537989223502393
746386593850267649436669629970
946769096295995351511212831970
599177991174610552582066526256
801567576728348516749837760403
911216657179425264583408166900
378720321690574026600297187185
999690893484430273330665456878
561518326535841371260431569896
750224008154153148602915800379
143058971926241478416581229542
324708690685075768245697697629
536153325586956511139884290193
62776216260569240776561151471
145897516212430061556285691135
783681415478006740939259789287
256596027253264260033422891340
773022733108757060244512754505
488385924212629418828731291488
139685670308792431568844448676
253498405325988875010906535464
165595781724808727963886582935
47948200693892705913709860444
608237146047507784810433021556
125902338222157565268080179315
809837661962328130663955422536
55821370971199783536684698930
792189129947579256858200053903
746712326383466255929414098887
539973172189873401551931594262
39789582301546698556767309
865686308009557924052948079912
890278862838253927253821434486
917663217380779991355181263354
68577682510555551641541365432
284628281188845926016314527144
607770765226374897144387184542
910900145262247271330263714547
75056933360542706995033760153
791256407971550639291947130121
261230652032722796719108452032
444332390620494043751906937489
651864276706271403272885412297
235789176740464301944812645111
759474476776500390925537367229
802005679803592069392046517070
50345425065254698332744924841
632169676181242966936243708432
598463361643911829200868520943
556803214732339162070948956198
737981222528253443768966766865
862814665122195961094205180618
567976979995739300137483976902
928702439859421056454403097593
455842760204279886996155412665
391809368158321172028070662691
826629352428464371979909372243
377932824565291343959963711990
886700214420424347421479093218
823232969169767607343861743377
772297462351927089880601305450
327091341605321961365654765992
610584096085500498323827449737
448977994518663764747261317595
473384997328496105434562088180
276962703156266433508856327564
264014346898353416220258185483
561368322381775965594541900566
797211867274832321601965457335
898144280490791454537300963165
815747748115760821312804678718
866128120939786909711056916743
124632360310774142965680239849
950948958379505332552654322579
281203139037802897764972342394
445131887707522972817267075304
206694893894643018598837268859
749209697908342061439705912136
927761169732840010974424122757
207772280178141214659025479223
437394403662331365766532465648
177023914324023989558015906956
791848039662498101112156853592
20948584840997857998456626926
637887286020469094132141518612
967670821541135704420932550055
516224251297881432547632813023
90534623091148770885603594399
587360710941745337106080654761
633210026760931193216947937077
840814190772724572834297607479
991505973308142234097857292453
173873725398832067183044632017
177129992310283495981945914863
862358957921038872231223760185
235874178260563309173945693167
852460195236680444488154972047
869677830905937523445110803285
924216322712178577910732647653
87391858689021864975555115335
80371931741588135022116598990
884881940349741400211731881617
112422090514468562667154152165
261082170650694652686325341144
607365782887322937436185401936
785368989649361517082963400108
960716953146817600839493727646
486627966511622265415821332114
86212977377214888374148748825
796564260640058551731755679669
18833676086642009629804818268
159084954059083905442984658111
62323082075248779137452767081
37520117018283274755739978695
903776573055541593029549739161
792255669100306747798725528355
542977180193667085090271168166
996430003846025531907089782996
995066433848479300597148509893
446860973185449591745116347615
218508317871247820710551428624
626894943416204670680903481346
649984356918344907668951295464
75005091830168620561932492188
84919175550015061800572995625
523444838462398383185798769935
292520323123225537991972659635
412967582676359195007065610351
307009416326698428035368828351
98579178420624927827211489161
472376804199471438040317268013
444670583960093734850631203653
115855250297398625326768310032
260362367315502300246113390835
31519214071944626404474437530
702600489095423883486833624693
104556602076947229644312366467
835647377452916768324859247446
933735707466966010533223234410
624998782137753222425846634185
74913226088224753313721749639
212009393386962305141113629292
849348934703924058799472106729
352137640619237887815657155465
591387381530037806352985087902
702475125504168805729970795374
96352061101019105922118235844
454867201934047827675226683965
401867925467493699775312846081
384713114537569383051622373591
511647683866677662337241446215
810652084241528616009168986285
782421908356603954672547152764
179773501997342859194862954923
963599836778089628889896579831
474228958730109425606047153173
353150628907479569481814313967
592174062972462159517769204246
233729707468469691152851550256
229610869559788991458394664565
525940493381931131013445704090
134292174050174451954140580463
361290817344093621898389440484
618246868257238813252710752536
712767560248425212053373883074
770331252097336281802563699491
500029845926662626519494494075
253570015617788514278577869182
740035497130039492879895685458
482542801748506097222316160116
972938391930504769943591066803
216981588531455335787388362985
81825275596023765021077917589
762680430240535026806254927421
484014028450019805780342836198
838687067770172650887410606995
148227664388804032401240999225
357088129743333854631623900805
863886867433295362034374635086
43180646159763687180896519023
878311192528933739808786966148
688377323148473681588974113932
875451426473619613619980915
667558138229236867381371358923
545027022967669192905113318954
580154328826369013119322552309
336183613138379815622644940238
53648211544249186211330007620
486122635290272638677012819320
899930308720398149457631353145
427384644239646147905547671246
200238925635527600821938316535
344801419585312297397183606022
305737699792787754094182974383
938245086965884510055219388000
971572815176105308278853880855
243429660886705689508497995833
23593103969091986483565475333
683640009550328766533471365534
807043967545584210918547374514
226805916735705627923970685697
213191732162865608908558594044
646692628792502168110994908004
290645575050108500009115322844
134539601455177394040765541265
369493583229490949455590265141
122714464458375729263646546754
772140528442219595070497136673
23109674433304957637650552369
80885406496560137837937291357
247374013443951204138121509492
764043030172330079560794536362
981966556988438890885541426838
459921285413433437174621608297
240513052904130439959855946170
275773953281373439145825858508
444170830140943340153045969447
317821565150058187903944448238
111351051896170046826269347365
419571569830846290388482322186
619150818452142815364537096153
656264861432372010993067322272
327594006183653699861636215409
217709490074779486621662607430
874849534541675814974568015048
35108421176389741394623772921
892036808297463310044932289766
722541421320576249995013668288
948574118111086673892001809543
465964854261202379492909412098
317628659595419894115229549190
803135551589755612087393370605
675971038449974738414364600784
313967823414653458427976386424
245046107542207681945771196501
280875542557406091828828031470
293391142941190639445084097461
130187581410585329533377747092
13247480717047833214806773908
104796550453281723359349145070
765957809521728837119092481936
412487405267870963635096406578
635027885083476832930250722816
62867174406692957539785665301
566277703804963729877429401992
934430056921439927848085651427
57881750191999012270492382889
304960491149674712126279666339
39890903463518500862342539509
149100467564325141166591742101
478383420413139169863486975877
22318580055094258801522171172
945898794793448265732666159129
20121893926560422737390381542
338959337488614110037781211835
933807036677533710255717174554
761184270373493973320402342992
51426377668717911794681562168
356378378193479560143564332411
200949533498741511327232396424
4149631652128096434370850011
48140808397909153035660272888
97266353646700941867283828852
268141191756613573859273705359
872639548063330044713606654236
95049978498524662639903416006
802167194945745370986694845341
715546576672103854350362599312
101422381519200800039865633990
827646057823309585155476479101
226604473197303834310738290631
119722357948214814544380106215
649314727529611713281709485729
424202530680836885513393496306
27784469987878049312333579626
460908760716200934255312228411
33483113471376693763920808695
65418373425280258693370455582
92540320023402249641540811949
785138780884858994862917012143
835824473193520046625990469067
769585068449031012054883056117
529414753865019965711548307708
988565627885013913532998299701
491172060696951752954074954264
949158719841478150290654462721
129806752838587038040404124683
135553415445211373405086719804
665804684850681840671320251122
690876792952745441835269844598
96585991571662036468250214346
968270757285179394118223456814
815842934757069289317124015206
421140328189266611884938868538
829567188535428104306419010933
434901802458074148912403181080
479951383859499558745000793795
842006596438167173958359985326
423647547091200412810871731720
855382755208834744067696848317
638685405661722660280153121176
698732899412528071431134594427
16078877149990406002957369700
692286707878842323962233007457
491145681084185020157666113094
563594088375721269399694254907
625359135714412192697996515936
262784553701875765593328207048
374322611078059210387727334648
921106734275561260941683718392
792967593952300794679679421034
862793985845154442599853287840
316486328957980055202935669530
72261567505597195518348200657
382903671290027335557268912766
419355749212380535694831558402
672800437715187441606305392446
364108090795846208112022278129
873506743402496786506172695815
182474229696766113234092484705
285178730196113414175013376039
500192505669958678912480146074
8573484197454732462599084566
830398338849073119778566619068
645739941180604158391282245649
184167839366704256036262556566
145225834132532730126602448819
748674680827014596079818898689
682970840780656418209292470943
176676895073175986956792549022
22813379504658436870791429268
460735876358500016139399825683
226675563857612084615485156356
606643914729826682439184315232
605175154211367545501453867549
74109736772989192585147122793
875810278436600972001069788186
844792190215499819544103394467
957793748725603872431842001471
785112050223044064108437590623
550215914446583353720078151864
321297049295670920193787369717
533530787978105153515637436145
61600893538386089751362909408
176078638119029650661931562845
396827721788294322253170993277
617748160388933242256718222120
815358366635766504672442586300
232657302727390503103574308551
921009731105430378904600323074
229885083641466225723527721844
542207377233869090718531761911
557144192939423109811187191286
166716497836373167318848911002
893751051644874776957186518253
529726276388550095764182558691
817985579267259580228106391597
995458168805215226435316574778
672733782951763081158840244394
600723531026910138520007653661
362363606344417952798415582513
153639870657195889278681168924
737458423755314226932718223529
604281400385988528329520807072
921679649314616948835701737062
574924646400507144043745757836
733143646055775068881124571143
623460007125211556325082242535
978642673402609301613381156773
663122531588065613956842043774
450853508270914711416247348798
717164651216462162677218444547
997683530553513826469405635761
682185786119085124282428470525
990144653635474792452698840182
460859540187839466385170340449
973703623274807728204179201922
280339226985572215087828457456
782365938970500734911486538806
973314116752207611195971799688
994506656584407185381804613991
572170855406092843683171870986
171684132036355493008116395652
691939837297337623741892809167
209998874842226641690416638802
25420385932872695584300314277
603081917869785648288870613158
68444654906670918079024704563
84931335774025666687684128876
115983755175690801275803337636
716254501157842778685908950462
819367768201954436837118123833
986963450948628507942581488859
839435634156622672647141028480
791840385155274482205992249422
344197063710751660338732383208
522295818222132546517481691456
77098103555889801716030427108
827884855095452872006153663255
569085194548372223980716422653
971136471883050805126274644285
442054618822350349642259009430
524553946620971258878074213093
143564982895434274920276535352
675310927641043154878615661090
38303404099759704544323469430
655684790714941804632344442740
735956572653330006500480401218
100755643176017534829924228149
719029797031439115929985481523
54436478518006906267993341953
478938029796375314559356468484
621454203025011483726931619576
547959057194055710245500863364
63941547148479599172737019261
653827133241812158062350310177
882604961973964752029737377986
893347626673658638806324139760
348552239500762598148866114189
852353665645015363492701204190
145369427947837458516564757014
84794021259959394973775990121
747556539730314093963860717842
492850762534874878638174870717
189963741620520725828633213945
937020141745871909672387635350
453697500348381303506487308511
154357927725529769892992934876
80125265285513209713655629795
533692615619832894431528719172
811696069500579384677902117659
733207094508363177932955919794
96231871395812849888941532936
941652721979255082209332096312
450281399567840744344482952796
346521255327864454755547397356
673097888036252985900112820875
200873328541082851625347144224
469841571196095544339593276240
29794106808937080247654855684
222620542288266582838274478974
421588731832897514381609629741
460864619417030464088530513777
872917326274728048264361517142
10866373697006553234544183131
390414811324548428585187633518
837862184611312758597791508561
391494663012128027982181403062
529401737707985821285726590183
359010035779943752946338149305
390406498903506921046714156751
570134250355993659859258126347
221198499261716944464986779109
887684210653378782185702978926
102487626277832224525979509887
843603442318388996119051017958
124671222093511338395813548569
104950627872869772523974764368
865198954390488449956685332057
176357696719021615671421090619
284153370649769433072938784506
544306638001964803719876296866
236046059231913957544386817598
92294913017505589017902066455
783339777510190770343656627523
281468647061319564870612789017
556984955378556888600713278819
127875106042544466015758818484
730958198601594104673155093754
626731549256869654424559119975
371688048806889581337708547944
626005222485543662848046259571
303101174244839912902756129579
248107662634664694980599629837
425396709631340243840868704610
660527032212484204966911073253
953183609625674980043989979068
42877654964390844461075163578
36350642422602201841589697519
98910030699820362034740813446
40908165077216979402218681614
447871603201556604606979194067
635252514630690448180959157389
147142603251533075302963753055
910766120417450482739635398081
212145600692477452053913185313
213248318802488758961707000567
695103049752984811182766759094
251432184382150362650356198953
872386633093769026268085496755
229954273197738604779717308764
830022872845418397916648838262
46585552510920100352688710171
591998716877216493107524512903
684911350008348132422864075727
886015636900436675779905155900
140593326753984187722834044777
145377633786317343735960791205
258239641666249324929815338841
665153079883646902365437544015
953084595752364472986313239442
33936466392830223377408612952
554025860769795296445408702911
902700366089398820378235990229
3909002966424729768182344839
266246478337104336985762235585
587251970025802232434691741925
932744535951947247846226615035
68646679796545115955234786285
255891251251724078641287961175
494575914530801158475670278275
972610263078910212650979168348
429767468829438657299111834777
740555535057033622813288477972
617427657527296023264055794634
561055097856086255379271041486
984003682250409367196449541273
287087225726470546327341241761
901922307609082747268168446500
61965489410701012600685250624
858001012113672013443857222840
748443157244985482646573875629
217776728680874999988328781873
301399142706335989492783282886
547381414966658563805232241382
271340785585261225820656393292
903813004879882204214654059613
191136656923905046753203399691
992750805860667365072083437046
725544455512077630955475486616
349898791748076653541027641696
523036011874417024960898792015
741400001138878694185038390467
638244119564619741618277304623
414048515486259949133093748011
340285105689285543106000008487
516390633378093106613421994521
956731585652669536375453183673
365977116452777206298916820831
470692267344942818944755560126
697162914365919544028117855227
508972927292996129374767093245
69931780321274030796280697051
112126243513605038864260400650
627370136973076017594579518087
871453593109585844457833170266
225328844661543963335177035701
974513545826753959132132745277
605169703044058977638395802588
588053200036019813400305453378
187287193073132780125499391882
777681899143161657219898678291
86052479606178416095994605156
108534494293694916404153334340
812908285021118770437056783250
248851867839214934803706966086
542188998358435546365270456281
510794169090851269872865589296
194625785757939780627655520751
721938567706411435866307526112
191155546235580747251642231124
775203189968324127940499071235
85086377394192579461937088415
877038079923160944554216704318
668260684617636125893593251232
809513054001306745500455542623
93592584171166081649899776334
508307674023615070617513167713
73188384887739341957171152458
621071119730978761552837426897
674518332726400681769168730512
178056714676992162394534158436
108206752223450716386312988895
699055608630957262541501036404
597212667011904699577938043782
200690521783559512753495812339
670129634187050733696792199239
344573934417921257466484750854
447875893690746991208587763872
686831095414871241051347143851
549063910517274337000523444568
787265274561611597149521070790
108358254967934447799932309268
75144133539461114739703938332
738350249319727738370189549715
914634177434627574821467532397
653717614046087581445078984201
810410401922615699768647017029
576331524810596300735058832680
995958814414333456145641534168
576882396371155352149754418565
259674987573902972558540668708
486024680846772167510634982738
420584093548133036454207346109
275648951480764458124684298965
558036389507350517824051038948
118436327495898423784161696248
766072732140344787185816625632
262916714043288425629933169374
795960142744511413870792628233
835042971818307584307273483565
617242908443164288866013911561
449758943692101210676149666956
174774434715852636448866961924
513075667550672294393133506148
211029350458467495528989742235
426441952271930841491879946360
953220258317980455622938094211
760968893189978512774632732664
156119898145256647757513624660
680697295565182203924590392052
927256229075412086617049124978
519830776072333876673385211500
190344628059618070598299119000
110667038827229057417996917998
644086772422183658148361509304
390554253573696158178561573697
577649702776044058852242307860
57517556226000984541170052544
189427283938051903981615879503
212965475217074405287216218380
488671134429874101579241462282
38341596518911628944576423118
390418653642255565319492504897
358399634766004059820480313435
963533792986632152214502026475
237108327433719066762955004600
279724898042681524462721627143
461744903310070395114732754389
747270842730386603858807015564
895224336818109398368470067978
709306870154346150911522520137
830543978355536562557614446570
609141539122888670077711367094
501715407813980498542566933280
889188791634860588351931447499
638333770778314562681581050668
57928295925807907398261597059
314524708263423543938805102693
90849008357592719012523334665
207780578340288715569501005450
621521462464209905374452514812
212493264037503843711894221163
934149157996824391861688504465
521420746451773286351043612546
200175637339291227003985131818
372865226190490603288369381917
902750675752466709389711766164
466481669061580922536441368424
801273734829327991070514431358
29969356846603649196616112200
498057398258760795263742745902
180070547920461728714049200894
262263024169529191411210144003
457064283407413960495645547600
382200771942400256607473609753
659169911041318098042436913659
940099319635382416364430396774
338271217198549198823791540000
220360168897625614548444982933
522814851699627041519963167575
497636236739100353446684326975
194728019833630270256191232394
228535373811041670356078783791
588812610778567550436171962664
540317977823775632447323806135
309984265515443307413824671206
753367380515154628219949449924
406168831684172052294544420022
903735518142423900743229049061
702855481332984192517186217277
778293096307420652970768339749
202890106940753885232834121115
63595390197694302092341232694
502966347454707204165736163091
840895403109389008865483988121
364726304383634904308997320243
695845810282121199918830968491
562447135414244899595700590146
981533240148270651235782904305
357157408263318129980648246306
706244465751996134661307290889
911037727923913951641162747488
817760121552737440979462954862
352787799218382627279573174418
54375485056914042888462124502
52127644026438638214680342771
800894811593399060240300382085
243973085228688455807648973709
180675826834393657159582436136
591861721774436719618054955019
348527093755476641283954841955
109491616385022231709972114674
234287780510852416877171108253
218198809617541245967569234859
596709085439592627068433204999
748424192855106664815411523799
595319016979518444986254959747
401669276783961733118110190959
999541718105972207995048177111
638990100491951975583207662533
885622065189968068142638401779
622835049587225685439510403191
832398421180966764976153242566
32070342932466004564974137247
506869575573564100396899024574
911774315406845183614663486185
352394125263318599318423676045
910145860918105350834866147377
377812333984417401909919334695
778130401733718079575102995020
846150341597853104835092891912
629950850666718784167121846831
84278875141465978516847919784
195105044543843444859217768538
238320707085974635394714809529
929157574402067281537487471180
715863449294046287548079014299
985867368128680752927784793402
112457851620230177387932072687
213537008585225713431290738255
71725629769340357775550275196
227277531476010651927867548624
404548659669812435801682158936
879191893211240644080789256146
997865971135196063804392382879
217615813408816130714036646832
72719548550412149177440664064
684664203587285161205014282027
67745532234319748448141262554
484310454357955730083939146724
583949699906017395743053266227
455038605701313836909973919474
961921005980757189880737517809
538217014517512727769939340966
722413086098225118846012006509
111782148234715789347139557851
936752914209008182994636516544
968241064451747694837290901282
402771869451827697846059760500
924930039663930024209664655775
125738476867589378552714390913
742358014948080547186335619852
385604407511346410783621959219
223142085432090957429205533767
954368942820277220481817384726
132245819853074199077114250756
878255475179521266670033984697
558031378898813592892921776085
27549832029823499275570216781
755639093332475129656721448915
57092891915160772401352657726
216739467066050686258376693505
87545528508493528037073036922
326948418372306087085662264068
465234550538638982625349501682
333786853028385745445720008908
310708282752037640107204801199
454453451237552817734661455415
880945365686575153417765224945
777827990185838044207612434478
84732409595853374436188323385
902727268599716537045716383662
400166754366381164696527058900
784809986589140046521534565689
542572136875326652999147809425
542828199685294205920528745891
826568325432552623220551708742
445599798049569284710144204726
257862180510191949006631943654
377611423141862952878002440768
980897370465346790275784233469
894260323791979405981457870098
147896048223195759747716894399
424475183065421969649942612049
102419600929593574476168616107
685369025365873082365211215634
563393155920517329134419228978
929858705505412815843494005672
485652771074940047193447157560
146815363885762569708339935138
255184475408288354268278518113
350985659060986690130337243454
930021688378667215653797988759
288559696908035911684619655125
516632664588042992793629436051
371065184910324329429258465761
705819792720780742064412560277
297836691155912598178566601943
858722476048826033967180567030
945885401095837312154492249384
997563185990611408036136054262
688305963412117778912539444765
256013932833428462984211192088
322815167137240699596971675398
378225145397527928930729127257
164832434476683257441308868716
131935322729056257247889507223
310254978245237596311089327023
915081267794636493802052313662
287743159322180756886513636469
129922117560641696342217746600
668101720536629904352889122667
570839519332873888438805783960
790623160228958049748589342914
542120518675752694235055388792
873259047636781447360930052912
552099286254085282626367610848
341747547138818978570707597933
647150991616791285825230022348
325451529395273219677906159213
8430596682093474071847482874
343807711568727216837403870853
151931336385889507179386943410
893941683558972513974559817667
297602168745117189618609316270
881552896403034770358109120570
760516135031925459838543668138
257407122433292785042556900034
740638375849793422281916302737
194611678537309474480037137881
305091163859796257177822549622
221309696157484783541070454957
261808330882407344954358659487
380708724771078949672093991305
346274528761673867636478791923
383135056410314586353882196162
568071338576320148484212393818
356382146973810945375307034259
180485705176673873135496156871
880098078601188200616153316208
528989627326175561951492866673
441529010760501677794143128622
915335560064760557862437677016
709761098093433277260486047335
20270440984824869893730289438
542164939184558631351464236572
750947156448070423350483603547
698971854633820564287210461199
706101848173504646645050582945
326802760357196769991233340290
776239194603122471186663201231
688722939881846498977998148118
996033207319883628152331966239
782649090578039102301486645606
493480959602285237682351647495
733157437213318462032594746789
162018815439536413078413312233
452433023601770671587558661889
423277964256202922240049683902
781252715400807630168731729602
541488774288419034137916151919
949862950920024905188324983547
184655769418063720054807873471
153268151595532071459947330602
869240351478725308820850853799
339104357298510175173362459127
398136924104763079155284628519
754646766708106207867430344336
702893595743486185695811286838
979014442709817290643318713176
604366352514541033117239737432
394215806996971615117445263703
567016475474046434560711064078
883954467454487746186582761801
788138433333216849974377192249
678375797462089246955609818516
264990051349388374466978403000
737253165440829485771438307334
427877830102737417495245340216
246603448834251592377062734806
530397594840622845998509849178
841958429644689872532365923690
714829404216388818803334169820
247951092300099079021134339812
501728313415361552421170345858
700316987847493825972279083717
212274978038699849274207993636
713799298495956583498707334486
877088377535825153575724659396
515457822209196778849451873828
604497712156615169366542566287
798996726474834242792188287861
227209572055196630647122729302
499290615191434950818988602588
356657851340932468742251239447
300578115216710462046874359571
268770597046660019166749916091
439248457472973860490084834425
910168077033225223908503497751
178079371556034380991566632808
463281604221603167294520761639
672520209490998269807724167089
239707084159096801804177835493
535049537106096377001565342947
350777955454584670400159734807
872209881050166544010287051985
762820213609598832331302089129
137749563058743839399710563748
31931760337500493887391319528
65642774084779997017290727182
335805998274631148685171728957
180657986996895508261048663684
337039402824179643992071126123
733399480582663953206323519012
14361850633052147283716989244
15430345609294272176628072211
761621002106208305875466884157
355939131054223253888972683929
62911583635512943152083368738
15806749451919751527611550364
518857517607461995943342440422
337253660446867063919305543503
604487737284939042289563831509
909698946769690460203203312861
580826782560095258930981592837
226113117372602101586153118492
60567747774051818454431771274
250658407108530959328451512608
427239236974108127272920884109
244595933186345245790623843879
329230042367003020345020150256
309676675904569515349692502495
516469104575930190486755495859
711764052134131124291102851831
870292896179584800632321643747
912154330890875629957066395624
445934754352016633277518373816
333536739858440098833792788134
239435677560106777124149093954
382299672402810019497076480069
754832473020911526272191911924
198533096428861030575523335858
519857027228867784284094794543
258706883134823844597314041802
153657779627115212516760092380
765735147922887650294200901545
703736315554781692801811451703
158019560755784165398401695758
940176461741443433429179524545
653607186330775350116972639262
424778661151470982880847280902
514580359031639164481254833172
564308127357912631263634131065
51413079651773708841734787342
337245383302902079264784594622
220785485874603858007487981923
510460397597223077043179986570
861247436747800050854741959087
725431167235889823114742289796
195452171883195770261863756446
316686266718660228745076131425
544042905720317713851528365337
466899114081583856028318183312
55424685254690561197745047612
425778547499614875539353082903
79019030784575424185413639590
612468703227103885226558949545
401511458655427895188124499750
80876189203641284015624238190
314412129359479026567376735946
580363619604633504953675501046
29177788963027355605990596038
69250923971148560213455417692
347026864891007929970076870320
767128036089275868958043249873
50916864623623005277398337867
179479130297951477992769084790
111634142426518848275705399611
354358032051769872385253865141
874301586462861939195128638653
79655382757800234549128158826
415503538792586965580858725041
173852807364268466110705733878
354420899211205503105520982715
231340560766378009111843920085
817416309751592763357991895954
800512303119130622094537767911
683509549846529927718386566880
931554318399089692220277722645
287395222116177879368640697811
851605608333080498261349959114
133666529375598965383137680234
960846116584082869525846340027
996381255594304782213567532670
486956038509670978813545180673
707151636919176804483962585840
757016893265748022332177802621
905093660504344826264938356629
978392943716809393652690873683
90524671368083314741683946743
988342356400218540463664111964
857745944270078537014610173765
26669881826648142318441599831
411132757245850904270264164312
705284610425308106838900278577
167343757686813139240505524099
780339665937735758539494912129
113948370451177750953150661104
506216573809438630540203982425
21594474039719046902121886129
349459886141236944698749306989
251998998169183078063248059576
443584182472001756529438509372
604942153997764201621774588432
624987946043125243962588380722
760108039851250767290651921461
405607869501165222582217216279
135151503462017025139370982939
694070510986959994520771151770
395523703058473910163391069739
558597355445760933474509509892
945411335778064574075416940991
869865836031376389173584180354
734113388306969240392071032142
655483965224878551267869159951
945936982289762923940180311132
569038458093144348137888023310
190835747851257185487118824211
743367462315080051863924674416
807734166672739005287068791545
894442765717684873746662320182
895918665594662900181124663187
938184252332856986770933815260
768381758938833153258502068134
978392705170136080441524360504
743261391606536853319008316770
195752870822888157933333702818
363426231220539102251635528978
249856225683721978502333193803
439936678252020543950297946922
952901751694511841766035467393
357434531730837801822148893748
201013523505694388553793667865
185877948505283886234825427848
400140877533676095638272628121
807847553258495756911877426694
156000834973839995800167187093
215872502972908015894358739799
487295039089978135629001259725
4208079757750849633424509685
311672449926345096920322744858
432042275791721148790591514625
801722253608686620381180422824
863455749101994332678380942022
454718434690317782535684529112
546659899861258774102056755319
843116662793448686124282188460
319112050856450973268287563001
899521416590440228564734919539
756314267477790025442610769208
774462157378814140205521494747
144073344462728434280002672297
415617526190061152735356115391
734912631126753341699842814531
828104888822279424343012210911
157635390137757141004571102010
734549320543787493529196352283
115816397439109460430476285684
735864233751226450142955784065
675130077710858504098694104951
460141710446715989474204716982
238573940464976016499703816474
712386209463221559799844269764
590304291505760607196208857761
902521540063923265733185354626
908047549812401282114043180731
25008193796539666285874748521
48644142980067921735503329824
225000553209663554366754895446
93641503908339197939622943714
286740037195659103225190545205
271945058930814303812055359393
374978796424608669131960575279
826877944430142777291549792926
574243629630712124273590486222
912910850478017388959931759476
651086821576348116824378733242
53959860264284318919211603123
616943017518039091152886965274
571393551773370169689009085625
196148990965341516030329159409
741826224377381441360714450603
806617893550310740782639533234
268881871988527692403921713108
750493673297075529078201286975
86291163864261769215282878366
952967699488145887766480610234
215184440151928589608283058877
865674159442239121710281586674
715190919199825891969591808578
853903522134364601183337880202
477218894111335950292957362815
677775411300274792269495840390
823910159731653798474569980758
205789584715504429071895408564
65319563480183061803074099627
879845543853118880362290101682
825211563130375561525580389562
194658184301135635105898872223
458423410582641291855785716338
23807891597120059992164196840
667416528194475585966872455387
260022576559192707768288460785
708178773795432995170896202689
354967948637280182125615239968
59805490126593205277684236178
192640416372173527600882688469
747632951942764106124201827949
704586164977977944936572991378
140594846343851104420889694895
781032950147415207566797089431
607003394183200275763719731438
904093953756545687293161935483
402029539406221289925262747615
136286680863910460337812060384
66682994181283086773172147292
883879368873482490019133484552
916565736944157879488593482806
261540629399119612782836071434
304638722709359159389784556552
236063777008645915135277015560
688390107288561568524425616951
976292358050285754389209469434
123397705756608606828449614395
176935118007771834169913847176
92375941877386928703459299887
80917290419664717184292226706
40738818570745058628856021540
355429033764023956716021988563
145217145739887751804344202958
89579066610262099926697560707
407955309682972694765323209744
61244736895770675263017179966
651670173092822965486612715186
36619613307091970032740232189
321468240938179750237602668572
453377001946061170568968777302
28545835252414840144363661199
58774052018723527516162957180
469663723305024454076999245590
885635067615213215391713630522
892546651624739170474472276615
573582237571418466730986250305
189368986490631728323401880101
573472848038008827310031915096
567403010476511266974105963521
170692408583879513010336198557
390146878217272915326668395375
507872611663399207939395676004
922709859298826277059339117724
864404558719717247048420662034
675579741036299613457474013331
391375231522212531629200413377
341943038675126775610357427300
678302928137192559349084172285
635600802118658844069481830886
605693193232403589283951266545
342466267512596543653707998111
375604034620579160317222624024
612575298780881412012456605628
804389041689448992966148054363
186286694265064705758935520879
733100111566717188656385870586
998125826165063964442228798188
781406716566942975125040538086
612150581848696635156347509575
976279296090287971999514075318
155094701581139901261708110838
429449202050721627758049693903
113391560040791129080058948634
958104165847826913450988767275
433366517899226334502111507599
304010017180811385816205357300
3676646027318252820506605566
59735608860749082006005570888
408593695083532151128405939766
155319006987970866522905549769
576755124671083559724716646523
819141288241460772311784741882
402450666276504970366486344875
405924989702689597140533305897
924790340580551027022167864475
553115923958057983304069972249
312555276591658856116209998706
757321996014079173434915104815
320615531037784755423184194843
180300693189825953768703464218
395549326793570041322079952454
426236345214445491863823314040
253859317170380470945011659684
723863722736751966484777171667
172387074432548537123155630908
49169264323911739485162325438
290876314337571575497203556570
33370918867485127501776000472
495446897431470770110545003699
656765766918364397570985780686
95648059404684336924616368496
338976811944918114753730083258
760530691256284961494734230673
217870789471249534185270719295
139688842557736544220809087671
220891369255426100795258666806
959993792382398012708613699987
838688362056486432109000620552
354347681220922704371530575905
553225781695852903067331613579
258137146626559470007605849256
39972572553292888465014689623
816810501606204771141573910995
967874235541553762574667821006
925054710694546116149904584692
945104724215227760244217117808
174182432630000187507475981531
525345118855132966950883062382
938438546008193403014079672389
577510199361179609902170105635
779911453969828401819999314776
994494804993866292500010416454
121239052552176159563401109063
26867694390763095771722516999
660957344326532213760957054635
912797405540028057303483033781
741381101804387439189064121480
118472293041341666822523446497
302349920733282547536031210166
673902904377425209633179675910
253400283767498401598443274364
887039623822522173931256425324
462352752924689097260452100932
187962479767861813991354201153
273541527396700165081989123533
945235843022346819492327245640
592413186537381575001819051330
219316954723020745336139029838
903215844084661101712572606595
717529418778685278137149896697
839001883334519268521278402250
149534844688128088009047661323
359368001358085223309153653317
167639645788619908236549061273
868756021763737888816903455053
356790231145119522280713130587
581864688648157132451461029267
236123567391528251165706533293
298857619845723751325549865945
647527744570961968100454166439
449957156427474723445369609527
495167432730760625982057506557
528812556960091897372542170440
954630982941561001007531897215
922833444963280864412669162297
890468924518794625858220409296
644692628743209331657333416017
747991538012675059361053293558
645352309899410303698191246458
549142153068777220853784656594
430904922139591076743022295138
721639596921784931919861046769
948458491197748848227739313725
106817605583523085011261176304
994647885055078236097061026721
521829885377513523000669055681
153694510626126764600670947634
11197325727310419189823421027
482970668818262670568682914748
577051053399694871940423942304
118967431747832587123678201215
837845294602971325400393171731
4488743650872937744735629556
724878686444937894613949999047
836953864267817506001822615311
864232149511715355455302618029
377467431694320453470936280935
674130009690896813009988692441
217453755042025923126761816705
72779649428733858039740782023
230754316992803053826844334759
742315225248834336747890832976
631411224398496372680003611202
848233124398533310371850343467
100779399809986802233339199437
934703617315323515721343756883
967434111236084695118837940166
84380824813990039564591009041
691024961482507583798280418888
709081022706738576389619658847
425538056200420244683418107107
588196332166391321844507552026
647444072476397443242950936279
385531824090076245507801548775
165843757325210007912152166228
121982089907463682655159887934
871763076941594258930089965548
330793885267768314125570383433
522062091153589498921506819712
348609851299614358448924377710
309093640819696981229242217499
283137990769352441837340311284
603233018424556205518450788807
391977525319062879924212682094
928346256203787918513263031615
393744091996673236617205376707
114887597057793524340036277492
222176559667111862995768667653
442100318371164969131862064002
751556466343770560937622929995
156371814875969580688135647587
92567571311443699954138540892
335024463150520183956932677692
956924785784509550861513717133
223745090950964426492275168908
908516752211938781401418393876
748601667215756740921289943523
992969948529013064297231268380
752297308532586602607145811268
257946622858813960254269522710
34027888565570233415003551198
239363316286890574869341544091
484606668807613191572338578411
861819276849390738389649866120
205009523677786640028028048605
441228501084875381035188854304
499833613936906081020317502662
845705764478932321664919137755
613146652118655768503712353865
373524812838212864230840444563
326821900490507763957920389086
823356382622723664736502639114
728204099185885568432327383747
887984931840117350574067562222
272972604945252314210253812620
844077897925387370820111830823
754908704722759464856226455023
38880330153659478542879339564
968171303983667200281136845155
686482134917381020426440694996
280629389942103312525225552779
568184983004458991786075812939
498701448091498079087680170957
8983339734173674363122794505
169807157137950210245216872823
88562216471950871795441448613
32457045043185948723575346964
276831291460404505851845305676
935121569397790991257910275352
634366895628844776158718328142
465441279120082838668076969879
487588689647128658095197283947
135463671144414026856525830851
974625344889664025052760482951
945501335758232948327191597254
979202850695911996131515667277
980460418111527736925269108878
247330381724409469030187166972
392190054353270262058549708756
39687558749665935595095534377
608253063136137481596183967876
31895915356145271076156756145
2798484542543213332212133396
541032841382340157145999160794
900163044703736609119000671663
826726596725904588371595404938
657657399504502794260037950358
610042900316945945656252752701
478244486136864351749191859634
485365132636076954677749907432
24654756375909436266179138622
165559614088531893908958029304
734655256795891419278284888082
166396270527060210486088704408
478248685097044964196864409781
924933972638492169345606653576
685505538130839757828463222902
110230502414023901706846420637
750605739952486331675449146362
998338164974105589595161503695
614935935208742001914823884840
73613454742285805797672448744
298850273919442639689775280801
664886326676643803957660245535
902601742163063906205692345856
74890879202570087676535073526
936969382619090948079779379873
369402462081254632600788425325
411736569439882050345319599794
682459701374921964535850605524
361868011258550466623264431080
786945647446750823365368520389
674163811142641103578954843220
269832956283149462242275729862
66712716543081106804967143211
175859579327073622508690035708
849000380539956916169325297658
44026012487639905176384593217
323687748912711515210099764801
579454292554701742931601194776
8052460865268917339460256597
782961536925569406615540694054
505918606074508434064781556940
184070761235322001408361078747
918482071197247429495762936956
786221568239519333661098275234
979528942497738718330295532179
612750298124393879444304063751
336331496621822564669614231258
998239778304242077365286789416
889756801180349719088344332505
104534661600772931669763839552
37118022521114569811378196205
544119876935092121364285552479
160598297798265678098794233999
125012176694510330435906378257
742501750386991628096534348169
475548789720509985645331198476
131564091132326870189560879078
765680744185537769243536889987
543904824426165087486863475663
295765104422656704390198643907
177510618297179143907458558645
347133336723132385405226167035
741179751310736594785105740151
895975254117556493091142258131
277546709903761140084458430680
953658769951162145591862935109
813021676219165375215323799358
293675880691562291861148382676
829239583771926177809789819865
249466954899642326220007558516
771763019304657078544736090222
223900706619920220330697238898
864647877097691767674635066609
581498537464641042450869094319
921093118280425724472542944023
22463949857077226942477464969
455143125837471734539604646020
321673568092125683762755137121
797701134982782185123870593451
61333902317654040297495096320
928796577656891152890448553639
562693238221782499706321474431
839142650011624719001261980261
679747585412084681343914199352
943676574143317783669605101185
757790581977755989095674571504
446834570926112167207290108755
276743834320794036798563865780
412727748193198485765323584391
403821099557115719983438909194
481523172736293585137629384839
250346671786058996905674291643
628032995090002662397339842202
204972051475759515955321723561
201672041963515272940638830117
956032204839547915722575321855
756123598599047387393166315338
870907628573840132779947581547
409854420799575184230934347628
104339967311136534604705157394
29843126856605144282703961224
524979917495652179723205994113
54408367211782706255978292877
871619302588935433278271997011
393095518524389763709955043751
838736644215827305949318879878
528415236988949622560700835782
999182459354377442324612639459
942818166979385635373479318175
719552530347427764265174626824
133029689250598238638859871772
218648401002696131602376571657
914731102268648717662672629749
27525832350952803072010359231
315894797602964425742979295611
147988972144021306454390836113
466335593277027034792598701792
752727280373043468962562520315
390737220935966381943804283344
34595766218396223651175787181
817330653414660906752066822497
62357648422352684625859634125
729060440938869650232063559159
594359239401108111283471515052
127548832798595506516356212819
694484449296281222129112087029
701033706163582213978947576282
438627710233277610533682643499
320850400207390272621521167247
458514013356311879521498972347
58714511082905317111303951230
847851395672004844817071662332
274087444971287942092238092983
226628594973280565558716841838
161467637619122501110904179275
779840648782582196190311674828
639896138616591106138117748193
992307033158653981578830599549
197919965352531285051204979835
724656748261029730044515227878
963099514097106021243941882169
320158696104629909598091284726
175402029280531401307865779976
799157576310949674510711163183
445605235408711918714892979228
154206428964113260533302089856
632457426458704896212778743819
740965818579960976614312909825
116893076378194082006381519612
573738110155349815176875419854
505429164778899725448431814239
931628775514906465740673419722
877451597750857356308107232536
944947112460254235697643422070
111017433486964804808655900505
64117172768950679645894758091
998677134858339427162275347500
388271382807965386734673204434
508673745081694912379612890946
336890399723166996639588113258
341247688908663272884145958561
423512304853717802567170595173
294140424658819955317190412065
248584658562222133038010567120
612682233291044699933264417888
325877488414598021773862585878
486960904592830058560795101852
798002193083264779540997569001
541204275897187943919865774741
111886456207474155295942825358
107835895377730302361356867541
674815197226048380794886922066
456393857706409810019304930278
155162928327400732641779645741
491769833872463584135200675218
647045659331989932534288252257
676464886336147182955297582875
706555226863401528201425536119
902680329135194687916317443093
95641772664101537175232862745
273964984144587171961236364315
180483834393932675393419136806
735668743525767023787362732844
755978937062137267935439000101
443641467387421969752117989367
420031681752910162718107885535
695173497749308298074148940620
993656531279643692163059213443
417743714447426432812412066337
771416227957584565060714343463
5529336965354359048238448713
227156441157816631972349457093
586913254257453984529277163411
435969744318365913422014178803
982058385490738777033992636988
114592254149655086855420760384
24820962443940449041653977105
543322867100564501631173852545
728785358792687292513672609030
362518366985236558644418286375
365058978011338280619893478992
606109454719979699268962929025
395579390560012974043956714761
722890309653435931924864391462
600535719125062326789975274311
527218025709967780294274506415
94946996605438773851291955391
906078004335264142052214727759
395914749937727571750879874565
558162857142723002057363956058
836211187039517506058501819321
230102723957489507539142383003
924502474910597615677951314167
171401537415268627643408014123
574468279892346825596753301771
811249452022059666151148412497
551193022919159132526191172530
370866854057021516198091839749
741830101971692691803321745284
946833276922548999633900936000
762058276281778269794013579529
251782011115252655049870196874
774069717529374616973988917892
867108093752570029371452807061
708596454295671291935711023950
784911172196453002311693857111
528377569452886020313931699328
473717961513715050622637668839
420251569556492124107570950567
187008602080023696981524337873
246125842860411897255197252180
441125597996687798494793318861
502051464168351283744762554272
767361213278547960412624442471
146906181118892471336023042051
188536781986432010171041974271
307972500396707807331151286358
690439440990509179691010160536
492607075699230379927137239290
798171007195008423379133695194
7505403975270187295594918086
584059736961053359516192639848
339906449774066104504031142183
554512233866285560978917749073
751993591622191971259050418103
157217560157000871025181102162
490491024005950244788177248308
161102395806138152372188194840
990702609210534440111391549988
247596522566051747800229400838
233483825432063773571022747261
866631367413283999613956819075
532287517033438714638254795590
883584345890156577858183377535
822793644708852304997185422504
227645482995469868808541057767
679009224827120813158023050169
371468268119884194441733580931
282383335589011162223839996038
411624082574552375901468517776
253787431281478969758914551961
982999269142583858655792710014
751065409287557565731643305574
595319414521611255475747467629
513061672557732206858034255688
824788256346482956420973758941
129801379011882501540798766660
73187359498749571780935129462
931736129702297058984188137367
117354191001373812937268573353
895035035395198114462353030439
590331159677577602275788595088
229860700431384729516001796086
74905900408175526128374394728
812816095247823002817847479752
815330662382677704164490312132
734269686456329865672515662148
963514448883767421635418043930
863298660266240231353296115201
345961839496828576446926747599
300686319079603090415711527582
999042744175302597010488197166
688830609518698298679773856553
585058031181122356119030235504
540076233386037750742704375997
873783876271677045146725260905
681536995025739418005752317951
422492709927857523608987162300
847639194386989241834516151530
127325573153353752652488599311
779890932475129243058492910292
813017882645665110771426715757
49078483751121858760226999311
698195843982778256118953388855
161248551076231298482591043328
488031619448177860547217520191
903082438574525407541517028528
481732465782712157240513423072
930610254246460710137042464043
91834971949285211618984892440
341299947091496341843817105772
121733315998441523070045890932
649943443926142375528308065763
305388227248066433853454344033
875664669255675692946187637102
920476786604115981966830881298
846279557876250383430774165876
162889026300129046770659087823
73169496171984354910981457594
792159634225770729282700820102
880324352250466639071197372447
803529404935676095799408886146
583157012608358606772783590173
983302097025520003529815806106
883146107667056117999539792471
515591473644761613599639146086
267246907085729918978941113983
695251684267000420282572543514
929510706003183180562537677501
553542309492554688177449058515
101959086098475545813204866155
74479213794715381382089568643
263582642258330188144095934531
179512005140074823895658366101
136082886269038164113647469333
643621165346824158578431315643
534365134381045321319420086335
83118916254968591144724440822
892393951705037502488591369553
180373927482127818695350099052
851688349943349449306160077205
402675233197168928064701493896
832971304022720299460642654636
388246310944704799800067177692
437501599421726695113763033179
433691459558625252795413677352
74932130638815487226240285149
619670574165492547324087783988
446744439512846513706895351926
376550705109938689492031006003
819476652625409182581119284904
640830883008453033227882025041
450515010588872716772049128903
57515933893332682175279209668
39443495085125790655595721870
392593691584932169255333341349
264769232164377195401450326499
392684030375461410734577857111
251877718288296231116587709927
974120231738144806429887660028
933068296047306181219587923606
380106694622070073501257739144
344220745064972056665738977408
266990142754001563704375761264
503016283497197811458920625300
491343391145852147648896478936
311556826232854462665213961024
603449052734587352823915164989
308890842142426147139212837071
9859347503250798362704823527
578580052104145673642462713127
908895255078003218981844878547
411797580133765839450687464883
770550546878670949047858035053
422651979630911347656855091782
747132914159377064184368878792
334618656645141273018557969338
73985022363473150604145817061
61401253073591327446344181277
479406080261124994174993325086
503339065820472305328674285882
17048896035735221184506068656
556019905222512947382945454756
617036055969853096050380934585
796895908206537053639009808514
166775291335526182500455785591
852751158926272942955350941259
409691267205676396219474940437
835167209343180205175659083388
312511470199022337973387501228
225137012763086582983217866724
146641871446361441838297430231
528104964836656272462440988249
307633252019652119285671918832
186525415016317309117123183727
746142643234941819155350300493
572954020955592572166879393951
741548244371773043827323218928
781211765235065931424579089929
667602702882930586565883171873
886785426239788441436895854526
145501589457255716902416215270
91907560303209491496940181796
688752717065953620376567233486
959247963872481391401012880394
184120454049984406924281749768
595139969233370629093039111247
482182726969338318118060862568
542175127712625679550366272553
943247314217551767920263531429
560945779213470146205593148416
659000091819396892053910562362
135062550753280079016930535909
779994695615099586866822782617
572899865694863140572019152554
755267935838592639668458547297
433594533820240260808723282093
75967209561676914440329931929
576351048727753306499714551182
771480285919506934169627144548
750853064134623475824386243750
894485527397602796994843907523
561139648746427372678196008686
860970934447444557018605072710
145277452780540786812881525681
988233628517318765726419637455
523777967876503022248200750590
282096966746509025374487272568
739214058327963462443226968966
520124159571792295036779339655
778213892373286314338627873821
871934175234301628349844070244
756973638666808384083484252356
113264943190397160227990122171
953826570992328299884932970304
492881363292447988739220535097
783007610571128490758651985372
75969065784081088601239821289
972094178156919098252245308233
876250152325240274808970793387
840348206466162675261286255900
727148983607986508101419208304
833434061810591834804745256897
132124687569207283166890157794
232737824965453276131709086933
951695048391904237092582093101
664460579727542599096272827304
314777246370269548233669676230
420298319933893339070836823667
745893218611590069557725174546
926008223845179812335564751270
149863894110174827554764391718
138385960688984120552098472323
566651218405379889893211715906
6922479433018300717912014508
169392696333071150253752044324
441203011203615038120696994265
287741070996620340267654313623
766868922884715299239234106708
9142541491616458000115336450
468030434596434488559138951373
144766033549431862672506790328
294513958713805845697167394607
170700761369376337828353328118
947931087110612336890052372733
888187691690464499646708887116
992489416399308912217077200799
588326768543747369932547178908
686245934430019361528147987825
633754491266985235313689231718
401432311372055121647475244314
71857041808044713776000588569
937716315277292348138511933265
213431995051515393249626790829
713362975434269652900990121347
653854451772550129874105244956
889528900184413371057592913233
488897146179392286833812303590
549476866981925331599352856898
228672641483217224348429561946
265538931254918857984945169256
714797111332078195335386240482
343846349043269193036500686804
879283273409582683150630656772
828654492651915458063584891445
142381758417459446304832273283
322941895289488185993019990404
184826019158985805681010909658
794332818083945383562164455004
351777665875672029091105394814
655611364783913953184616170254
68479478259222850121822288130
191863419126333450136624849477
368404469477255853990087666219
90947980037379179927860622280
561907562324223084571634377212
578529814521205504514645026686
829797285436717647935513502266
220936142094333603312761090942
957373522680032683014081863189
306883586663569681097067213364
327408461194251681996910815224
438829345654114654897424561707
506385034601505510696285428170
863556120569452950101642091460
879106696909831744319572398978
99895624643812428168264862457
570825627289573240495212478270
320966437262841889866423030428
851241720664429835758310282215
32970032586104368323783258074
49286905508735711614256863446
568903964294816854250278512765
481754832430072222882293515428
351269017644171435798256425446
756315712467857404046446725162
459846927158041845680350819095
301254066753766498507927496575
623156547056711449043537566470
318348633469391292319003182022
181838465877898577798211932246
264049301783927107580424561322
714483778295430959716733628565
275051449498142181538390693214
126756997409525337223185373766
529994356177998016958521230956
611300692325497591504156122271
588325659106396782078930178935
84946693661307229225648044686
803173285395384253182778103847
461415848580646380426583262533
404266890100797810700918459421
200077939956249731473274165118
902448456695467348433607183436
302226877503404471817763047731
583437177893704955724060514453
558991016220254082549213184103
196946791200655305885709309046
207851392041564949790784799939
980416570528832183423470620661
964917025556450340683608462170
766696014475590209041978409206
609590581877320211071376157329
722421973762228256830961352679
769870781590955215574387294245
657462590317369949015950814641
645609976549956611350059858114
973336518406794520045073513641
806254952479538945729324319646
143091992787085876597499382074
608155101576870366550456618175
651909754725667157586513977074
994261336852086881216170859115
401223870231377856035375484659
276291574048355563331594322432
785389670725945499561646417198
544378381171003240559097889618
383871217777641898140588528036
913051714099546340144314925128
95803607476629560449356519279
510944993887595015880049220066
236782989899560238240109710795
172900096191058288945351288627
145243820339448116925248592196
62798086716624359955637020255
922222761958344160969659954811
394453437954025612035064600171
158321858738407598076123411922
120892438780026658572122543571
84008199316081720574936562184
835015047352703034128065074898
461836541468492958409167331247
912018897809398094526782149913
192200901889955201008548327473
560909086048332593645141544763
388871128133522300320713729860
761486592896657932082030499399
262212453009462009652260020164
59127349508907365104670729637
492711171470707872362935473616
973778198379231175940063379334
759580842482507833981405705057
879727425846059637838319307723
294057274397207408541222829123
75235258361510093156189414669
904004001986534734695244832348
336220240385758943075407950902
338691975395498306013484191340
825779433881656671067954204460
255703299148510018489147468018
247221858154786672176023179648
735927934968120939934709000779
30434485123814652295221054580
86016968044328167391140820521
916992817169550211295228992496
499828353422455987354992967127
546352254120155535844244542878
430454010891105421933887157614
218905388133056731987507569458
226097758663237792722599372525
138985828236217926694799999532
842643566668118568861491432043
627144278686040523315496627608
539835742660251357220466989216
805341185845897208273377571619
106681241259683859370730355335
311456481342912683723677750741
503821178539496969997405169573
204306242881664932067120762586
182174876346687727780295146702
147577913663606725168262114292
748537444855524360300441832024
58296060076610257317029194021
49026724814232857824236918963
819771272426292250124610559048
99317081369474516663364631335
285832077118220518687745921856
883645218843214544886428295220
456659221648122409144025735728
483815374276406063995196155633
886593039613334395300591696653
338841007621138567294854728177
958564213670273134788296782227
719494639754564356435272659508
161100337185106030254343440127
521091778451608598442070640195
185045359976019981244200979236
91211563940559155819039392634
660425918920480036382513516866
739217703640580098740549674212
292676139401791124159668027234
303045579214392604179505578221
286132470930356340306812034917
875691390366588729003503950123
779676720355583178155949820960
855752857758189810484543437635
981135959923035838237409765439
649014927892204732115308815302
941491356176765421999984142542
107724703493332087930285521420
548241967403973770528149933790
139188281669223681032615300990
650199525681980061680223360988
715791310915848024450021339414
81483234409084281618962556733
681407948296956061877933207254
306051679917495406494247778758
376729741765215918673384636677
723369246125396578291337976527
281472281175109515826986351756
6210632059985523161366136679
774384246087641325544260161391
461531836505410625888970285966
582872142570543491987813688765
624436428129878125286892766935
593612562882815420284251041547
310197205818611132058895699107
842218893782806497529814909673
721495216625504466574490916537
981044643679185749287632276516
304452306496856332728555481010
94761064145563944136324906008
879349501151578654499119258166
809034836949533107726197659071
833911848521299034537843823090
551163062519493470624707862715
153570216898786683805410694373
981265729814218114511662312052
483141077779359941962881860823
837365030614762334848896783451
698268706589691421143606122200
595418258524212509434880865225
42906282624477160136550856484
325282786610191920292070055646
981967581420955685179431811820
943268792233286543810781932992
649988010548704488046773149028
944879600448604941829674230325
988852321994904312399386420213
639364717733987972841324382637
947747838021757083331414388127
199560148613138349993146439772
772598812360671097064898471218
471698402807841485106827661989
810475395773967091806179500945
977070266113159096527111600831
294978558046039157139662581249
75769075660486687215117024199
816413309375659981703183745324
730503959455079430091148611413
71100492048278351220031371665
189605857898147615223078562958
126632843000671028209997072562
755743380232042684172075654567
905884886026191103690247570451
802366036754156006891224270822
870132000978126314421064051574
443673044530387071073332646239
708881630867090825113026462931
526708271057931675735138269899
4105267065149096895795058258
607199390612615160921556331864
357018286745399469341052983412
219875698982679052187345064014
632973275693258442277001156794
345338405575540268752986386786
508591673253161452036467903352
310219249747778418112219879511
517321715094204775445685277544
119311441180334261471465511710
584506199701580987341764785846
675105348623965889633428006711
16029671943603623152502452255
367439466079321453358457757296
479443873634322182949578056899
971352524365211008148887854793
64232139341079887124668815713
408707288704727923372510300168
868087012979991210082751074524
970982655355716126656184633310
339529838560179613937450177398
864844031341156592825709009010
12500103483108589307545196895
562984244879465627364703885583
692470852549012612166658811104
80736076361714671618738615286
793778773251042757872941553775
767201971784152182441858915364
575091505857085741254868420072
193065589730298126384609381065
271739939704093718110922448358
796118500491964636261026214306
588795194223324155962421824424
558351505910898305733120013623
620706926645573617738201551542
877732799887420542890235154658
376485524973956094752030016927
839697043002695075010196312123
358179481405382746247929747263
625097541720516096999235866164
665260194990921756039222130872
968335672327496975961448472760
148953801896564292163257321614
215366349962416498963963997083
110585547668812770689374448770
784445034241713372592792171407
365835577589857862032918786613
908826625373699500365348296220
728347689792729694964736422524
383287705592361610780772430305
665961209230079469714719591912
307798400591548996898780545622
536210203678664956977625897751
705623881117587921276471168706
970408090623699156432283015260
299900682842095773526665982722
511769876333193582114088448463
79221658878765684869449705464
344242850480141874346589684402
137833428803360393752202334769
639001405728638572590565022077
647528507925525583949439214140
427082659106563123395353608571
152775582957731018230019751298
872893492665198024899505835329
755234221631734999647267091116
643447033567789400848433217128
72504790781601509257304974034
594265098931051297805046328595
262088471468090189197944197634
399734232380243586254220931816
204983939766226441966985077228
746698101167971016054913871150
805352079470984062208717600845
323258600535275325937075307403
352238248257937072267939865660
579550476291365394299391330202
511276295917761696058805758163
147169495304379863203664203306
622316945924360940490399373374
797938364860103867891785515030
752436077658338650763977562088
455299804625652569781054533148
35420931757523840113593727463
181246073931452353806856742789
408950059551321035035525690971
613427348381315784979726200872
312433661335346280966167249305
310840111903967968547504910438
763940051449414177507521189216
95961786019449080043142178671
361548634256019799578435495407
66957942218252792124139890794
854605376517428971849621100238
765160387225564157601596438389
661512724984919968989361692267
903761039666417455244911019075
695157580095212037917258266288
931317872799539716312215453207
267997013506490971425685630714
422870175953896617415054564303
481801737111031551278667280697
742787838224490952019096558644
294278091328706515641775385355
565498453710530152317842962225
425363996362175971200916708020
370405180306999095957103736601
784762565247813724618761268663
31883772243728929748528526752
233320720950465243562081684635
584341803257450346731010016292
377094787127257313846905751036
663085072523981056067882175680
533023415406411813735105784276
952803307504296205848044235945
830673820600998703553104273385
493177825283695778576141884911
38984000608817838662119906705
474229617861833587977038818598
263241272895042213034329013909
172339737222253590256602396736
569687671181821271864895573027
118236797337880310016953912133
357101084713350221627408591040
126563443625663377437362714506
795246239297866908649460266988
617716493954113426437067986376
273059106801438483803598852087
132274596317930375457827490116
621540771711177685247257524735
658045753075691955885653065080
263890177935295027942628036654
94298581511215289532403816713
291989235829681723222814707513
785390985072877174856883602013
548742894381396967403129822084
361212239629005031176493016557
964772165266586886529365508344
716585431558297553219790247646
327474938546278021774675234658
825958760667057979593429691045
777160174940795914888015964051
319294761130024908553945249521
514037589993267752116148848411
728059418848512357147432921739
886995151286233786564845298011
675215931744948187003242443832
623377642246869566558529318575
658786316933225779619558310548
471898173004551218634225620545
144026344407480829487035458966
329274744327765582967950223187
853379794883579641803956930345
404069953757130591701285035192
799035828658262740843882043617
408712223329588527609911879896
168162548520785851672585264015
520235991326182685986467720353
239238913079487304346049705685
833871193984587637448079457617
33345550096831217395202317367
287238817335968473234523023105
795447713923386541189932927562
998919366421437717716869445961
386855980395833141320044446553
501066577007793308710562407396
739390053115772094067275835153
224113529783881787742810240630
990225676238521950781935347350
154707906700578192137583668646
641403135582448530633334341981
941227425563339805701479600979
992945598162070527680873183418
307488950198969631028659203964
42927027889717849914698525092
275780540318954294377257743349
959014477989688748532573938096
428855753287905544081570697533
784220209253923347069390075716
885732179273985864994135824325
98554436382401143369935205786
418089670060811568201198550032
637693153827116573230072134267
615674530212115690862520589755
702220716338656327940697205976
282570270991885021520236916539
420509992513683433138866652081
505433136086831951194661254809
846154218520443663138081920190
172171397225173418150034492123
197728770795783460574340116012
872407023060607925888207386352
673981616825328522150822957724
943843804552465516207944060867
888267042656851111048171673925
421087673951161868176011799451
161109007441669013858850360768
291651389911476445780341953125
614042811362693181372495581325
865353474625984271021960177367
521529692181637266944249369620
729368631229543667895795338412
656323110550398746864900805193
679674113637972629774855559165
686511299116786771071035780837
432338361641786081637893499765
772077270992205355038986347022
595737582312607417783890506859
445298150648267535218463317568
590338559626967446826000004223
518281386012482242922117064985
913579013805733673108675112342
21276303803682782830061640643
859772722195942158573648966732
278866078131765011367595152027
814713878826294428128467383868
769453672660610951450393131558
172180988295963107155347271152
952869210703123157897926389459
375462986882717772651695988228
901895879577489015332768314481
326900585424781482583409911480
473465828754877687918898539863
278232709524504090443021917360
293712339961790245177308381728
148513330040319303394570146073
343049871702670079402249191411
660107961358840170274314396745
844724997305538161663721516166
517562191857906968891347645663
337094194780799376977564010925
565323484914028873445768843583
990037673718241028970450033141
585641948903575102734874001597
698763412434053074235785387590
802420219921385442116451005980
825247034797667339296760656781
473746373373280354202190440546
362000341612401576973556330113
553870636314188272355351480109
499054805498388747273721585942
802286855053428365687226545037
305190976725493495398730673213
114828742500739811780872447354
81199473487959325646322900860
987261287946994064398121313187
131822096021350701412176333163
356072631364641692170605625693
350256351029321260641319934850
219585529940318511653312716835
618441296710059441676644390654
166879740713857801799356468319
567295957906506398535045446829
505830256135404664483145267344
910097911612680756801719065244
293568325094428767581842584888
962804669334104769171651049135
377606791926909608035015103812
732345672752995623885371583244
667344965615788463299412629159
818761375589040323743702137723
568596895370504246615277001541
648809522421017846659446418743
974436035775528733178669639792
910912142092870477209202408366
116678808979047612570009788899
764518859227967509815314144502
117009881383578764200848903164
657291332607212433624027228129
955753505431028726787064417634
940913651122590349452341437864
827117143855399997001188848355
424255299281159054914432315265
872626279691237186839082302577
679782914973857725305430788129
607344586378181972790329087124
255965651543069698771067252046
472163555026814251948404296101
877108926135757919798571157311
713582644884241418890633959284
506583447620981599880073057384
207104074603354854677648665491
345173419461029519285404292959
844836373743666323511033263439
506379867051754176728524198804
233156525525345491081118544732
957736556407575739240932468226
962830739907256567682096612319
694899764447994779534079974165
547634698875930132741706562713
986844614332376860062851629782
970645062791813305421580432830
241962224075937658143804013903
400262128154191672253342012844
591155018692953115198892933850
293888158697785072249357202586
74128707583760034171340463810
209065693520649130043130280964
287054258493454189421315372176
442375071739967178420527195632
921823268920418906153916287607
945901609478871600282233139850
512816962061599420446493396614
821160782468315805632380633691
762769356120608755084792673091
561177824171944510067016015452
357528613547695727732094933031
735259259119294334555472756181
809413774483937382834245811907
140346610144331881775495531486
392376477201359316772380837497
120618705556364261693142790446
925162560336913876684786037119
728942709357184688938164767216
730488663496147620400033375848
904904668737571275056473639223
155627611799798003014089965073
316232722794717661116193505636
496716767776748573228496183514
919754825882032242973711879847
265963425766222876134212261463
190693768056074619823974723296
601134128447927403646604821215
947705677435129440024489671863
158588914760646200594791902839
358812782457869879083214506243
440951795863745815131483491624
104351833324466390264930260022
231847042825968685743643363707
379646748084743980972171998528
59941772054267679193270220543
41981448216539246519274486078
58010645701148596938010964897
571269754754013197347880510057
18082833017693405128020436905
795389565759006876430420212957
253909625385397036375426498619
426720829783847436413134737425
61280697674393811893188933299
39356698314392544476031130554
36644392926223604837712413173
755464896247927871002329129171
351170926874716188601810845187
732914239252313344186018735247
719114546103712463766030462759
894218501803572503141650154001
892236909024179989906791319359
314496603826987281654412629440
34039930845155358343792826940
818922061291735482748322039687
11077739675253645172498211158
888374951860624428487321350482
309503086142513393720041203553
535771896302738130100471184716
176103921139588847106877853062
931535350994017368211091377586
160253920040301785075567812880
21028369402329245378342010822
874577686445130701574347654287
62521936501810432070187541434
786632639758012033333088366857
860976925992777455407839533544
673087288902090292239602350527
838730069896395014813001559270
639611589787867729352313902193
567249295918665256483094061567
441197428185989449373821094090
67866292653360193682264324323
936308046854704943557157795163
332900480321119852210216210679
584843414584341843749427574758
53062229963675447197795708241
589076913954609120471328848757
586983055659923205545738033465
609195574188206670586094034882
112688929392083871910957418450
265063313425336053645281297494
370355104795061260534897089562
653010566091411739028208687799
387047836194003177148754299149
687191267762931870387048678103
316078672080160829664212960818
947476483483516377341187939217
737127125530834694339771382846
317473612814293006954035775244
469162315083270237571076790000
515814084183567771373092732263
35951968764628798856009410673
790369294494789858754826025333
850177346425247870778954034531
896238244085565405436524909315
844493943970680594413654449366
706621963912245928604071509818
791051824120662753651752983350
428859029828406985893522445505
509937780895574282850310943856
973855535606871396101113450215
128657000280594973548044419468
985401978222252326954381290118
579739166406983882661727080687
853221764240666045611107219294
265030098206914125311947261676
749839774532410073195196773272
413743966174018174623247367682
784886839071698973542411066302
685874935102077343959705705181
635883981377653628342719796035
98784671935932093045001004743
798690028299073112519260200808
700031577000188326614694059073
113851288619952296539259501381
916493472886838530872398924423
837525933200289913657728581918
831035236712029211367902374917
333618780454119205704582212686
534489385081869051352321244965
483135212281237908109373772109
411812191374576668450839332723
797047964962814267787746361594
966182559945976695082088736535
475954857275091538290613567184
290853951955913506006708999590
563742212018916102251248887415
391165856158222269264474235365
393276792677530196265880045416
683758160385611976132258535585
628354039213709344561064377183
127884814661826114782561095480
707931645227927737769283564627
77777084011478231272834198948
912963500189216154052246477941
803549866323285985369425256408
835197075646820998484309535847
56829563251767187337923604115
122606377522769293281972974443
553864909849986613488713999788
303277317545786010369423091954
891521356304244605440354280326
154398786878658464015468514828
289087422406270953604817859079
969669085395042996805071215445
817485535323165184405183292294
918372570600295486133269949311
407528335547454844330764004611
90368998344816909134055580745
330524546827070439401958596803
529818812843261864894010690360
556346899509600995952178449057
364399620954066314092161742507
444002158563601525571490673100
371007552561388224377361498357
333717400552810291437016265167
94885508809496537235567424256
72203348390514205885337250434
642722906053106924173925707722
160697955376546138460383823499
453630629970587635202653866223
441182494882782986329937474229
62853051703665460430408019825
701659295109643250243087069043
65211320283630478176470728076
546355336305767215789754275056
242568904824846949812983347806
62282666268984733715680617279
65110185849392329301187453226
681283380268327531940261567689
25494435299778161765667796310
151473806706710345345445955729
897535594684763173762236742028
853080399847664071341218484051
780351523681982673860176195961
374224270705490054167044543016
336708852896799566464639994460
245967112080953400004023965540
345466384331537695952557097690
535354628974422797095075839252
594227365227140351006639628032
803822933149518888993356691532
317104636438031644194801117060
55283133941370262842100851059
520015765796495199837425368654
727596429032597153476113428026
926362763840485055489891364992
556062037386258436340230264087
186597016897669423406486966285
16784477581140898741528649301
557515549628733305325327020272
850068948071745629740767553738
428499555588820859595015591665
573434306549804794192525191753
916626230763863022866141650892
801346793628718693483490620534
150563562672373722225872312264
67867238329217318610436438503
902369377224248491028559612344
314821212348259418571619357776
892389487088676686883915283687
345378034983792666280424843295
18037701565136285993952169735
115590593742259101781654975837
579191420202657089256529813142
133717431483813748645043233860
860810914456396930401233975549
855773750166355205609562802744
365055618550936547849604309810
894704776895281388085595964789
617477782237944512905439583743
828197451881731147432029801169
415838278130050554548450839280
133874904436583223949102510355
549079472701054738685589193345
176123149841547655241878626231
37820153982890144379332404783
802874648781132993147085171481
915217840789554308620394830398
12518320284067687826246728442
583024833189865796656981416867
962119456729755085405592234733
213208670394500325718854577294
419478731890983667925632167772
99279502627182490754362098936
800700197290361149852676047332
757853520103996174110918925991
358997580706562465431794520155
912008839980261447290927527084
633383248343579708353426169367
463278621732507748201313056829
124141181721023136769673046776
638844093596051606190899466501
845635668433697168792282661709
610308320874607068985160266835
40622772925970879595099048182
759322181621785642332068278134
40605872016544266932294389551
8701980950917101078772476594
483057419868029038269300883703
842596291544328892625687433714
82924098448094013993318467607
372074794592059014997035112909
496731308414425159512687196232
309997294186629885475235284034
212543069742075621819893399930
477486456221073672282146131419
998230874919913090468691883382
343171276578426532072421556391
664545595400981688439954176223
400198744079676262271943188701
185319254897594089077619689914
277903937070043220906167922026
816756173894620204926326085501
462559455452083867554026897972
915641750712625638988318750877
598319353905978908926999198687
868962257715355924294318726760
972026472194607355878791081943
588674523255732853137693494749
366277494780314751937597664376
882226055598356380080519047415
782278330019499608618789153154
324663230709651025836148406554
72236371381823119654582477640
99041522567433798569132972624
27478387119136528327705429956
451247478353174823797870821903
298484119122826411575744026649
257314667161882786422272587773
841697627496694753423065467787
986494587061859885475942652324
571734704432315291793117791898
22726596598161609827805849403
443848515607291174042197771070
167610178957224796423537371768
960288534613809672997898273445
508020602774841324156007212070
27322562831190146598641506377
895016890461657957282824299819
746353273951966889770700094072
346088984444948355376201996247
676279083352629320086666772454
173494186748168643599998117471
306194375990646802043796544322
122720382437810148381963186716
587293602456706282239063878246
61262530406142379135887039382
172468670357024988180202247113
172962649458953042067579885404
957831588279469693624687390640
774214390347152664683067460096
606262959061741280676691739065
783209291524938561362103389729
495111339337831602176644264618
89028589437737213697481581092
55777626419250355602757292257
786915474694507192058240587025
181402015836381171800999171592
215617345305456739023005071897
427532485026038060667921397937
237483169971415331922975510115
993276567812380087355707423232
13526271839391449172049859972
387767858880186658551238106614
19144675503389008495671426571
46074804214741701723598596708
581389958093740544918814524317
957134346444220523978655475840
276048752412764573865887143277
639497130433834985530753219882
649854057704378757014776335322
482394447942914276428903503475
540123982935721256902529252505
385865725867486394916962684512
406135104328952946996583572159
729650855998426999730398620936
250973734164494982186981479108
480215046605086849646109274678
871602459976831416844380356871
821632937690641828562825639805
565650034828329776511087661766
577216096868758933932818591010
773378052671504149573784601375
384471989573987396056816244786
862124857374139688532993080904
943457230501928083448772730702
623716527130990088464642451280
723539936279678817339352725552
975224772779051947763407501162
852238761285337997447081713129
107783226070227460186869906955
802775645071361221444126097554
296265203297176141253139918171
624019104304200568173008994102
605988547797685618371728250988
727735029634613223294002438121
191063190289908618240430784521
118826465070787911989137797785
38243561840277330358272405835
924876102809828580380805798348
99159198092396941700997305252
91441936557895233341755021783
864950599321512397727461385122
78423384044091932521173684512
809064936527570495576747890197
348142318283117324370140212569
709638172097785314070984318313
510471707503397344935532435813
878301967359568585333407074120
556959022902354663997477071324
691014338894635228796903324227
347357794561907547040097463478
656257524638286461014005785128
3244147847176366485327670131
723173044689661411186659230650
190255198751172160670083182952
526897834707868644383480732472
717457351627740233061992838287
567590590401668102862347456774
815982286724951671391842300369
4669005026907945022785244193
973217627821792619249677562286
638492238301595596313999162872
90648485912962705094814074343
780782745815456508215782004879
211086076452246533564816597397
929021158130125308076729129716
719693496398329822653176833345
402467851232230032468966779814
986128828386158140975104066422
886237467400998731206692153954
777022188784416188439186311827
748504585108583249314138944142
431743124185733298933477067991
46374631155328620479255727948
787926025171915618650003450840
395049273841541184631409425976
725590476732792304017976460354
918506477838890295132638146816
847282402804926279200400383212
10979604450514675837665167737
645824878688809349449697588514
345670069067537577345416474063
168774321696921053285655856506
53407749088216675411917401855
307464655910588259575742050757
547994513883250313940964720307
28455403021885374721272022640
98410529437513858147573681729
496802217488031391697655803347
876490845324266359576351512049
557888961211610827859445133921
883329887225327042343600489418
684640277084388023154793428900
345469062123230450354449978053
547436036267177973891736483569
178631401801560014475306682589
241029117538651307834663612269
885066951213413772058643892506
136256489656656175487772432073
665364155183669530162901019650
196226104843964752160182120040
36550535195678521320089909468
188402462386587620992512475392
793736987129999681112036005084
979351126728998598135120807034
712913968354094784706691177473
179502749720770284735280309365
745142093087622619659334599113
503534206788947256893968916738
343506829705232229936409582656
652391586559997836180898068974
608969889757225793081182529732
494949748831946432902188515663
164793327007224774746970454860
913468660176908018558848195333
913787166742846556702720524937
743934498627870746559204022010
885878722817416184372313153030
69274760010225338972702039705
290415878593188918050175642170
485021590344003547420537234962
663695157915665116938874193445
596017889921459493077216076793
399233687913631586652714756436
925036831681665787968296709883
624159050626626167281073303657
495520652411181987830925394339
443413507335638607604420064410
998514980844537378113188638789
300157800360118006150255128801
952248742001091479350319649916
111395247286659951398549876039
492844896034983540861611886144
43240914416810940740914545929
786694564817710348098267674208
870998182147983246200681346672
610867647488472288258603580959
727720320487925581236904247644
664499813781073270035975236364
568270708252118923328124766476
624714103630697823543453109136
409637689343210813452313989192
977902823425493347924180581755
860735041089822756423462074224
235948122487625259281129963516
809688653824428530455537787549
628930439740546672362997230948
816442554989720015186782892145
438059398631165510347766320715
998773471579225569631012792333
882800435842886929877803331683
612584086212775518627979122765
707900955322727613076277449190
58278722203118973043354389541
47880629743584735783293957994
818417309559216285823724214798
381894516802386941232674612096
57429314090946847379540837201
243278432967961219185675844093
225350508211446021518152627792
752871756723417644005755150241
520121361637923918175976032795
698743022236728943896464182424
132048914449567000438823044314
97492101552817156376807253001
395574065193430442988252275073
747148749055720226957645712406
431348808746129208407059686308
853791941485789362110815153768
650847819470619301603885899539
758590874931083397711392960486
624925709714985508139009016161
966868720126268314186368785478
680767645621225238079311473918
163151394220418895234198457841
84470778037615694085026014485
670696426416394260670374409956
311545997671020093507414949588
304417492360837984785838218994
716911910747512145092365511300
736595595490362941493297223614
302585535536528724959854477972
617120374087643516911712510304
709656539034623733106111999637
367181254734521973375957019338
9631756904628541866080115711
286951402965278840071177423207
929984116291962180524028098282
588299062463698667063910651128
948560528911496188577819353964
998798723195251030811558211284
595900334641765614954312193388
116448217721139684025802224669
966413769314166429736823849998
814205451975759047864261754442
209642080713142232386527056546
824275299483212455023518290164
297898134707304087138406834931
722296122298708248978111290023
670608865769347587438400689547
412991152607958100828309270235
788656795752728118630120418994
662765153331665273218781391054
364157938973411082692262830238
941458342387573129015251114019
480451887319667955805282098867
154219397317648698214194509413
520293982343358788189628766968
715750720162698873832466120727
36730871938467389178251916817
989536775044454929498961855521
763738486992871188905027040940
245899190143421343770592666467
201571285075568711179321071229
949099062776409357278290545195
143097442292854622595355065962
313572838895576587885535693085
616339988515390255365890490608
759412355340443342008894396415
808850388209675544280391425307
707643373406363901251397041010
438856317845454780286341565565
760848152818448764437818167724
214098372525381429691206157754
904598524107402455274110665880
130731066002866116857234549658
479140269658210856548098142470
238822949372696874439302835137
232371486173263187395423888811
716385279049675446254620666070
753116653010470935457555937233
612993630942153385323994557027
114695508560865502364226751810
710450941761965284000999763433
737197948887337278945757299452
816653344523084528975375020535
939441636357227304396494189522
940103332404604135059165422317
883505082763531974047026304105
293660867220854593030523081938
61414474323995490530865401662
227065551196818108503583847366
260842049245128947408718090840
958984280552201353632226638932
800819793887991891327945489375
888340971800390940474571458330
36888169406912268460794464554
228523167628191454931000965537
576149809788144617911674062201
53517474905240098420204109674
809398410872380719955764852992
945139412038026404848413904129
952539337655542774104029831698
93481954618864634646297219575
677608921548109758103892650625
788295362777880355398508545681
72081717746000829359645375682
521312296409840272803146794517
62515600445665986830156686011
22100345627806006134943984520
90115087556379068279466889531
184480117022238965857319287353
972121387676665531882876814255
931868064854744567056510944869
620660488971810880289462999054
765310867199792527253979874644
742784988541859247277015334447
360370206356040924122482129982
452776669864183428083223295353
577287500966971031043513067557
418233415480748192066270158096
564731111700317561744970280303
379097497275141066066939472294
436021757657253968544702861430
430236486960383416813597122153
212435492984348661428915287673
998950957658236203953862715588
462949303149181498070573596905
863760969351900289016847640695
65142527370145483270669019902
815383803025236282548616294787
456488534600424476650603543007
800823783270243303880622049182
808786122438660880988566388469
622923689543533171475221133554
562550218927879352001286089799
669487526822377661060612971526
365614497285124310887227012424
277177693279645653130854899627
495954604109750545328923166345
915750893428726103039688553672
275107884864814109195240684955
838358935165053601497843812795
263714150230434807896609134782
956868362947279031893542608223
743754626146945638291619345755
107414863328424126591418853023
189885976583946506838594878686
691357740081464148146401868782
134544048491423644840423156427
931199916121583453548159757020
183624305117331065336346248030
482022667821724574052623420666
488744040567555146189664845989
518579551523504442034762502889
508795921494200637117931964964
82067793916974311575662410776
566427601659465967064001998358
51579429479446791588717843576
168692017585603683511998238505
262189330367499630842456084525
803725111190111310121679219264
651287563656235693184944316137
539089208984422363863233990201
861346077619030764587031065086
968004223835966149584648432159
118604301475868727793686634569
669481858211114229610200888747
810527247027036007401931304837
33213964073436097429211337978
426507023603965582570748775113
931109320924823161075998294317
180562223366118981506846154356
145837052924005595174171861359
493913468132432412766678626943
578853905753000269269743256634
131060961598403873429807534693
598173622896231861769806217890
609203260707217582047284964153
333538544507030394747633256204
344702937664611881831600284398
656579062709196890792352376517
977129690762708790296273485574
882597538291183892585102910886
57784367183314879651028477730
711849430885379057031983389379
335356444077293753476956140515
502757827477698394896325490855
936741864101756299366978252221
15174557482099518173699141760
441245598180212266687112036581
617114174028314541305315045049
637005450456755495789237590912
539331149883856720235940773728
817122201563139188374564922400
654757689687094205939082370676
168426441624527616325718649686
557374485464453165585526298921
70915055052094660674006030630
980509268920809969012953683642
755333484252652052995177494622
769013939376245965844300943016
980727147288474861076819049282
385011766407087929553431253730
982616073122142577143097459222
984655864264133074496715484205
26815103244952342483843700060
974444326727298802104692895951
33407999276947248041215044260
427033224083896226927363391924
920609599876745606182314508982
971142026326369739733718252965
216050075797114021269559725760
598426480583779070553965434705
658330679793865552486259991519
2092593931745797107540001827
153359280911766438562200729488
837878239518602575926310734690
628692035029564010612081406372
102898337279876295674144004896
584075918272963505746154674263
103929499420916107699316957297
646630077236203336390768185680
490023486928982739612835956899
563400329707164098574672646112
537275830556218182095620211291
838811922903294493005832278519
676963935210571151831010832181
759527193743716877773100294127
842359553313692621692415804129
179095709705589390778221971019
463065157516801498443432128891
179129906205559448115753456054
546818151359282664561314618234
405136471700743151828535600766
576779049844269114918242156718
978371352457336278321088937321
658648680841448111861097471810
427808113630676856647183797063
442054199726377990052005507499
266560367943195063894482989065
721729222367439812054859713647
944722448100859665719743000276
404984775374125201148270603746
331028804591328599375722819321
648661866454844711285547736482
474503595656617845122173782388
738069040454568077065074098939
822507528366470551882783774885
953239760677855612077526411125
978212985726532238169208927107
14947941375124498040861772650
965712546956464601264805703779
271117494489853026970465903772
582148299036203201426303906098
435085605187999468817457209017
613970902719419254233608035585
875640103050868697432204066852
942926161035467685960445573686
225053794044262994198573136436
732855249933274013350816595332
806261145169348181482620121502
115711851006697883185614775879
940769096737410226444812830916
785580993920879551318246404006
828968609173302228729212043841
262166202196837148749709273632
32020167254058665011641625917
1263620803543872380694421547
23949280840789119209223199706
879721514196081868169768177143
521405413061661086708425133546
321218746257436481684495559677
68293599651004399439457025503
127059680788744652964611950858
346793043835563608664769677781
410241861332936483344069042330
622338776381113226469003926703
304084102574766792491756429022
867983593958511318811685800633
605156961840134792815463817674
838268223288299978118096088449
517649966159726272249701147841
318790357544866717866090174905
11561034588070289614050856308
245319590586118464343232214660
532485313568277693260356489639
718032076602301781051670988421
843965065358613125194013681801
713838469196230686515295086325
523004940664165652714586785828
191861627294980284004948426079
811332525109651072604296349105
454655356267684613235127537529
931415405196573285021800305674
384552403998898572837248117610
539850717813762386521219086726
885762639152804935353596577583
918118742558910049714158511037
997313969219503716521651298448
634470004528404951318581548389
120433244923068084973779454137
630960372422941239170849591930
9238487755183798137322389998
645748852623470857084856134872
293824751801941048796127251770
508185338667400935200920839492
471798223280688379350194643367
591431503435508128963744405229
177767522677075999839065857352
327977540789300230897037306736
44289292549931182458527416922
731341575680238915705456954570
924953756975034493891613500488
242200897436201814991272456959
594763394249022370731971981502
413210358347535152211440689430
226227874219324342172174626173
573697598552362503536500129774
86825156473784948888941888407
48798359575999085406352427745
669348364407809533041633681010
709697212605238231060588353098
373550213287582649111703274306
81175612675509433158340976115
194900686236154429176324333338
478856323393156845264967974972
662371488631079585354939259941
652307636509178538494812254209
909397577063732656808587734367
30432086606649349557471392841
635211886243596056696041160403
169794640475950439057989097266
487742772022720135486928166907
425132809240492684256653543534
572087878487030253369589677857
544159839769859602328653503009
578206400277206504000203092399
156396936077790649701528405804
320243614918356336748068362660
399123506694810929996552226796
422224600272563127949684480608
334955268382423433870393717530
901459121520975626617452155462
366106634852670772307044609832
826921734969148225210906582871
886102256298580195051251296316
565118009363356003790248136379
282180333259045593309011186021
100682845359941979864105041839
879057311833342551548011173734
943035029575160627379495841195
817600405083062904656425213058
15410253003607915992659055205
393822130709200981795270918401
436019547929364423123963329198
155837812683297365309270643383
245659097074282643661348193572
564469412197598679408226014399
774975036480716456495505200207
321177613954080859388334443340
754371385979601711301593616575
23385780374875720403255405997
891131343482261795910224256368
893835017136402775605267931059
662845645978836013601020415826
130455505483340115253852711416
193643159300230931852599179803
549251666968738597121878286365
264391526790493313396906862136
140786429507797004946615649406
249471520916832779605643599223
983824655093335417492622479862
560325012033336845170089239770
527835287334304077886780437350
6030910245635004063805098252
994138939051526825929867673834
772622926680332108263890521336
444093140596978065680246490605
181594296097472027952148079490
546521167166223461522876391021
968824732004636081611725588622
262071844667830832098235043269
291464693868264410159732766820
402126533570213761852421151008
118884923318488047957211862241
541623863038245267289218462023
677911314725314185880258907842
98926896860825382230324062029
524352803033983490032696463999
729067031140185775992351990551
126744738547879423291253099606
84450300618682536893223060667
939704330524169754056555681865
69935008554259628258766577876
192708324261803254319159333976
682992440206208692440999965987
855876732031059832822883238721
609904639684538663012083235068
167378012013523375390331475560
225051478402542349579269984136
568072384054604524309967454327
71603856510327984343826957854
925038963975054257927313454994
78980610674766819746520905110
978636314067194269391348375411
60286325826793543879212716082
28766622489752649240093832656
167556855441870547946803988329
988933406776186608382046530951
889753979094257592641511297224
906247228063470688365720405202
400770235075540182535494843096
638003819757110935570293142151
747722892276195123713088191703
365277014710085913994249892523
713679019018783930058600175131
245641856328357607143254691764
869979935496530521919311240362
799677104664101288485153499886
555685735092498415510552221228
989209379782491928072833853568
367705313674463258920240000416
585426188052328717816197531378
718081479751086398498848865672
557850663156238210963461712913
686062453721135593666030920829
675042968346190261434402763522
189935486240880295830572398269
117650120939819926390055896522
13235458100127927919184433010
737843697059442885812780273786
684541209869829061851443880901
409666195601820314596401049585
948463880292925168520389644402
787781869330558299477355046474
323430207551720099458715599074
734690001768693313012097505626
573085761361575966873126485364
680619713338760188746660233445
320892724901416070682647707073
772112259534820337183198752276
23060007867197299999245694345
236586009287108495013385130064
384886986003376103379565277627
81119716143880075356624188017
116656104397863511869766086016
89699446836331063315274528504
756027158029462780853035303771
319194592829085705985114808295
362349389160353145541543863563
422022177761342146404784589200
348253102974795468225982874935
50883866123771272613934510607
735433117211872096029371675401
149326217697106404956650364977
927715711341763503760384844844
834184982175153914423216852326
285436203971585223800580640366
878517855766941039203455217587
850025162828391592484399309148
696960271662988512759669469394
51027032215777979075798678935
270693828481964076620212526376
517021811907272936020779028584
769729318529939567931113523868
593014642524009814328858861062
289944639109636695012098272868
504135880120146792439624134256
521032662374072286149892260825
65301042527758721802417058144
757070217825529457737741266174
638136619200350541389347713556
719872454131698834084211472616
676867572181303991365799299593
556915987080263895663708382034
515228387437539812215731574426
169443280989782838412740802465
344939348256015809029946829301
40323912272052073121676475206
408174728105461355719547580740
304117625144115493809226403133
582740320961394800986480987271
321072778572532346682547323187
222529482777437411243200216646
148429646904220164812347320730
351875498689082173672028743939
702405323767123769419473424817
652988731946559845109478272443
436275340509696423044817122989
838444901151274436728692115334
266799990143465701828832740542
723459729948253101484927693018
989681194882089097991655388158
305598238294765030814322394207
762585084331006299653016633516
575168818717366414262538701440
978521046396486665785302534274
678614740878829389375608465671
200024418623091102709078981801
482850184722241592447666104794
232055922165891265980606447160
588001585026806363335564650791
485841916995693180133564659997
306408576951879959124994664613
902606478446496750096261811072
959084936436694164365956385101
230791508617238478151617022256
785727566245434634489239421091
333730554527195788134329205267
563407346702731090537714980015
772129459812814012382252271030
656186723953999850817917972598
851981699487602745995534234532
171946777837444336030961449896
469746413630438038281100076603
684271095691616431160644472977
477647053983922945337191665459
185590623728953153834833145623
314111429673873897666495603757
458239911311953586992553272774
75777592049495328601360509535
441674201572276234441350849641
694549869228472293881356475291
821044650274300705173628447357
675529028436868114153233228959
170026477563581324908462218323
59567358541992075216598554973
760287027201900483333927341961
24676559749087410901445310672
417434080226085511687466991506
286989231296018158008177185917
600260163803418315006357586103
423805488931362743369379518176
559808020291053039202673527544
924199014850799069761863661720
367837735697755647152037382445
590004768637620723255555397970
773631301788332760211389499127
847778157720940788184741461688
312461316432949543810744406153
852112788256909962448658170217
605129379620324299006189088827
380372962569587118425448056752
46742310215990255277062537587
819793554657131981124704172092
328942449979839982084839693320
820729539106680849887730362368
926621459728140548622257654147
447644828780985618552724686847
318416555833250284765799653630
945841393844759483391923222122
330025337658470172096456141414
576502528105258156063884546567
993156529239983834560945328946
660376242396457050736233917648
459445299770517632470477561133
483041504870663477783565662260
818117610683749058323097342420
952765085148815275322756496147
836769871389884374287476826478
517774518410640392721958822504
938609230871602142238207258459
951316082915855745943345688170
167271309745893855960633513920
649129504934518058156558931789
956843602850221248338192943817
475250662495529807005912971911
327066051166701414016065790578
901455409165852783499936894547
589613413206598313580613736364
294453770615650677231090410284
541232188130869577960074950505
249934341477581348068265762609
262249940438448846425085820671
901564234419433610209501369123
269214495626512170446029773705
880930235746841589387465756367
617714715764270495575359884865
331178147467556450992270501023
473731084845146794366308721895
491407238255748318379476683488
950175361334869475033943611271
318143752344876930385407824717
836626770208658876710491375332
230685403020509276312859003045
729976862619797942225092950780
604702823076327882289748930966
17414669094556798745413649200
761628671725567405058972511504
366934043247041794351277531677
424484088368515159702638113690
715157311117537508425536869348
130632875857213174318033574390
630139199895219789719620948957
366362631169266109896014901895
238403299026188635426271646488
218807236714594295089722049012
823315888629766207485934213484
648770343146086558167111408020
423617171241850637289440742023
569252032398749802820574224685
968275347010122949273618222263
819428336491627594789634746603
782565191488218924957749035219
550942314469483325790267536129
509208300426653212471090044676
98887061912535556439101285578
960925613245282698150058331699
992601562913834923097210587477
786766361166737702459414352722
875233982526576391557564620831
431299685618390729845540973781
214297144102847917165211436230
18127480413538656651101747738
537467315235917990712348639707
154724225294247144673066667749
719360403007855048020396012288
90650284287114104042916810162
852050350962460592025829188063
950998785111082973872825472438
955027905523378458793737826131
104093990913622987106542347171
330953346058080318889530267337
513869642657965584454794387983
67146058934380216813851028315
383201194064529437138815776532
606192330164486818519538121581
352066244367711374509628592395
670634973825866815998968538056
270157769264881529008510048654
939015491177818003780834943910
514604866905377505941671185584
348504316307280090595444344670
624198760023114814996633661104
497880410696821723646267126091
132753379332556496910569499508
90438237810751693331217583545
171444968111593125668162149152
251622681233299987079095834183
908231137110796004321028889476
137810184350655021826402186297
11171381899676687474170367799
500703771561627655362103417200
251871659291838427507176029692
55978496116520626916471602257
212100463208760376745400463279
706167311868510999308400598584
999397998243087366535836403214
794675518162086648744130052733
158314830576816956374728458121
381946277046915253717104115617
23428909132637823064287146840
171347129149293156562468885073
440736943915458922344708468287
224038458383692631677304595878
76679739620836569207828981172
401534585432056343780341207039
65387256277749063502108185703
37196331232504916975186619112
696173797932688634659232260026
905011216222660009211550975038
827863776788984104425597195615
467525793913582661379071846118
820121101460066608710947041996
520438047636371418323545188488
962039831852505281089189132550
851014110908583839595788176954
39290060528179087809246949863
618446579746533372127607847569
344205702434976726404053094698
721529506192101408290560814146
171272740152042285389343835156
512448889370072412476412830594
599302656550648734928740299938
813239294193295112017714225883
282306286668509186335878121389
570099299103747671508786242007
604708027754750223300859309026
700911929223985566843247616421
278037527786406263006391546511
620895461075981295308845242810
98157409180674948714630091542
518994431611516337420520219427
566758334962068842732847411369
982694459292785692291047798296
455997311018002332311592202291
211311962107978159796035007439
961928846308311384981017848707
871555875714993194805724276734
544399208724191289165850906438
786415402172452486378100468916
553430955158424941851350244532
331431890356472972518299440233
244357956822127845775725248530
177003430959698647137607956760
986671459493205688092415339636
996376919482557464847130282334
446480660452986313646396967726
420719917639983335657981469387
189324715182624889384602321784
640031695771610140271761151801
522363891453313517684479263092
866912166086278160948530825620
815248565100748107644283784954
108094723139707826533242891864
719234682538069700122245906098
934400875160915227146903801404
86213707024150654089697708282
376845186453388930840469969439
476769846717983553356271080525
381361216442677623184576374394
504150716987299373877463648990
939029365917630674085312839645
778876060297073044659971149993
889452501609688228605861213632
473406030232828420125067175108
312258425324492049128042190082
740037042747383271920448327213
716412991226975820178500444654
403053866221363054088250258307
387400609474205251190555845030
63679868800784930322544256962
620477885512432160074917240298
398724065264678646925820514215
59224983230553139477153863364
918288298801076342355419185349
695727724261562205157550422334
915764073610666544474210890294
264886665449034707380020149898
834199949082641331728043509550
162252111471612974032966596831
893253693088648121988260826240
242281923871712130908677495301
197175020563996872243023061441
384809083908335913533837723695
852977302341630073150006604702
479476305605357311512345407301
162356720775792454665628017688
310665606025082038736301389986
334667241315505019175273496880
589666588648119751233450503868
873439839075534021360934715838
413619036986242575779532489013
515606433670022677414611410065
859639769098539346294270798643
426962765539053296554403147475
881573459591026594624367427611
788271406887722701337946259554
525192299464228801290679292387
138135514117464142138901382137
271928374408738111777859777579
878005911818300568698836658015
699560083806682545102513906688
68542668976040303699665786548
381269804393840979841190046750
643660962534958652412157767887
938924661644454576971938565910
482868511930520802681892700094
519741944157888650068355235721
196056477797316362135134753907
739525566121083537814515288184
857757910700050531891319710282
839262089488075228161910869877
546668959220924138895687743150
66356685381560908908644751598
712909440479419005391415821515
893321045462401956592932154780
93429567809086769940017853645
70966342740171320941674809591
152893311666793184627561571600
814907219733565062897192986093
633148612729138260603975873237
562415629447027537588561194347
144333162306314485241923611380
692497166122488515174186762080
602331872000648688935281225881
16490128928756470504639481840
66191208324097672147064883090
44695540255207849545666855469
548651647550918916722613763441
757355517954498807551593530995
751186595475309627125714514018
697476302264031335480516962746
981802876507039812721618245488
250211754609334585945304561189
62806442872372125856775787755
36930214360551400140945729145
730365301365249670514323914010
25655576385939545811932282328
966876786472147199583163846597
580348486344224898558866082845
23686526019906851510648421115
370201266241477094161102482785
55913843846555418257204492100
623194796715844658343396370186
494136581484245080479140865219
208258436294249464981390799700
43878431875717006055493352484
326672418713471464300541288124
314955200757665800961981083987
678698485964012086405512278488
970550303250027382711079247297
802900690354242223988122409929
914999072729757401039369668755
417931518940872810831146137887
18236527377462020486716099651
104905231368648386850163085865
938287642073386158938119720630
186169657957561434639777923031
3496292904134946259041226357
158373023935521432848394069671
803030519343557857948979230900
986773536333276501884253395315
783142509866067066205665205272
575649244291162977016868814182
586312726149129523490236831733
761447365188434612352229364214
355278505335681443199353375442
830987649219335382933590948477
534692019194156229617999565325
750206554961678605440320673351
717301773291522493274204363991
247583664179823552644041655779
155304550169657743986885520345
643417304850339261250306151805
539039637290229431133479159133
404849499203063934154424871983
126524302808721583496584173735
7208049264678471264435949590
102456065278507860978960665654
226908964286490676107043659476
506377966309513794647587894398
17979059304818138477937102156
203071890822636592553652786981
257311207427858865993075291196
317992077630437799026616032941
447405513548050935072810437122
84140090624302242705294544509
463780681293634426627914303329
714347308121824221620560273019
416345750921567928484465928489
535041924206831338315590105405
644619812708379043656040845729
661177863399563145732055287822
767648332220703371566432971431
706433781246453260024286603975
463690862613492715137575798644
607442524769839184075060305688
492136553978442659147587376575
911895931144616119987798177000
141488304349750577665768317188
83462929119978043241427334317
127331583541642167567486043629
145135743755157331694576573002
714311218869418624298062267220
817055591720665074302834097648
839103629106221328228223307678
87207499226410799594469324005
925506112687270206757922145790
170996279537042641854644769551
480828052632696167922441592275
621965205751072286643137339709
860455157697591635827257963081
379219539598402614643672405352
431825740054765074813914633084
924001807403775684658289051269
264974085587223122888610037236
783761029632717188514191760438
131283802692085260145181349438
739446248419110324238488331956
763471036798274041950316028988
285485475209394593066601595514
990803837482670336896190652053
226221853943590302681594382768
83242507065404930210142302728
932972244852228559833508482028
739233494364923652992177239320
527625856664660215796736415285
187461568323912378380426377745
267950502944689978441428461141
150699539582487123448562309151
460224143102257284678221222368
122714092296241111676472657793
797336527870322786779233741667
681602108520702689472746851290
673903284369870397065807887796
981056935339539296491804121570
932000553727006857715571606029
882484834851573542101789018863
597517782774035795104428963949
701594360026143726149435740638
501731086504099167249582148647
574172797459929577806345205521
768399399002953268038927260872
958028341450592927739417081478
170502216963946709094277739941
668339843581982445410057478137
54730848601091424080136150753
114158581956152080854878150465
745323991602538750369322444038
826906810474953803751436233539
312604151692849257961861751784
864163848743073024077981587729
513856359767500706430814974659
5770091171855177146835461374
682333002380599073761904645344
514009438267105724422697831952
323605847106752926425461644231
111823894887074449485633532473
111686959086928724285395673913
301242584959692229376163480672
467044909951803677221214098182
610155079133491049135795513522
751597419574258565536766858312
691000022564311722635659983067
779844626718112447175331086671
772054372614463003269329730780
966480681207583196200026705877
733171775828532608661499696486
973162277629410394347787470323
994037864893396635195255641359
754594833281502243099979687586
419429235400336462071245405631
416291265241203170954751206978
399139494594629493754304933848
781015278899147394522478435499
383917016091777400198437714935
41036063674359414119801264710
819823797520328363502710198442
165611733534674128770532261273
377612289287124638740222695195
893752899550213034284755376372
635944422820746285295831211870
325860416158007855388344466802
306820658041839740162990274935
480741906269573642276115967778
194409499578978008606691474567
51850441992761246950728321793
782749348034246228695198720906
659015694614607468964545413209
217705798251985383522287746603
543501723581137989776322079943
567723426399749663005175442436
818931431602824037915430665178
291007302217300778635595302476
577545888007812168828695419312
133372830475282650124603164008
859656604017392052319790120170
797381537877365426714697967094
995021740746665850368597977503
121652455009408170818472336535
605458867317363821951425088544
906187333165013554084391806006
569767673619181651379131155371
98712730698987613827488803619
121372943529780603608558890557
647746099219637544784667962919
926530007024087478766999098087
40902454468129409329767943670
330910549369384810124076375680
732110450073508418226677396578
668091279510780578092366617329
592950460035686394803718719772
770462643516074495955498404165
830314222368082732664892197822
807711184904751669495171045111
702671931576200255504688546105
75414634292472570054099284439
4719920580563908402885430138
930590437127264499855092902131
316112478410507509154008684606
812224937218417468071171128689
636078110061744079365401242563
11048876875884119999765289934
509180238521240580185549535184
242760628283040340057747476259
53207301389380940187335666759
490336203810803061021020707805
42507841843331501317890906659
435358605773976403097180020903
637432101492170119482635061333
32274231926852900142355071012
250577942857148075100606849759
149530017215670280153514963928
88593766510748575767242557164
753746988222426844086653681463
74978751364851430356959803070
36987886819582212762754568844
82155107630583529614308121597
229024459093031286475281863990
614171460810766075378613821899
42256149395164448952096909135
697225517630379729054241981598
83837633516462273488689767482
572271948512635969278883795052
683147340465447829272955823504
390066446722191897042806246730
572776493248478566723074708738
785315473134707677572541890749
941524656657343473157380456360
386049335935708046222003458569
747108470487500638573390707278
258220233110232369910843588967
892417518421911233153099835594
252341258991589633930083324914
99242018563970585364889512456
582583281736780918162332729437
775324310800336081031467005804
789380276060838027678144793684
910115635790909634878640023759
176256075443797674793689097843
797064895691081014532549946409
759240209416720763080701503045
379797026754450287229958229188
789163125408676687457374409676
120023876445256754625216601038
736057606234138734452667345619
197628795771329503992590035776
8558713297196681197102406077
234799652988141584453008610039
539060774345913351826252942967
68179470221591092431353248652
38815766202047853600861110913
118210932234074089483395686965
242180813185915932291223420500
758030643517174071927039528839
589816599429402637967406472551
486052969423750043605773234302
202321162048085336157143014535
313164334889943818011816284312
901793816454967426295694488723
511097398754620131069744687838
238979926534129084444671433906
638140426544262896838355810168
970196121909390646523063491762
253356370292339425455276129680
206334566304284803870720964749
952820040345039225024887209749
625429247230678498151383816695
620198539151845855631032236663
865121888516663962200234607803
