208807504616707196680242835014
821854865240173586536481371057
745750371126772110811545810694
902701398869590001564883210124
926180504881660126120344659330
648818857015088804812847343166
342714662764775627346603239845
43273395332651445554512050558
347684715272297763409634061106
768405710718161700495362787260
548219955436632664029536780048
71589435214618537672005852932
106194363190295419291003571486
73906412715371914528873170398
715214989347211190085075256500
633551442537089991946499526388
908726764140812217420171071800
730054979300085992418522980586
893287812859763805018237246342
688976517487830422311326938295
541372675981940440864730780243
909824284520772512740774350329
116146718042108931504938036094
297923970736208111473321321327
325528196512887847993788627300
733446543604742437502174920306
406244029051146463653224495852
204154311449300613542518702793
996593721494780400277439310049
178464168296276024249926061763
950072015048403696074375339296
778557591239863566519183204096
354052176438068686960055417936
868721758316479993332500903884
557564218411890188159090247758
528470765574081180085050803148
48502187896992370957683398433
753926523708804867141896768690
743799460912086220765220460226
327212721342402090887923765195
353497178858010389777399748011
371966468253624586356654536363
729768303261172065228501907311
209052173610762207055692950404
26853736461231138785656520036
439663024413136457398453453146
280634315536779418153505075068
185275380036010679914285403177
979342945841228662988989037297
420986369817449348310578879738
679316725477065403659261618844
171720923442691792502470616241
984386611263260743272734379726
307723823468954743092905472388
609508280035690116069318022691
875612862219911036778870977424
734680610625631284879427460879
718072229182814870069446370735
831087026996334247620522198514
741910410643945829843426288786
271392842112730518615907696299
57312648614090685782557427614
285848072404959756927688460259
432519688696427541479229067343
793661940736827556850938640506
527277926751900452141904118774
341379227808446952498189329167
724005155476597692130703782309
463795666790894521403623070161
787260887075843908830475192598
199008087584573626674306088266
228125383143779088311639894310
150979189935439336307979890789
94905943373883646118843836069
289472132014973934604865579000
157409695859112577686492064630
733163132878060329798992829933
477678013958280475352260503519
846035612171925301323029401384
217743400874902570683621697659
158292022235049752345172446055
715207392945078103670792597130
546675429432408757861697744290
585165611319602528415926038002
40710063465983295391538736444
282804516416588415865582139191
636296535749062977947122497883
612539041884087698415268786240
543921597405303595223523063626
712946851224127962009074848646
529875517971395654304116164921
898508255881725447380638756004
490247580837578589811995556214
396899703162647061678173006015
917236991080022887006242384058
777477143599035062701642540086
847092539903653456837205220345
284111049158122620022078979593
456659855545204621393266181732
366344996043085283053646028822
672468462421346629822590144916
85947544264368939320403918393
840483580496967165310577621747
33353886673855406125068122347
262430920317793809285488148979
561969145235740446181911595047
534943918755220228230515053890
38682968551870019316819453566
363972636061658024723321901009
427381620144076023871584162183
66570847051867639246107667798
544682418873461124492495995710
985926491037471350898728117679
177161568133034791933994831988
833830102517472161101073689825
927070479659176465261276146750
417710453709916384050413928371
719970898849606613215125715014
143485249631876984792022258273
279607685927134872823183306787
848665405525727561639043284182
875678874920132033072481897818
872338355126553060489219709660
600854417055767856550349536585
485419994916090346047496240705
119321937474477784636365620641
717057111158537835744603080396
521903047764462049878927456241
960237579245365140767027650578
623886227417195992609200290245
252576722680241612611388791916
801965802998874241515171335509
643886722221634060872490857564
247603835104926380500464546560
577246003071499741784487167567
951883182338952862074657362029
753364201719849369720827871201
610057394860898121416481111372
789991185138089739226252072940
176450475903791022013198879119
711746964252221029087588590230
743805498544917184891507066453
90002645211378209722882240759
105458829437767082870454610311
711831125087731634890614656244
741901823679359178654477175625
567985231698651076254815506113
546979215174893614609717732353
671308196244168047710004133099
103108441881504777396698311055
160016121137270580960619184663
99785905493285352884595899312
721616131397948821231007649495
585770489008168719599616143241
6727317177743291611538863977
714677168623342924573028047728
124826279498476579476193754385
425189136609463830785145394619
865639286082218693340150729318
73523030235475152739904213853
515793158836961956857661247863
247801785712977542451980482274
488528558177070561805411838628
626635903323779575636372376902
621183853234906508279627129875
988010787751525897672055154735
549123352770155868081759762353
576343849442283908571768731821
128500109007646681294473974721
380105023674696910700782587130
597329257188959732826957232313
780757238426915802025276795431
482322163710544622422415189229
858530011713293627178420331746
202628884790558026760487603206
155570768790683370137897037024
854866654810767046357751912112
681600731501481648628435979917
886045330541745614195101007960
901060400961656148291235743958
656432824964784381661019158039
334741955971991144468902917054
858830351015195908083805393194
704080896691030249317007225242
302207210933398023909534050964
906486272237553146071431189872
981976199917417303689235400067
21498392543996764031153166023
303573385105602093049686722198
591979113351819069230830291578
20853524378238193721952945114
790298426535689803028525260463
849845586696551300549190187861
332526306414625281143471357533
115577699701311701360354382625
496091837885430685323719759583
51723508228985306342915301592
130412032512358588875929303179
539529681333559996159139306943
113030622789611945639264854202
812421901930405950933265717591
895556627598179186122720250249
875863550371249377070234503400
659716098698148882725753329937
961151768437760897188501992635
634208077859473990961047985237
867917371016285295077298177048
227584386771274625006450211459
342563097446892284251621577328
931584158431955022428067677337
355891974611696877314383615182
256368454296435563661676670881
465834845429690413288624673860
19293177616004880932359242905
111364092809083212881242483455
441452577538377945008856355252
799835493822505733335602195592
242050850565026524526217219744
583147810894095934484762677255
891149306346355121725980985936
204481686958592299440068941130
523683297388640508665098221487
566329719641346119034328756532
33702304249636927966282546988
165721891667299323650118482020
448052861627529487450731166723
325008889683459087600390977772
540911480539738479387856346706
375142908766122822457159925105
233937794149600831204913011154
544648159610676835396965612078
723170701353495664363137695955
512501252886247289339741570968
700600068926925921351608550446
151949195579545667459124224733
957407982321449374515596627206
191984381393391597915156149340
234302850062998307210751005660
284677045716294359014949089622
297296490216531766788759221531
16460358669954672432579909378
701437824922760990029917533727
48813031891059405143370400863
228950856122688372404101171953
701608111136783205003796260960
469144356321800329641044967273
156691852129683112199337324406
104631970882602681546297388818
812806807498442043051301822220
916736110331457622887724183518
933727890850615212149900819396
440558655921951581303150072727
244577784075146806037552803710
852432674179638308548968781702
138303820766361801271302328313
926036212650169876565907832150
715530807324249947039976128872
115600189251986777767334771880
469898280058603230471636884730
928375040207739785293671649444
170961558644458083420115493406
107139955936416459194239604966
657537479266419898005422303468
999944864406460148944112100638
582069781507607952569486977608
446846890536557342396712523462
624414291463080792512936211794
837705023974067096618733831271
238590839756147502156954947567
387264453850426442128033960815
518308670487529555333789684867
291179396369926651018626912287
216440081402109296128713649211
443742332272161183946360058960
628468731312998783954364441631
279339968257526067795237228495
798618474144960674593421806637
938824099301466940666193852436
269395622113197010119693234426
734097202777145336013097886648
362637916439142487688520321803
18960040305043736540940781395
766070639723435282759881867981
633628168352831885749027512253
391372269387352353577252397422
859030061308592725715418644572
471169145047930896132134175747
342180770252103034383872637816
263608646683848730050915534579
516080629427546552813890608657
82714536252120773119539906980
660896633312353284145091499803
30577522463019939655297686255
444329915936659804601324093444
208124672869779687201273147986
485707791864261624350083246030
13862942228726844094412909512
407823701721631181459893586178
668008424993095407087007074233
63198218395625255160597714060
737733873306355508523546023060
519855106094135352650496110748
860774264887317358262767304934
353952009572311175385970517628
212902056574017193330075084156
411814759152383602779947792771
733259318767414262960715678289
263232835500511542114121374907
59769652533876340486892741901
187292951799393260358356009065
434048041616338461316243936361
213089095331775671674232032853
241700064263631467627842420886
655360893477046480192408099289
606671566322475604481276643926
947701742318859064040397561707
219437205699898772450781806226
455650362918822565938315662980
271994836286247402682632464445
120334530902852502708160008001
735540086077290072358348896274
683323150263441707672060884555
873006122538902835272934025748
755622457426717591055289592614
141729852641718859666847381393
335320757933527151258773569275
486498836173513818167937786775
18121350538194068785825568923
211356255810900746802426065611
703383437356177510304304509674
819295004475822871446164059718
653098939623170057085715978556
552099653113150569194221246459
114511010099811794885510183403
675803525234143359163709322184
545892831008533149914365221968
161052216339698324579401176260
371795339006061155796767669708
602973404175106035414323768568
316929592477198269018702182107
481364585647804727489344700421
918735165252544831725160053259
717202669444254096176308079385
283113246902767162417287694002
940536838226550814465591312769
794610615312249942951897187813
925984852185845151869539342300
223867797633808093317857417469
45248320922763567328758705857
997696136950170484484452100268
797872315283546526242272308486
983210506153686292299714385719
820355351685073598849004990709
747451728570082722145617867052
198417850760837552632436870145
689446993565460178952660511524
460397295196067258094234892245
244979359085895623218202934711
346714526986357208649109053039
325875139840251225141776966274
502491365794697508930620086555
388176034836216486714451947346
385759621528389570541565383941
539643256107717340984351718514
185839494274869621144341818662
474497198272855603496241179301
200750906890568051735236765030
299907371409424374769763910413
576485879820090648961819743883
605791329823650906528898948105
152722609322015311729217319061
383772500290676194947160621088
849561195675787980680448365458
33333754725122185891052907954
965694085034859140005916115053
996638107923816863316864885058
446184277158790945215995130818
676278253128758608963713783395
421474341236090595164789887259
869629454617868661029513100601
302195851593496956317697211804
780939558889830811613250863341
461534978923274367552756360772
431890298019162624231648824941
425981822197343377639062895705
842629352526764694809288051486
676420201912969039828195064866
195342874733258094928441770758
817831969387270485941608584021
777697274862051814697387647973
979665078549709678933489783790
137731375219000449184948376065
185120581077780536387987501046
292381356663850068792535243744
290607969534045620464224362565
468797108495466397753098987893
333692205040577563416295947290
60168612251558848672951362525
4312603463099953042550113245
460929035932178045881922396114
515906673930939857414953680341
284259104522420497449118347120
20278586424728087380397529540
375859717221237493366348349278
902951320783815997633108388320
179797844272371725072269835340
394789027901977727697691251430
29147210093561711695005940211
390106840077372074652791156731
280795050171090754303478027541
906193702033101837313442360961
398351887666271539080308852181
843076313446243652476051635981
615914097239695122728072279285
798247222610882425783007090626
723665176633615372346490656874
640579243658170457285014029599
818145446697771803453244774445
261039667227816647132525001350
198528776052998634776572472578
820251290725627616349932356102
888867337190132298994335233556
623776821897774936685599243930
831290916185420656052335557418
360687771265576041333652765055
289620659841040097356045399472
736861966125005776577215874919
241883268322937087998310150343
911630770024522251654830114209
396307672799472292968692052998
283863367154059406068696050526
808857234378493209766534951454
686115371984468551484183102671
177318768455213135417919320052
569522384933616830012138851600
872277009680189835545187205504
568897648386770081118630127212
53048769389575734000894643184
76063471577102391132784287094
382681362341811776264051183849
650712810097168528940819523943
799436798957573631269915584645
728116298653102495719367486422
620949103394637441967861889845
861951602937211937536517648533
876073792057211720024096498982
755183729987066354690621444994
307269415932731619898347474867
962222099101968457075350514149
520728178221095193331823919436
564091159360090014389375049857
319599749382048407334362246059
935852499391571460893877986470
142308947998042691966045366786
799524288593857735285164809489
444096256218500592781930571087
466722882899919451724346808050
475818698018090765761885132307
724348310240030697908814845569
694555338315031649304188207109
67556148641560970865052592750
606172657640370029085658688743
448633987326415119441706186529
985451864910858881283632871549
858017268215914495502316045575
808056242001167450746534418024
976158739464044917101588835487
626417340326765112266308748473
181220979817978485260053869390
895928615642839491931609048417
909768620807029694778514163381
857870491156912506493107394861
487722200835544426399203675796
100955598815176139498958012321
137555972885634572597415155575
902765783041587480623159073848
338822235572691329202141391752
116776521296336225304851100436
2956328328751038793399301698
313203407992977121603060082229
410160092108026444181628354226
224189223596094278479767291991
295336673423837803276423487221
88820712204324340953312060430
428585123060025065954369708289
29115987512297294785478711009
635498622605255880744051542475
681059481970362563219447017275
746332934557329091872633708810
174255897803865734140363115217
549473290329109591183548406024
22481253408838742823581582246
968869337758923613144631681927
974473285547259016835507664630
496312018957431363045262980237
158275060067189897715065503359
996698333016524924085573732483
857997903255133486605385661377
122032066728977227814040051702
563886277566148108206003640429
796057649917875760154480438303
920834492622555214425160368071
36646480361452659385998793403
855238261578581176288674030144
843495220495723823561098973736
148474815616210876805377677835
441803236064583898678208183433
393383572098430236896215921126
143082528210638094024043395924
488010025611098600695512530361
828721789831522520495769516237
745010416036954001441494390523
301894945790101651600517661539
920557741984356880405904224132
231684912897841484754977488195
472825860689530988106994101966
356974293627692895292982365222
102013322578672811385780609831
659047256137788018289449470228
973722260884087092012516859375
526628226139072470086863081485
921352587908077482251137394925
253255008338244231646933245454
851884863840904680054708464895
801223714510962000664166521690
558046073746046346043751190776
404076357456685151327101702033
957349494482672319567134216329
256133595902995969876298279648
424438377602902737384968807125
137136624492083871498711260048
211648883220599268941814753650
777035033586359368822354438855
574985908300220256536357315669
279776285142320988765503892598
547822965459280896767218326626
676177383292543695367405087618
848229279102677042385567075265
142000265190217985507258364375
632658213048621505108298382571
864587506252449856820718274476
141384275606805709556237891966
832399439729949978387578772760
457040112196840553110760933337
83682365890487564150630430358
551450889742742986144350101600
581034069825194334975059588567
777608860331186810694984630421
24048482044815579170482063008
589436787475066447568218144359
421796142721540945147517556446
860158026645934175846393924017
955666783843119242428108667084
517669342738195425765155975663
130982885245675250312528522273
144191974153535277928174911972
576505022441835126041524801891
570238515566649372613447226727
341642530519053427538179654028
399550270718083840820021326840
221314600174411874643835730608
623006099280205588290108858215
384126054188770981382264369631
744061149560157427390973108083
91275700518907415769929325937
727859767638061636422528246928
1522574408372619464822108339
53483448029635800826389445723
163975954139225983933112221614
922527775582659848614533066110
859481977804753189471565178055
927855102927781926801289553120
415898836657857368251216906388
762918447167905017322391092401
47069633608614261750332561170
355508725748917122263474045013
340226044036107114673668724677
678244680959136657503131191548
379802196065190881557495619752
748665930495393218192914583949
154088981271264113117140179860
486092224649934843089484605944
548285568543688989102945322038
726202512400278982334888911679
177680687687593664699120421375
101642932026297333719726817380
371060573374912218934084535509
748621624498257060866716804202
42794891525318888737250139614
677068640978304990693404096093
496076037588947421836817780220
452272841023044543185244756428
363746850473407336596461264203
287401821265677442524159591943
499464389262655421876431573488
480925741724699302705295096806
638899950807529855908896160701
838273807244007632288990209376
467369698107452025143817433860
449581426277336118525332305492
170262288637842587824284911130
159799899281222006391114555410
865700878409771237048504802497
861358452348259427038840554753
550383991567571547799116980384
349437691303888035201640173637
491733033241673798756268528501
105266761107816747114709195287
297171935278129020813487614838
695191514589846409232271569401
954247823210887818663933650293
363298287123184270605352928975
984479309743860116718900719950
190722036501885062125011290977
375068142473936190353045902839
637015893998300280673198889225
336137346557204908409349256532
26750176874562103080317486240
295774425757135985733056916482
23480027354439456105915447334
127514563798417501568713321700
189938785894849388162512664
855750138271927420428499013092
93520785582443141200242996610
634364930772283298606278499523
630750123714997921284501192793
11951463303026307135324434505
779401681378963919248252164879
899367163087339181138981983242
692724753053759974932252912274
301024404535012741918682360642
784824234281361704546576741410
641983734655267520489585676624
709388011545097989673532320917
894895764300782147856342512410
700154721290763229129466471066
834688145980411282972517822406
571571881962729462954230427755
548039384666780328990575754037
995292673060351737543573587204
740830533504327614358083155011
552771594538477101438189571716
168076510911071104183605030433
280947710475448695513804598676
812712620098055414947843002534
854995787591077588836270104710
187233535064275016006589310646
773244033400026433782614615515
987390234803638179544618176361
112095109023714638235368777243
257535077842571157849045671200
82244789877208677899543024270
899349778448947710364402990991
893819319560805465260964595684
587011877947648076502912972568
624925795508672160408066425153
598496257572999867150531485883
333183276784513063292882771592
534326928075095109805350807311
934581047929891133352409408839
391353996940224185680281522014
573550292460980453134841061251
940749540565839906874228022783
82221269732047360560836870413
317364373767022408605481982471
936507113696344252978444502239
958095585893325349364740606082
217537864920801762253190016135
451954033091360410689016827604
801222384528217625543961019938
914795322204237302162019572475
971667344219495715828652439320
582322540042287199954024761061
300964630687628324724757973250
792826562083870626412047931085
746893084702308308782844216627
607749634464554425989773328085
373303958094305298832851086010
559938632441448594705683752784
670569662412577032995022921392
41583379769784674911790507821
207505668020732872798107003194
251275560514985814083397259110
141705083090221891603684611012
64781209841998823187168853145
327998668063139991972824724344
17384997516818554566468744303
535102091947834957548747213036
902001721238402904820739904950
703553530263701813828095111355
385666512847029217470254993912
325359565424108447976272030616
853312514630228960976747343791
790800946504603656942145950848
317586692486307282512406312556
574017524206610169622447758099
725736599512191839790884688254
540905169970854703369226342764
458371324131469862017900734742
924864764188030513905422656798
721977634170796896213862697079
540189192331264296932895299713
434046117576580245962559817525
904555158269741065161307582752
772646882081921620664082785335
906179714165919123716443991124
761806697137004348219834096142
424419104263265322597846494055
789645900230051238918902073708
300355004028444259178267408433
873683131005368098121216158266
473715501427583967986746155382
972495557911070756026114110014
983236833153964241644230362583
444755157687016147845659687805
725905868332475464232266784556
955334838622985532508426513305
846949552795454514186792782872
977954669038226106666387437696
900513930996620116899018083063
166957114583857080967668148334
551055004955493255737974517476
235688173863201930029780516555
807680511495622265915576003417
476671072468303528089005913906
206624415915955968245938573449
160476205644499661509594387325
952669238157419946288814828451
43942683785002990196191142258
306411465223937360650394642060
287168810443756105724377855501
384320110405648258057017070746
326140980708897878545175078785
645390642381057642849451890
739702732604555758150932275748
281503782253760092949214267640
586143395026348277876375229902
860881013467504069997823224126
946337752650310973975270511996
981374177989503162178628380146
314571029469805161506753260214
439020544249671232933656479271
558917816492111878658655048554
790779984735546173908705151113
818293691665350313607835245430
38793118934977675263056599523
401619746880214798717704050552
891002387706688987914191084823
538062682065464980327487978405
198131463693971552302891937692
809244032099232667631296646793
63395944077160579967547927679
320193835408220727826587487513
9074568768050997273668521997
512010749542154797328053088797
138024053557369498542756302274
717102998334744913115357229133
259759625862790707799881488279
323013531045187757904970759742
27055990566065654513117720188
718283340479333578932080854429
425833917958949008354281165779
388677835266017006486526738601
162784060755953289907741138600
783836964321582381157822111056
304514819090810618376602225350
47248485637020676773151548838
356918630319182893471815224362
995632913685419839055850948401
511716331715774530623238514859
519479350815127487884711672761
510037826687443759412588049404
646018146517646930771084433009
692495601104950209751033444406
458792813481107464577898055352
927903067302533184377148362559
59894086096932739460996753454
956419945045145221357452246805
196039296017451135567299560880
274413310910309940633029013412
526246575982055404671147220413
536604615475497452511011927879
444165438461209694337597516128
831713830137728484091069094787
231123344139136912612934713308
385688129669842650209863107584
4574432757507686006377063246
687799479211645118757941316290
102205210435526201699249972480
421400678256754558409936019966
254893213568054564720032601046
859292072964991451952493865816
293444152429718787769016941153
805766475928814902079334506526
687901915197053968025668368450
358208165841605467264543420271
668056031370381537948601522003
761094410198971751598692436602
478300387490977462560965023477
758367409571824084116102901592
169137399321982850113997453216
183645739331056590573757398976
568815979665942459796298431833
23220565228334786088712208465
592736039594018465628398552882
831766240012996846053911588079
625411234975095100491390637838
607518229944706727320723567148
366431573608992470332026059453
930558557364754611778484240977
932451633721332028586893732021
345632491698095973301382883897
293782665351254217819955772711
642023844823386195958095351254
133055433362481520281559705364
347263467455055192042376127835
366932886504735115653016681483
147845278932896811801854195279
264250927557493888736553544695
728448033742339287628235172508
316752874553944408318156623884
282444785409575430967957217120
479785323670407384399774420317
695338336695826448928893624634
273624229086592057629319909741
364709688783513767076048436867
18830856764004878053117540441
723654901695695064646837136561
67430291092453858661028129123
320490723507729665621579543127
361101228690162070704843314501
821748084786632306948312568694
379568629986148800733920868694
591974871637098607984527560750
783448071725906529248128739064
991960786024547965589307497862
507250038327809262121250053166
656334106660818199807910793574
241883835728178781889322652645
810293104135370766824842416869
16004860612512734903269807558
690814775518513605293162651927
319050430912584912343013375892
101568569018228905162854354394
501084707280580049422233341546
58687615640648085372178904933
13166289855456134672517233247
91783507813070367060492537795
573671533241878113563655897952
238913044904511495682466020295
900147749861310691183250138661
129556142317604974884388352668
901818076401138172386015255748
548684424975543121848639221072
363156317417848102456703695993
693716025438673261414239355779
823187046155352314641147315685
674426203115180861178581975831
285460726830538579540962675137
768888532717254643129755194511
743838023571323062668060337418
358334016534603059456166252713
725766344267750822148464451470
533128305335855630989121676470
270697333338922590266068014812
953080757856893743124908320154
457672129034461452231222231429
262821146972183313562708350947
85661285939624825320818365690
435058685120208883206253322558
812734678191824975344704351677
191684205446073428153071251982
31757105838336460132285659638
320286761859155592357737195809
670861739599884903220336855780
392854015007540731438652993989
618562755351655026822701543935
417825827085045027193027371224
601781298449377109113539561585
559619820852266829333248566085
144900897995606872786326784730
625556814660997411981826190838
139854919697567958533013801823
98503913059475442640132442232
431141031599694334906625080491
622295477409190435110530392929
531609985143731164495260073393
978907893399353700683284748096
370518830584685491856806859476
26145017119921343122394988275
480798834004237659426242190078
813561148089845418219722082690
455255753474557293157806781529
504112401716360772629347527671
418192314217332758891348163417
788746839619536469888684343084
437119706129715509812094822337
328192784686291222897661229990
731018619030916101928026377923
173544350813489854184985228866
93644167205893931215492613652
247983997645821341107103709813
45770437828230026155250374346
345807948771893352539029155922
27430773292664855958817734965
131610961745294099066894958519
618895885272913214989012429624
863292258609466230983197072903
888184577021177192134224239526
3163783620448026088745383382
654130844024457597342297194809
67465674931621258823058659149
299330635892034074478416764354
959729851114359043480354811113
965452119859177741244693954960
610528367710331435633455668582
97356005158943725634422248438
459677006310437753350381448791
281566265661481816995841484467
985823103044834764819689187891
99906400932298343617807300667
324988476455183239841444640536
583678969818259799849873665849
86149368411234253111526811950
337491838599611673861122268709
544711892901780622149100400954
839413295089803700988200663384
328443746711691717579138185148
312486457123319269176050558192
876217445945949671976006631440
568023045790074917784038242309
230971298278471777890993376275
424059308299739818329653047755
847081188282832945347295206091
169967093355934139147180272091
399026363970928653631583989290
296749699527879937953596406316
151085344035394729378587877355
451080035267942646718876503588
319603526278060621529682581808
933084415058170863095287505733
763817210266028568703972692813
656770538198094655135057628320
363594280494416960336054806437
637677671085562643422224468302
827600112318782745400078839383
275090709041310663116999276643
72970567112284315402298518235
152813403880732000553213795765
448153318936577651750762523631
633903304819702671786462952402
537657354265420945761925090728
121943098249473820907272146280
715055394282667274037539072451
650109026639349276063036496974
317725314164902458134926301469
638019376901369932318123759368
644126768929501070231746666894
816316544951811558212935177517
436485229764478535395739731121
925287160969069816568485201150
354460549379622431336201642933
453761804315026475902367950499
967945041560164435868331896557
960850609805948478203472574224
885517722354431681808356113850
790528126800730088265147991605
174747303213826817817181219481
623870732409399989404309659159
613831076301562940279936443803
438478468745132547998250837240
292487132950149826672775525509
952184037325383696402787063082
501763706577380062937050341282
514032641294066429866291174493
973132501020961175513201334181
537273252010188075911011896565
838581050714924891853248809181
607164837246536746600355501418
690649807268138974999633200673
481786597652685917111012083769
187192762938893437594649490771
298912387354831586238704797310
261291845429494238104691264603
919110071769555658020940965000
468159488938126995553941479175
373127210199086822955869906264
233343367956303591404942418264
241826485003794860063267794124
107053548757697464163812353192
203885749001749249808791987892
495986675570497964974143047905
627666919415796988264836250765
154642137449537154475297817467
186910915712640205123401682063
122630933904205708168769751054
120076250323071515426099633918
427971816561912691415276679976
169455466616358091050818458766
633296125912470073599802495782
731419565628281463898735950394
981334954793144322783952520620
835341072290457108080273052928
377195789003242928367133181473
155941415882226145252726646552
459271892766981783898857060358
805115136313085245559152424725
680412631909482920406507203710
700340331335866190609415467028
821909481994133656038906266693
607032507942257272694857040324
756480278857237300120173730956
754152116847281176472199756226
543911746765304212375187304217
339812232427361714216275247824
815339986641663986987315396345
858918434677428548766701020407
10961259273787231915660521698
764890360715900515737494367675
623236871935643879426260364738
748831246456299337506616387300
557329007535907834807167409349
148048009484409077592491938072
558494781576008981324120987468
937665245175499136163765400143
846343036559855666303468902486
81595764294916140352572851001
744006058609689438323259940512
276168381394383397624536411100
203665279914845693529803843676
639328090253727209737962863192
759218543675032597108309544125
278082616607630940498238770323
158978784244758871261633618883
167607959691508304166203207485
671581846585524109093267943823
510239157115923482938279417745
671817451570319030554988013572
750860784296665569412614284770
285601549305165796588325882805
583428948862331486908181819848
592411936670330749535271980999
862120849364689744359171095905
748671772340993944598122969129
98631580074612261350637006945
963630955107185848767221873277
241186951145597378857711386743
544414014281184414100005311648
409147362017555504419278989588
234781634757927662495542674012
859613513329181080796464478581
119019419869947952751958144483
797074851420095354736627070807
254124809806944704618470594065
595507637809285294517400383130
31469678910836284053158402736
267719662695490938012548407163
619765310002860458892220383450
436117699549875593317273504549
441919439373661688884250925027
174835460185106271348495432765
705311483941626749487126801827
719408452873097648288415701611
469931361752089994459491961287
759930327583351334729039200859
191393537523539353078336813249
642688105790141514523081239775
985866711262784376655511225232
165455249356535180778225826173
316633314710007321596676221237
765011934419016333232969587483
319719113298724205783276054855
978148213220973286242209255439
401234404635617446097784492224
732718634559595257973470744510
742622694553429797749412935422
190270126393170451501835674876
470600989072021369582360382113
964035697837595423027367218137
243534106889759376543997533700
149121463279355688564224195757
567229859912035965901578478857
383714129734919209625095657068
259858613099902938588770988815
446340680696872537278142305372
242256647834888600147008104878
568884403002459978055440797244
312072857498662476578370611817
602893491357701959590222168937
708205349540397584920218693365
239553195902742332602253585579
150248705099006297969085110376
446859244320121489512880350401
92063123456788569738763024622
549359930354305647695216295665
946644592299146747610029558027
21782312750076940598364793767
911757639548851122237763746077
59372596146724547876722194523
760948299981136958740780871393
642645926620819457428058340315
482265702692827486854665887723
273975833730908795470895280725
887910381753574669338901709819
38635932015140685284251287020
750759622005696952390005538192
397387290481548138341874035358
427328979615425262861736741981
427885713491330277445327615118
879816735658763877466428784237
36487908334299762057311530536
76885404357709394857386174065
865824799321014408949809490312
637930177423681093257455415449
954425640197988788870145507920
541115421939284378773538920380
595665865091484926578996048119
859389337304050209551144819444
417658397697466853986408691273
496137329175841256656623470170
392036489167483551473208382187
797792666213722372964052436545
852364943890263423539056543283
803887164384265066393902109021
999465164923742913310798885588
240234745528690191547091851689
597940153397821463309386018173
542149877336614653649274979386
309858073663478603327880047209
755328171777725128946470526310
742125490995480648142954474584
353198336215338172998404406726
293564483747728703616922909004
697237186062809901022922120061
139796971510515637547898341412
799821393623511613851416907900
69970607463871719055477307257
372948097585780861922039880924
750348657533162176471106813936
402309983626937412160822273451
925227593859218320331175026547
992115803556434868820057829407
9970112813700438326813192272
26399595287349370289583139765
191469673939490521258721541072
475208765272822719721562327015
709433952730321247015799740647
913023331732701960140711864238
710698720376210528496885496127
789478526040928354970083990791
148632593825815674716436569323
258752540373904287786316274941
358163651297290646904286505821
658112780232602344261177493946
971259760988571643069816482914
72934425423436227728039999003
846036208201335621994011916862
410865542621663999703644634909
228267026157520526573801214923
470744390429615746444669037410
512297198332958966739284248580
625857569219312229246428411322
639363642579569929884816475977
996604693626488957738102570873
355048116742800707442401240240
510184789941293566755935142146
974739484477497288216019797648
13097396062022497913173071332
644917822297622711044833355004
240921301249004800211798374271
284304323224412348854431032328
109725026811325936709650655076
182174977884657616697701996856
384783153142433024534904812072
450813400501160451938604020816
802002832457684311838331921040
850940067265612988889534551052
926811461798068515989493269567
510313273166745569486555405909
826863563003880952070772837373
491738740600533083913859277914
500873846548275421637062832973
276722453099531015296598331867
63729965655162750430224199638
9301976366118666936532369694
945186513806087747797144771416
249030866896674123427530362495
920632879763557552800395638612
413999898320769933116661927904
159811422165823445724502970142
150175152796469235071301140112
56952427962067593841513110227
470323459120513626542320471005
773422424480069062198074907967
462060588603352560287232283077
651300598401073960355941873916
440779863259546803087582324494
354013312737722222984350717718
194212010281641229913143983638
603649722726078991758936413437
208702164382214734525075337456
46640770620358172090776115573
786967139539268986783809168323
308489653751888932667828321896
780794003071207649061428286287
999235210130572788362193531030
912531089453340826840948593266
242394742275603972835967182899
818085383142424406879452714806
555540080847953998338149083647
851346119510293629428968831608
128850497137908963406470703805
123083090076002663985293247309
112478043065889835571410289012
851259183317292590058707245924
778346987239793475380173842251
641196911086752545701133903373
273802614658684680728855599086
827021734613215566382505011814
230984201864739437668093659784
890222170123936617268316003786
161739855235851645405400922557
872114803676728320147703488215
476723731500479625022489488755
419713149019872177919542736638
499352695146677870921047304092
48358282539155512389895686684
724252553200160110545731050142
157431673438803523839003455329
815309204517762296537266804212
810669161875323504820792124589
133962302261393342372076023146
451655700453769348912270917661
48425511992438581390305072486
45641152713326195312402378595
904496406332849260179080257249
937528104767906667360930010534
725899530653065338412404698112
878224552809894895155016526831
584249556657865197216170930179
703658507784090050748831339241
987279538891401139679052295208
537814942157396290186226576149
912784232155290636503676242294
78170267399607346909011458751
82880234351287568828164697388
865802798470995710550406203154
460379398436948643192298709650
753490178596609264210103698589
529948015650709830309155551332
349792651282667240219466697577
958273399777047364843555055940
841491746557754864614640264005
806106368436771547417149728257
663325809425394403638216894570
400060336317341952703068660045
277383884448997401642368449626
991598898504370362325115765179
329523718639940952522982452467
931022347047550468125199676406
964595924596761743301328076268
2406032208453408147887550729
881627525258019846825388013572
300607023736028335708376938861
774033440288376567535634020392
518754610106667222211544524288
896593294216910677696444733535
766203607741624014158761103930
504324979915970766395789645304
88801579198339284063842929694
651598044602346654736946000508
489053760954232154237161719134
965073261007264150721904904293
922796460925899964613364698240
383596120560703869881514097374
824540116035197192378438800128
734345867777594634700340847856
606700052006212602359248974368
652042507493309548126611549012
688897893336023127795083614279
470482119822367964444410278208
461369165534547336730300291646
636018043153370499288115662226
245271885409219588184391709201
104389354081809224566888525207
740942141878939401400802020201
213313205379231983964387415127
834233010833692007702980655694
785680196826563061233417691858
44253046996479335028545704003
174129359454726209010019927212
437783084827332808797241021986
141183212857055814514602311363
53162977531347329025640257019
537996463550565976995592679732
378659047599028415086809134004
780116934748546695982143461590
432169375199057355023996406301
277581288094222545050725231813
899724437430613052277417305388
303351996124723408862044099208
497020076877649313694506792149
855507636533184772103803534664
327398350858879209211657766203
611377819335691088630281571501
823268705942581142355554786673
461282619750978513121626950810
401279007075500574832416374002
757098661304958674058967014803
435261565875962352060745470367
433742711520846715108473529113
392187525629015005870251421041
238501015548573722989211176936
61021382560565775847350070555
453900355190136784999718461863
720597161878460611577881236053
829499477337585682712998328331
473647775581246781393264690562
901781933233904173381472380501
427167012059990996124764626324
739541026066788601914976725521
193560978684176365841610628918
998230343898147580104084923098
818985582183533964961812838022
447933110826695291161641743214
815730979105747627590168798007
278997029578696294094557973662
292387801271002467838037956936
636019895833385982558508757589
12264795725678671264067986242
310480164198551154317438318427
717772981901947942675752337114
340551305380824033148567742781
906228355307865510366845771305
887589175223586528311305880797
133681449227041813875110500477
854468695935857764738818887834
670093088372810101731538130865
309293775745783829550739540076
740711796230177411037302682386
397278230343115402702778700103
528772193245593357871628945073
834601894206701958592952426250
800619102923376455342552603199
765133425886455913231011592695
73783430205736119844394440283
403081191625840407521764242089
61333878497503843812153623127
493980306889076127592572898023
208053569253111629154444611822
856796621552271907121332239721
363306165168314399705371950195
309775786323731364072679641002
885436785608289213475647152448
572023688445570867771194601448
491066649965450878480436571668
24388615858236845600077433958
338702901292286091108114832228
651692644642041287049794502667
313624252748815783836909761245
496635898028183334367208700060
757682425638111152780242074758
735022927743437933390062286416
222465397101413002454908678072
625141156912306478439119149015
935679723880185095297837029783
830224633910463224408377088120
381853696208706826843386939437
480683431181000386904088551990
113851377102332245573170739032
26548767077616933494575948060
202337007979864260113058415187
789985383114980673439542983978
263480136344043355983739968837
801700125813357790821346281684
767045826612861442559864800359
645631894161968723531844805780
337405512582876548365228818796
919819427896617737228781257941
801074337850504741841037353558
156604185350631954340653929480
607849591804887289170577841747
264217168902749344400840584245
67072858222258926720493299927
712004816356884220680796307238
557940912544324020627028231812
99210257882290696690620687421
47516677541826188843107638765
528499053671974787153414278938
626774255413936590715627826519
781176577250616063003633757134
358851746371043950771615680222
631657561594794762379270776057
309966211174049930467507944455
313345693468841854407661861722
701693572726301651706463419865
877932122492009727511772179769
28525379412358270639460413320
829571567020115061069422109420
57566234092182301409001985262
625520179113647587765314009709
539623785711329476427850794740
115361149250217846259399175753
970758317383841988268766410923
589841548590922649350760387064
919021847330694075736974451321
547268111084183708141823921878
434602006011431588357497972367
479382865456250654836426580753
124037343106768166050873271909
985074971902519117770085592492
989854108042858842475237670845
538480874182258293661092118271
193944806054390420840444648964
414578821906261970201149665669
159330528412481864071751164348
522781363172442288840649641305
170121979848682461760962076516
447867210246827412674037866798
38792700412610134185034725920
324631757942750475984048264177
818522767917015464630596360074
916003581717208596467994135897
461049470922862536604039303937
982635719931964185123207808357
20873149021838996704994973858
402664639765879760101386902152
984231160440157258962865159374
303417178894581021064950416577
723649152295596735628283947177
384154293660960321126311961012
576588133541233149229029863712
360291915301548070664301572841
989158336529709384822386636872
889758048439196499100683014428
482447676756536710758888597065
6662821183020596815306812367
751444427902413041244899721020
879608664773694457882683505476
358985792389637161420807296432
942379040864012503961958677368
755118584951053306245869402300
70302858548213289573508869970
155598454452775558938841642510
308976815248046998293087492718
153766095827031592011418725601
544077035543660607374463502023
165235298518906335921035508411
374237699590354281801162135537
132085691908105729217274799268
661639032509015913586805304623
31339685804906046459071020051
180764888845309872261916793342
25960026020138661226484157476
577499223013142480449147814793
63442355796034728239971856986
905509488147647649742761883097
670806337797676849392192551313
569914077715636997734811181773
411316919603225554620832872764
914423164835005647057293906063
673716421570920281761992376180
939791729468375938245615131046
335383934928097423213155249243
826448162868670612526676214495
415911406676773053386707512063
946848570170622413851820814241
908221369395357762810793947469
892893207656021884992724833666
306625325465740364321015875950
662871889993065155523993585589
121434240663496501865584551175
555595840367622463593088624754
833494798940530649352430585626
428719660548187511860346501582
987699387302009472044313266140
453652888145408719056114097806
985786788444002289265128920132
405187686898133160768120334737
776721457932462387557944409109
553365389960596523346936353220
701968735524694753416831063500
145623990795612580574705375064
6239030542999229995816925189
254387001714240345137942579533
847963465486121204112930368918
621867566183983937140086504034
500826811915008323972611755370
880433134713333918616096837713
864734422829528822218898745860
808693375094958829773480670904
826770172689573659153810638213
898774911901940074937224576170
315174783569363892204319178264
904973705444830768088516492587
777984375482597866349748918351
156092287564143615948197973793
173933191943834103185328221452
526129410424240415663390577715
267827124324753186606275092956
902012187687681772311266268583
782450202390146591177229153469
304839063804971703080486892824
525118012380050966537519356252
527484092974041504036659714340
315674253410513190240667876607
293501793304166761081382676730
394894137042604188510206277261
654005999398683883628232792509
588951606220902394541204380954
459773750475422208482496006745
703442112960902170777625219220
845725048344747926149097965265
195823002698628026744868092268
289349496056404522086003790454
203144882682855367722662330359
585115756864625350744074843535
968629078263192648113542864787
100497441856974408519603291848
86639859173339425550306907692
293481334624035158757477620115
975323182898988996051320166230
134653815633180650383026765250
865829107903792584069081141061
924452398105809584206556337030
272647543333420666064865861315
769153927266594968393923013546
242036394282587307921224778360
480129096682436906858807634447
742108344715763168974629868725
666326754531543276094909351684
764756447702463017528345305910
877378915039219485214956380116
289164938821590744411444372726
130357606697759423856208400985
836411564882126881752211968595
243982315501233051103119918329
889724955457108284903390426789
308929728432666936821825499154
216231687667943611468423641200
711748548015771893138138373449
866651363733563183698479139137
945464810125134165161905317709
783678081132190719701914578685
591253755965413725923133598822
806892171422032083694243573176
45471827527468340941072697576
426210212836228261253541069382
3507033739580409788177300154
214218504311926484439948213982
49615173280441813999783554898
113961265736892934865094776542
24988072606021690792276593192
561432869581578351287338920070
502511265301037403239670412423
718446807659875218515722164387
412436201212198258678903308150
132062322610563985567355633008
172364738181862272261270666489
687885684278172603921172808737
238695782081081558469474317283
275877286061953465033811857892
440817202044103029576986827810
827345653482404553811336021512
609202705163399069370560357353
93889757593616178052391789959
567169697307017541876409758510
540519441132251371036966283433
182488989768592863279054091474
757080609479990809724255303108
766500787008214609843836793122
312570781619891580428132011222
934873684948486379321575350500
593429052524621737727613218218
845600718449745620195185304027
244279669036282787315650999419
291786493015163496724259557862
975155008688917951314457365391
549964012349632007216199871426
585144828448570972699736219951
693297208220044214057746934502
592198569240647189049811144829
972461672283258516352125104496
85578085660739880800329558487
483613248198556293600001344247
134555648078279320827408042886
532659718446328861226676715025
923255286744520123528883524542
322695813567845393140105486303
179416698406170973488342010424
196639323519096005888452849672
717081411328659093152356443393
218486849522330993234591534203
475048856817234023429842746879
73533106986659377027459687038
330424484565454152446749136829
258857445216135809442432362016
504869563811229933266806546591
72184843258689618686885067517
26401124347711384402858793185
47249432587700839672027347980
837353365194761588850770136198
680075611680657449439956513966
810223186766652524460562383260
421657143861600421946806004047
216666571642999783662040017079
940300403231791008114331100361
23555471022661876877801399669
689267353481600456026560829314
101236898701929340533226221397
496135829302017797964210051256
723107301356733389891795594140
121379476646094049905886372363
261632065871083456068414971387
350541934190280992408882384468
118325662835168462266187600181
989241458678916883488483839507
563141788588020214220213589116
612976385110926631932650281005
898459105136330394305918666100
695988565035023281390720240881
838159372409612127222817733833
972318040514186044410176205458
339210561487098421706969670303
235113459902388120003576443024
300301528566722109826051772990
410445727312737279586740891701
497577120279869621359652129038
271650129005696123411449799110
479986199391239974317020225692
29063439334418964778984664556
904247828265489626324679596806
717538238880597727539880831492
153139658955411628524056373390
887721432826451004317002115514
732758351768068867301208814725
524105018199846463152243305109
120793888407235355889479346681
905888553298174586969752394653
968842043434406277906226264449
317135010826567676861569376212
8860556577324160054498176376
624860503021166441388588862038
633951983971169827764548517558
66258102049139426072454025149
657494600948333917929941361248
970327542937222698555056418183
149896153918725922869676981956
90695056767303697276021648042
14177304175437786321023432112
683736158081363552355852308447
851656251165511133203537274723
927583274308985513201066582673
657686276345845053145193705905
974179944993625721778932774631
957455640340036812066525509618
628193958299947129305409390212
134729709596849236550008945828
108596137441211727535350104193
262746389938091881494618623945
769071837783618927223040231006
308782902843970883994896772838
400816978141132081726785608329
226172214881270778781446006539
269221679916363113269803761447
965928233725615062985593401674
230037448546506042773616250385
887159771596944479727779390010
198809136518315106454713222328
762706705831661821085973313822
182672413160689130198818465908
74369353043383075444909705188
485762477897408453248421350475
625376080725827973960354138824
12051752028590850728119821279
875754221891471090752792483299
258027252409710409224366932523
316964052005033220900438456101
353020457693197595277157937366
221888445704411891608356987927
27938042816094361922230790728
550316269120505813529804844971
730775060267847907693975946357
523446733688785938475378487458
326271580670455354100431657816
153855123044212907484697968191
696222285717180476918204150393
859824634932586959031406788576
347349944016252695517272383830
213623689802085122542577353248
495300195219852212157685174186
995584623438516111205603724256
40829486138834968486444087808
368541286793071011016659162668
201996255192286194629683499302
532307412385291601246570093496
870720436485533425634781402861
681268487038531127905854206490
927119155033681782435932477713
359764605533735426759382742570
680074860413903707356989164390
10223613378081853477713962024
26169275841345472282337099941
882993364410610064298944239251
52578122004077506875534684186
968782109888493021490769177192
363321634866372840547021380264
362026574792571045600919332955
778646672440465618758011280109
451699640810739083529395178903
37160661513832930607783382697
620325696730405515055714004019
53714888735815572776886059647
690054642022446955365742964923
343809673112638162569373839697
481855865224161857054969427093
613429974834107752514583762150
435574364181649707069740816896
295269717254992914058115663480
206778261338611734192901623548
312989470812153425595996856898
907309825190441934408896687167
278575547552705492620756048301
731597182209140778760467862063
664462754524916084676292173751
10296198594122382547776790369
668851309925853075405853526253
917353215150217648624744321013
154435626929587706067651285340
445344224873345493502990555590
780764356563190287864595381768
198352560647384890761796710448
311218408757867360751384164944
944828957092636886538322354154
463236089215870601685138525711
735221485104875088704369841621
380694276217965137115636489824
368087030458387029712821953560
939335203415562514400888615583
919369104841567236365341251232
6695266205819667179115491991
468849143677975532697431045206
259221258665308149932388669676
962662782294774920953822769028
501964130189695452754031981590
581639315902384429799001125505
930023308212044489306162962859
121457811218398658068917475436
584196040382596934780190809007
424537441053800571311479109414
91456240285036432939826500338
419646361389352184564732065628
892293423690701895992438724187
370390583510535466363973922710
482006128434734638021516283870
368898263373723601846229413083
174408128191894911570922773054
118175780874249109614771186478
738677196966784803264029126441
243225654933610221031249844775
664815602489287602340119794516
549073047521303105877485577986
87383301491328275054224901589
469891201198575955943680723527
804753387787495532985603692988
682491516552619090455165380559
29229828149258252384357406042
215848017473761074335231258519
967781797508286057001674792591
924335659645247107678297747935
113746836842149317393002466913
559761680523264834459608708210
939564356994308309219512917765
520100332159789698083333985056
627286734766432052047475721609
577314505046620909121924022963
287311814374716834410355084902
729616914078323733387270775999
693018040443621635381011378176
363776540211801303491937981176
141797698143944895690491274666
956473257343533201344039446045
244436678665359982633453562030
264406310086742981292449244527
304150356061579874248878846778
495778951433547993537205463560
600482964195195219954852749133
121313651638160896452517983581
230853089420639602865399584981
52696317294026783651134271083
294480463067599136882750815947
655991408358003798812294056833
564425519294026819158081153404
955482244616399757825968369777
103400655514918417144932204303
25648254909462340483783483523
360609821807674044633946076335
156786322245219030091676188308
263356005134774019731880726428
487723724541026427204014726403
463885039652094155467239774600
349376708951037874947196625260
703693425295849433829264816298
863235625913236145736697530760
915597426850253409251894635711
651686136102562082224689702749
316612501423062265305438663408
237260302967173187344910840344
812165815892218496524279260616
188094626957844375599698416558
841242224793299754073722378595
640652648999518043107382501539
803746548619493755851508758347
767296538594882586779889625078
94024984630615433427023142791
81550199128191317931805284806
59378965803296436258560303623
352339395935994947865873560273
327169090255257439067829717498
197349211996955676774876842169
628840170416262997857501543466
499756713956226135268833256666
125646289263986822684504809700
951223152130719920741997513122
494830205264622682881465231437
152750885300592732131801682211
862878459428463427005039554813
119019826636632323316101543130
1149395398509926310208456285
552169745790069379433198054954
103434580006778056182287994037
235774302101177254711728238319
396909551272128683615486259989
930390554203837640620562821462
692141184156086406101165561998
693437554723069888336324703167
991484041936815986540143975702
454562513047002194960610438945
663688044883983799940887379014
439019999255788659987524383370
151643517193643318506151860307
928685266198071934303537530773
978264645995890904515683311765
554149017659621402832801329733
365293567359492708169162689045
870227518759783833592064401584
30694475735317548197287981178
675125196388277867428955535529
406171789037497302421957198141
572532168744205157018242469668
390418443765161128831007626376
642178654413279315538104305498
314616236084208223950578928117
90992959459848547800652166176
78237560353272863516880781687
455798104859900480523903565456
959698899149897180705167481869
553677677102282295802732962948
13622731716066342614264013425
705334777256990128822689699995
343051171927046703349700848236
962989633431829407960898583055
762625398111672744177118583895
99351587420675957695426829932
297874658394672112491990290536
298901823098510240614783357305
285633107948796236773052924622
305754794617002677087225428857
747494615741891965836376963315
700860659707160761978313588342
580997174480767025960802765096
495453858267487844407599303148
400381659943862717329226641286
759417194133605974031670989292
419871641246509606807763111404
552524364480555426728569586269
480938151159555275589013636133
528164958195965521249168770240
77312140370061731441612635450
467703302489975901903228557824
765141488753443988412967446667
664460541636290199627147412428
551429564799532485478862243042
887371920076353093619515800096
923763537976403329207864285342
537776059089348201423955213146
755688540900246333252461678702
97340744056919718343613010939
632628047051284693240485252843
349603376408635418123856608494
31287541408358886268067257886
105412889054570694374845465001
87024284498479427342132494629
636437711110113009279724481129
48776152652876097264323379314
960350317111977968010907866890
100574457803549618012735329925
798637420867660009142489296872
16679201363395909242757404823
383292229649603174181693607566
544701633660059546923768581416
89185116207572029452687570146
734392050182484219112076981742
793948223907027435321966571908
76143491372402941328670063164
245308745900023363329052520118
266933868049165780796182129551
149918351055553433403505798696
372579766446873063311714529516
891898471481498418584747831031
648732795128044429531152854337
971070227209760921575026476091
999800509738809083045201408331
320579509547272917463009571868
771230552826998888596936612829
933724965188686759215234379478
780831592017972952967812201283
635085403332165321391455830120
382244874941818657676763331876
687490887271966578185546917398
675681362244799444150496146751
389673015510702884831223058223
666074223792530646826531767895
828786185882016578595165771958
48210647305441116954299316752
69550826870950787246602692366
261108663355536002000911445743
793732165658339548505291938765
813324787543989248776450472935
527787647721625553050169612465
424535676925265553976417277841
831491753355686566888631828102
496856893686077448542438560686
762406804558319745468844316903
802139331433119312302107812417
452202458852154236071137403305
543252176928881427609770637414
533839632673186418185984431621
18661070159604846274657677948
634781195047350394159832097267
33665497777866643183410344760
905410758339071152937701078154
592429801398066512788805399902
831251001952090930505345113575
788132495146083085899564606268
682764929315464337720316201964
52722645369794214085752726118
29508437648845676977050525746
60138614581037965367615495820
496947100879758137804905627459
248653540592623575811580725694
758409240748664680178300019481
282697192761494011429590031879
56028026727235713425088447221
332251865470780340687747329426
240003466670162824058260024777
368065726313765624154830939084
233093671226528935274949279106
394454378487165622569048720255
211277039813534427476569872452
327762845456077522911628960338
433029712959098931445162364967
592433344110603514937198395177
307097983303921522372561576761
479690778956162196067259537771
793963866800157407295820836435
186402971864200085817661563744
485013510353828151257360139307
921065079072993031873898310589
181066888284022674980725258186
997642014279889889425484512662
822185269262262003694027405805
1399620790995545628583371230
360120976513766034353555482493
962946464091448865437577997849
978993353987097274427488430182
336390745385588507387402217101
181666552173057538071093072274
549135109132379303036922586620
605088226117676016196329205873
372590915286908087608474795838
588642648595473208945787027568
997761016398174010831987519883
338948780762629288040273990826
294322321709851254741700206402
523119156866712565641477391217
41105892511961792873254198242
688292310812603273457667413527
86543306036409936879665739850
56829116651299508128998024958
992363302509544057468786456437
838290904779399489353209789956
443050037020827233908019138701
352983267276294249460883569543
624622189409301485050769919418
930813748720128599644993056332
537504112214162264963497429279
22426688157116120637908213378
609179074589318902501617109464
284368803748107307790499839676
620545513194623766221728486085
79900816106966125960640765255
34581196414302324505897334626
342001408835528522325457198650
999390679890816543696159872153
540156795335912462741794664375
211548124084482762901029224092
751697586725315087790253418990
620373131887199043965932647997
113040279996401303952615153895
792959708036355451818671215487
782285183140405937216221808578
48133329384297438126474049095
810881182607570518343443208927
270370073437097808382518548227
550487041237353314299782962710
369375019393512827277705577033
557889126365643997896137512432
685721462270573403446564853096
325082373181010744763988761886
848896382550286928990642418633
413402700458454631591741660945
815620200266322314002854030510
232970802981155177366036127026
204883954385091882893794356623
271038590913289283472240523445
78311629016830763381668185687
634049042132919650951494850035
493861712836312711158844736270
403258697927656827541289920813
58121655818730644696217432937
39737159108485310426638728136
417993090748860146514948912385
493657755746763212509430590642
729261176921706809444894132125
894926103085263931774186949275
171012833181274178114003544428
530977043134694225408138410937
451494186169810329321126340095
943547528910299030892211426153
234992785976961722154676832080
685791317536085004909601738774
950835579893118369577896608075
598823460292126824298469846096
220640926749414048470048903147
941507668378657265293268701132
719791572758587040316683262782
180105433655942319336232321147
17881015111243650694508350349
213088698747594674858636532412
428622501728241856456415667959
884912219539085539883343388987
49687759462729203477103661959
114638088428441556967682719089
547468178384714930335897853778
783893089991491377437996706579
870087556656473354144496435970
895148580179545647320795943003
275394599376528813337130798215
302392314196173201530528736506
776679760919653841576418472908
39287492946599968937244486370
369999199659777779084031431444
809934848367006577723871859117
493813262441854541960749603257
623058991029537108701479125071
362754424934492588615681697249
662477572663533792446570674336
410627146173053578387687795421
271484144963668970689948024275
380536698015351987757879078042
427981255919176190607835381328
416341416662827109243680549636
116414179186922221716258449727
317367210361276009008362710687
276447205305187444803870198748
715654211862897306203918372117
220331881627405824876856185286
219410008541533458727956971055
850681084512512027951633459725
765306424384290204539620241232
441961613281218834271711852293
179908300773495198124663977397
729927772960361419146798855008
265709453708557983766748440937
422422440626867243329618729495
350818653894332085969268178433
956764975716567968326898127569
593130257346320070790612516647
459655945837860198335159728192
217746167774528359247391630375
694145437416379718196883678341
61916138863974637657165434180
957042246027845755148218927191
331671789531789972634041519507
800465412292283104223365563054
550420201217689760107933883217
168304058902885850647638696393
503186008565806341394791269292
236496864568389054344254607399
615760728697634057330240232928
545795647863005617712899855367
573075004516081641900830365539
688062108477479656039408495584
156023936521142378919125563640
725680966979005991795818070156
672687980450998243601341906434
915792148678224530043392896709
858800413228458210056081691249
909439364900219865020473022920
488250815615037575065628754620
552586710176922407826544610735
597473656514000058042472329319
671684353112364082639598689680
227579090069294370815208918839
480745303381297617907104503770
357196654152836052588466583047
96030641362916082900620210248
391412235471981639309044178699
772545981288987603686801299122
619430153822524694900022646884
31614984884798821923925794518
383632530902097390291637685687
153165955523109432739453849471
86642570332458385131057836253
295557072921713876540784149966
758867733100762165857620858152
112428431610401584913437215354
611866488868880125127689549026
433775748237694514627901246167
378191235042212126117240643779
711719721588327610402388370969
632826925842733425306299766694
754204511486871293538074623250
132071250395716170819579453938
696832896482544249973129445448
523245992781101257225521553440
681541379971164219957538402760
4994260903696138385085392588
961822323867765931831118451596
962161740490429772410031355204
70855143729344998117124527464
683872696987260270685185521090
817715265740217610818466059045
672517190486389853320546637380
533425498792837109225159177080
465690096424563322967682052944
518142115998011098858962155142
163778625986697279801030226826
544579130399954369367488841490
475871971969224598737825284070
837103273252421760558281750215
715570750219448648882216341557
511503206750108036906052433915
452050803390426389569436487139
413396935610348510338778094784
422610964898387313247703665628
568258961046104623289547761275
940567981424847658449836892016
128348492402882196663387425074
215473390596955622053649634841
394948730427252072493175649955
570383024836321582439472359835
507849116111536584904458596106
376930168084098633447774861800
967334753429787545607881412199
415592088595468466893776579346
964741890075833334986155373828
674197326206537858938258570187
53606322113202314222770330063
169120892849724232361390596328
934763944215186024840373956647
947179985075343023470827237997
571059272206946749966265190515
907892536347107823563647778512
368271854493086225106241975751
573219510817327999137551764773
990666875991296254653278978090
217824872524252316186176153500
661899382871869495647301215238
220837878824550540485190902753
617151066630383547262149581031
789488877762985292558460612873
514799408966787065303132862494
721515125753829128963489627313
289661606379421128398674079345
753719469212295236572749748286
697539566128486540852576302108
384833484236061711721361613831
837252008301365222127613013371
874988322841419106981562920009
161990519541226385181483500647
429218531311430953922065772525
324217661678624121687500970590
219699293652620240420347388853
884124681505140555315416505173
766099260230221215144173791253
565780397313547554857910373958
544997862141716186791624832861
826855364386509525951939117853
766641942044993847574314261528
29714258427262605547603220419
103406483110007446766996906318
540964312883903909425701922191
892324955573212520806448749498
628772567793810217520112562802
718818220850757488577328441528
185126794750237730558815541938
196619699095513553538475577280
156338854975684158256547715053
545666124593507048397480856330
95543644016751588663160864234
419317059112427133871203636476
490130116367801757128708703231
235446389144628302976356003628
263821677586830809879726387812
103338082864401703299002504370
282852144415544433096608533917
557964733640660834110194609521
904183116378995163450440112899
486997596917835674804294762917
97183658071836441097374978411
744891501569039959079061220228
879274727902152216673619024654
407674579782123795894052117429
213572487842761530071921512634
845553676114088489563980058786
618452405580948528250722057573
737862210053819420605465775686
489087669965836475783732471436
416574719713913040101887823191
503149267971241695873992785796
619252502995759216698775122104
818670772882437530325777199335
82285969489423184651956761930
336803965813306932096077625162
805949880378030948779162304387
252007514170360491577358213039
260155115897433072836240859611
306811647584059553992380541566
73086626714768962303571907459
273712545598005682792638165140
964197254500807660252023352117
19531923464545722738070391049
899475396330042055994687993427
334838338230223943184290622381
746273533534512338120707943056
588543703995689884425589702296
839991191576732236897618541677
109693363823367013950142487890
355870775497184246845555195852
58129362223590498647808848405
143412085665303032231054273963
362877483272470479783379904096
245864968280765240642932524361
158203111151705707944292710791
853278469194744208451852711602
441811482583689974918705880444
507834780456234143082301229824
762486341203609591826004732822
168386995780120991685212226119
992216931871632685201481978158
634615586277043944403542591959
852648889097034425037144428858
541029733875187712660756241272
149202881036691634373941461073
499099278527336313023631521500
551098270732961576939172081461
929803969214252139203075837953
86731590432654147817344729076
419179209905678329172223767145
429880631086512617289174153937
472062207090418167233007954623
876839573574385805447212944171
301050644103293682280281455044
537588461707248853841757166939
35202906094467723808787330516
910900902230280214368097364288
50271238015141337988904844750
17248752580353382550860158126
917134933422292748982589686352
304585899182133778753044879522
369498767926781927189618827000
3721313473060787950114423118
864378487238089756170377614227
724841407628317454810933187463
734991716717515471986248821419
280399106293537664533978703973
847930200597361170051314882454
603231544630861640152759602146
864976555827526242081581503069
776834137400723239981722727271
460026353843517867928486733437
811823627416540008867856941723
45158083669095735904450661946
130686130294939971158286722919
703592296096885490757770334723
490102612406140565009870346770
632075669869611809229423650987
103002349643146626144542175255
850000631486238254885933000204
635513446369552230985836988758
298062935870614762986336462914
920744149529601580564531132807
809381220216933614652009478345
512646742128176475872902716234
208780451030961791406518889935
764394625640618726918679952988
784768010454093254550972235606
734359127689523057892356080751
995658489542495251255986188302
328490116165396011086339076196
510605804146365476776088041851
243035401378868458645980824882
51656125481791894822989654803
361202751316739556251469855564
302061502821974819728462084543
135991756623462581787114234006
241157064077474029279684796332
505044636583890847429299464024
422947566726700699496734234360
271693027915963942746072989031
540752886231297183293561964140
989016298245653218868950814298
271104992659006053288771456859
499870983108803987616088667231
758645015927283696995158108434
309019686885116771078705394496
261124153316642150570204130787
687980826496785763298549018935
140925270439934570238649428365
151576358608756091906394442601
765697735457544029685373853032
427635839892490493856278340735
852790189342156213035379561168
511945714992936721090805349857
829399087814579928068272183450
828120482177157035965310268367
817647644846203477538576754251
672539784433589268932436071801
616966963853346811366479126570
965256714585480728027347498384
91346399229968941723346552405
139702718944001994558634702583
161034604907449172138596829319
38536203224313896294594996160
849995788485522568250228265165
185592313338320000940224560643
319469436671143456945996035897
217127392249559384362125008983
796678685924086325483045830755
562101295395318123010392839445
866682149627949954948657673533
719290197783449984172262008791
145196769162468465234451004427
256711255726094572680635427996
3035065597063477470415032700
475116249566110843179323126110
614759109987760425101240018726
638509020138258196969810428793
554945497627737856922260852128
634663132333189656713948534410
386760643665974612849623691409
31631694552642861226562631981
700622857831233679308673796058
107384134238386422522657016524
117656053174472266883405613023
324849761014694930841693416909
611498778767280422311077763951
472946427143715041980640923906
319661023643683563174122573576
487197353111081634987115443576
463083146954451991675636817419
101984540256709443304037140168
333169385796919578703745824080
30221051263969152838123366598
166327241577148590875010398905
315543739942509988530678838865
801987989166621840335981016566
581756828073576905292988053788
869320338111677085371712780580
367012059381219989910075221267
64020144698122021254330681567
810434268724374689699936497055
899131632107616409048030804701
237207492175868260718360044581
653680470058833464903738066487
251530722355803291467156559458
821945158131572852700266302646
515255438294418355478972973145
490425812965900231477625899117
350359978292867365965717318371
825724572585479584713905071349
932455948232381352641444597842
426898362217823364037545707711
595825371796390432744060339213
221611389683180031198436242488
488534244752419320557241655448
799191130671028812798437756451
813486907754636171191032800017
693650997148854917534687981511
447382555185277714144482154764
134065101910013195283641182563
101486818020110358330830159750
757641653547475982160575839381
146328387828417846642093320952
180216690963912763246508908658
48129940095802600708082002890
530139521235313881837060074096
28209376802689348971746387061
18178654791113490687017217674
489445395239736882460579329716
437523860495670465425696584213
879500535384554903184363280026
519574820897718217692474186395
766606633164308831293372038666
328776798588705354391224986266
64719392542900726074024394924
520701206537182573537822906200
234472055115006817545722164050
202255214890230895799063874448
356878760941381793640176269444
691925310591598275764167886858
483923272277190141943535597379
882339387348246060910513700536
589847856665550879482818135625
876841643171056371663266724687
762530539090118369125462210081
678325710938817100914017794338
618683261054372542146211570282
872712546880803027291435851009
916402541340092588644314767505
395184526654750763650999349840
1292667590778761598858725193
904914048475999452076819230088
708359181921336978072596114247
384784162834232538267522070952
987899088815814631702887168163
491152088629287081079929614427
795878787358157485270080876103
925558766555515225266677521003
709781318943299809070022494535
350961242302313138390174026743
277798519755530339816714631647
304795521758425617621778344190
728672287768601902363737433826
189812472316987771910784631967
804839000426282834481155992187
644418783162770428125470330236
948285983812189066628634581904
238819524230928912703999666549
456973957631018458523990628330
48600354231480838658946077422
403724433128475406518858366555
449120981943718419273475229980
288305796747977887553478618718
447099985202543263767484175717
477244739435707748348530640068
793241228368517917318085536147
541666171471083558255188583476
269876628334386377304691753876
293417022610306590879578092337
935842809327774149224988491652
522323337073254633953911502908
878377892323635270291891730183
829669532667845638262009213641
380601290292296147203297814158
866439892376478176404342049179
54097317182267962561395157028
65735842500411683259547327296
759250310390006402889231259554
42068598551047949183883859515
977295663147823216275104567868
178421593447462667952228876527
514693310532505164442300932364
745936048975819907015604690315
487694938158373151145708645882
252830629356781423222796040110
958973398390442470955167709248
242637926404045684841685034139
729039460537994939375827182693
543060405869252123953266754101
21395432710566422236531484450
110772466331570361012085912909
96991019699842507176007847998
85661000379765849239586480362
990444272765055334917801064817
578054302298949379677676904406
11895547271072560905323424336
358892225384773292586615799442
466361300931297231100045328734
362058846109769098490469825644
712297351412796817653762595233
524155340892754031949573689808
962290613279956498549045075326
854973231650699981941501145257
308286721464503102443138784834
670252555343957186814633749768
52477582280857033684099500261
212039625640278800449667604384
170915558669228589719141694437
29461153832290210124868862507
201365227999354208617596137069
369032076228313058366799474035
195719474052275141134882845880
53291915005587251277225934446
789945836529093015725061779242
252605943091689089597853696965
991024160992255171132909179862
234004780244775947302886458411
308788521107916807630797631879
577990508508108230406424411248
10162241076847518297636274538
496768851041616818636887583494
609203194074772889080666844317
393967202809291405677408348462
408008298329475759477058042050
460579964608139942683995764565
400025837206298792579916384113
739587793095829562833094399108
774056568768565773599456733132
372236660591663250011883949476
47720645694209232556198714557
510612057602754319614507440188
483476855242034522635488381401
299496088040404368476671742389
311316193415682504350477878691
560513012530043258702079961103
882162160669550438199432887886
269040873323926049807472582409
175391943361177638801801436958
418415715994366148316926048270
842971043529627811007036664421
988682786051416514369765679662
743609696992835804140537549210
426342764438270499461996433516
689112516633395476100823613429
117002123025837370202200219434
909640918413795295632549056797
68801614337277897048598274674
304806483110102804486710831664
531783456682446669717749379491
106356520169352063464763812522
720657811207334624588376316957
621233652180024306290316767077
860950035744961384567495184789
876581202854174074036546113140
392268337567059943332230855617
3654626264050322808870820886
711430799758630289819249288206
988890529134402993844402720908
13863717321985439903313322910
960226744873472367854077475928
551648156074023412545465606386
617030873489171184900565047879
736502353790471844761356669944
511955643652066307898836109666
329595325814169859247662191985
888958655390447397763787624610
554854978598476655659875824582
6509370890909470150262208421
218914258227135847420144546276
818481980801657699005633006306
8099418032044241726520099558
227010336093160306681719924922
597889290574873318228638090398
352010836411629166050337506950
281268821337952966675144180925
648809994017641367125669580611
436247862011219740569528996946
54223293321263980440824564898
729393895145100638946829637946
646812646246073884651641788806
163777184727887561444372629817
943282067557946904618339495195
959835778271812976005653645473
965039228071962582313356172969
96959651254900922901582675372
502066495285727805876209276781
449891526161722112053296543463
169229802489540278193689483450
804220480931288044553042774701
385946916246229259910444727535
679708826011161528447808983854
884886176727661853359795609902
58649938987300531182354967704
148681197276844811698286665831
992150993900709900984896583989
883853322415240495512473455874
975244644513283313477468141900
516906398208342379512365253463
156266262016829138656489584060
219420088600326470851715496930
638299152178508679747572801090
822383260997557570025764881127
849531727188739291470389281264
788159477714703475698100557475
121398975542777629348185140758
812133081724656276714971466956
821225871611705688442951654340
386739096682576072265423023635
223119356338883991779630072994
67662771236420547811445515557
353355097305497394146008467910
435787464415006765610824334836
993759819712919726789142403987
512599581710963039722410941448
638446552125265378337049704575
4447680846439077480098941994
180840982706320058963870847646
110766018831253506559776533602
843708509696099786243683664785
495895206214449849480625848956
26935218152018022024237386501
90133782445113435534083998725
781417772928936214586310512363
986947243405606255826860769076
878079513850169197030813020676
80419013342710755962362950955
495630857101999507849948311155
768932907797585501259733327028
292409842840606957869034681862
58625945917709072219796138387
736956417655235828781346427648
628472947415985764394522692613
203386757162986471693062152936
790169804633323219731553751056
999934857051905593481741399478
922475927137871342579085985881
800202484413908636180282351687
22051979945671698223320599785
615807659309214599351414984677
210203618055573002349300741133
224842663619476269735849324967
192939008737013600822826052436
134057869358608467743209469301
453872757081227503436529741324
433498526738117005482482323786
653251048171361139285757470107
542084021262499964922024421948
816462886004724774580846445439
622160138420326159170630795444
957023134807984954102480835622
819941490265565349218652347926
969172643392026176041764461918
212029998392801159454266289774
847929456772405034117907664950
945009487389396847771724995767
856319752405761746957864479102
572660218944844500242295386870
597892492538775824226338874373
639053464580541701304680959374
357110853890358755582760258651
713482906017202006302842142231
453576408240939550484593262958
126656503177736291392337116172
208013201228943800206337501233
13672101198025654598549334415
236256486889482627541428114375
696569077733005122944127313975
471890922343971857858253041949
566223527320131822763830491338
54603821945639965867152852907
681824509922435918739543588782
307582988486118210702425684232
397565528291519620588489590970
231616003625233010380661918143
882397099331863033264620016716
733773594424268430157806337981
292151212081599482753307324509
305508442346845889524660935241
259030884686067469189418422227
30105238631064701425704623398
939567792315372166991341779768
870855328434912931425660621179
1659471896446947374462738341
920758071122793438451607563599
601747178107998554000478405899
167881952708233233118372428811
456304244203226390730722973924
74687274061865150250997691237
383842812814699956012628748580
765773209271210737651382178085
353160655235439625306684486299
620100482779880528268284501605
113175710749168495527351014611
964518684739292647907109330284
637752972439201180791330353489
58152436845107449759365135536
437952587742430482533781204112
692182163222456500829444452777
60232537049147880042170836061
137838873080069312186978400015
281154758082076763156427012088
727246121217524302465991298975
716320409226539937709269422881
138858038423953629195108013241
242815092530628396611134139341
768010977923908650493739114778
927921946136121033645710348935
513215630165421408653174656895
902605950679622713788214483730
605289893893594449218338966197
681936302194088116005019532339
727847642943438569260312495509
357186098216543176087676159463
779373176221797246613047938354
879185270372837009235518053957
349874742422157386888847391384
23299728508583909585493863669
551000553192820682326166887352
719910108427147902097576019763
757509920915508777333343444428
399879589172760799394052652009
221608516247453147472760874151
450941313007887311285411527620
377850298610742148081063337649
29224679231554358174554302607
401654142305270495797845050519
380007653800601453661211126045
710752077446240022354867380425
496719897096410419993593134100
420607322570364292675960553121
12157894953925400087432811416
655911519140997041496901691227
338667476846126336977505971643
792207215343335967179363914580
773952952214813615499694494335
652919898299924841419783707014
196043628031120652633437026283
993716006159582402660792829361
759098687128485991630085563976
577898946845217646961347345593
65481261012023995021926802358
167497851957867068693682506117
884395526404948701675717902769
291120179182209817290572314037
848642185434035505727882415170
399979817032153631494739863834
63161592287715660962515812026
910504143983534480604132052816
627060701423844399901987937553
94407785983225029679053164390
961637501335943005230287702673
235371218943626053789560040521
19690953858527764744420888996
879741981870876213639576502955
864354618277683508109310557795
445873937488842216611557343399
861966272481458943129979771815
940179669321572247880502983805
4189097830189442119203735036
884546684710165456564077019896
409538920630464007187434757726
419954460202433685393045817807
922657722135989024010005753204
811013439748154933370680993408
577281171510901716612879984731
772576082058784835992942794773
756119474797051049018975391639
406831502844450783534513833738
749538111954096218015092125514
231414621756011562462114358695
226189089372793826954003531689
521502487862628940260739753132
169073233040961085228169675971
226042556543646732133151606810
359302508695584633367629551586
594795882920385438661828779238
171864746969359917607067991525
793726262248381610911617625118
594941228245564269091370190945
851149076573684720144621380710
113511001377107390863435379068
646944705007980579896794281190
246612962932574854196036729115
360575928175800206619422783670
486012083868233272973569228523
130438653775415186539426008815
317650702672634017187737591830
684027976831152986536522132399
224595849155206820241701689204
599722733587638973639695585116
883390718683375895072052113144
440231323764105617247028444181
341319554926809429842740732884
594837183989367893579668208604
959370245928665184083151826193
892172988293548115391919445494
788343446169675466675266065486
883764786738026631603113215571
67620013957028894752182016791
955625125968136734217656212536
592497507081675780004516106211
858156518411004743806184915615
401654070372844721071793547055
40585862195473242745060270491
363197825176575549421837569465
992115883478154732771465342889
569221356709338746967802671287
61630778994970671688382500221
584853347414493284112842794099
793846293254108083223730818640
501571092637639519324055156287
140916830996167905748019927186
690104688216178641264442589417
159621563573441340529158107721
245886955141770925850362982083
706138018970444547309523942144
312568564047819689273527565910
728490620367862106214307656563
335016395205092109834770358978
179404817367410534757288276329
901960085276264073720293192260
315108526030967764423452250010
744677490206925526721950892584
969931340782365519902430837999
434388262839676573266330942691
955660236700552019716343896867
602509960595645079196639722291
771137724848797398438617639596
386639593904947306640181249527
261202399253561967715483977440
740082515512472750754307277817
237653450338999834993943019133
124829749963084646052965931389
286880915424919359185170184185
885602295280905917785309326717
623891492910302518126998790557
746358315424650573847824080307
696389575193685035567337949060
654898266851430310618405896483
469081051164887188503926898492
397260352981819103959617218924
304476045976988981840966289267
104289171836737391426438695539
759292036974913998079357458201
374383513860786756447615693889
988653113542844583453281253312
27908475753593634433194887125
53624753074630880258967958918
187339695089316157852497710813
117461925233453114276479149721
359980806523674770200198949548
126751876924617113653185767955
193927736401597420240743696637
670233283523833904613402448648
644108759967671490752389596716
31430604886063598481461504762
410723206469316900087581674162
247135989230960152639391997239
517061625315552233090782636604
558316754409165069281882523331
512279021833850165674274328058
779982522689211911294865191719
315245307424937638349964726065
301557819110764952391771186609
770749635801038569014609120226
924329690590844477372420956556
439944697093754897527516542250
223875120269713967253737282852
522958250240607282578745457630
187624440406487834612128079552
710185011230116645619288485094
656379836304607080528952202410
307112174981323031075877427312
213632421897680890069618451071
175983159155514765782075676855
655602554088317347506149412241
172412360912206006708945061432
273020862777531091233640155189
460714839169841249116910314084
564569410575319413744771857305
815172404711387411116234493067
723127134629626360396838302525
483805065702239574230996557373
468628189597377035400510428789
625178683899644857699065006952
591409097084861902735358984872
963385324475257192246691542894
348387047825583005798714164092
989888342595822067775536066939
275117706825070406176475578558
352668032934241631169000714764
740440154329458316213469874304
884088378491707740729220483674
660353585069045907483492987582
853086904694695366499119975030
933767966686941170665189058271
346934611006819674635293037286
511690341219661756087342192502
944437389111476065422451509931
901191560781052559028155176456
245126886861079851869298945069
854237033868816621748075237261
212002472311990239093269697939
512839871324229765528916749901
580838245710360015230293867566
860169169263146147462481505884
771596576262416302762057437084
609933190725559343256573726825
677619899845444551989107995960
587494778154535508480602100371
837710601789438261712830142421
138697424816339826075021131723
83059286613567242881884497990
312450979476847730347962428317
842222357024050775620332634273
247892371971388141669668000306
926961617117018742626100525945
502987631235004237501422526261
926609310746738937130454092763
724264765959679400426014919273
796737184137381701078256282971
657006770134479360485803833182
742658656230485924967361895906
718836003665976723816356090548
162426369897994807367514755466
900604851144120513371492717618
176330492310657501169123125482
315067689692853931216217877209
114018083456647007452827972161
349892231671333959788546701542
610505407587312924280190347765
302462635420888581679078482263
608267362742902266450980018078
325421073705555134977353730570
270049118161230477806693248587
671870790854524482596326377558
818288058716374551922674841193
156446024560302029021512054262
50131139588076878669740030197
723279004807409944708540203026
353823194614269689852034190167
113280489587788496388238966258
342928581988676777129961628210
850347748402397601803599954670
920657824299035816681964675157
452576596438398515898757016186
576137484830251628625413277441
56383712281425273509368622386
475167929809439612788533896834
489639212674786122436283936416
290449085017407505426080802333
736386464649183461160753772712
391927673454544155525547264591
611268966185355676798388194360
192247293236694987599607465926
488813932948719834562222761851
292874984126083754098791210828
355742720012211229339178415769
165701629720339239243808734385
887115042092322067258519464109
146336212982122076890824412933
601252315924505603537642344272
463601850042867322979672724767
743066795974266433698195501874
819821495823933394313238159260
440280016965565828608414254216
473321415539545089815663161764
326684304253965285340264762341
933013771748047754962647205420
159256672597248347716103414733
19663472716248607748275443216
524494482849023539423062954943
789663052680026681837477424275
110815867204660804396462586405
5070936782145798743674987445
326780187070385312173424349245
581561695967118710004900533413
767446033029477403828634964882
184679367525290691653949142181
332982848685958361893464471829
758178449332202237954087441454
620786065160150718040011608975
745537348755494323158723592428
57009486696749920861171223224
436186636362378880094512537481
135956499682063510314471707889
610334254782445464042702359222
909833372561749375766882562245
244204239468876729224876547154
269509956690838848926985271606
910201345718217319947184361291
675242268443624913375876232638
383222220168456342623867542165
787329410105405608428671668564
210894286246145922854227126605
803434582139149836711726126890
494989786155717555801005704132
29529778238568560721871112669
410863207908060951800737329110
569484586082990921551579520335
436477253641606253206420406513
666731582211822143082276880084
107048084216111138936503498684
115703737256001543932138388680
810669757707328432898883608434
114958244689995671059612758126
295074014456691384809402323669
361887087808762970706400933516
14968769803377869339314887084
525465778680646374276009735792
313562314132687152238536707969
752184063296710551804058021830
972539982660321495470354136850
389243985832589219213063992858
655446018587225660652058163674
224019396934849096334985188473
357469640390862274922222692791
812418046375190792247283817224
148027877574528603780854529320
108466589919768288213012444577
240746303195196248388748238510
827088989665344293680706058542
461117804186822280500363735826
121553598189846623757108391284
879388917300857654009577703722
988132020431823775224433049058
944613014853612791506441079140
217911387697180619297858206168
880530562780980785840057391958
290921588866791145670095501559
13944782062682127205396143777
272904536202518084593470906271
366069472193075096397697093663
12162907775937091124541917097
727582981568527647783184669164
489227806694510072937548842015
537797666369019455414704514445
871512622463193359080618168152
458215501332997567714076899712
821302939945603437750130514250
963297859284883575728108637479
591695482632958507057627844675
773332093090571174526904816262
475134875539332589051444276290
255241993506752359763159255646
106577991922426871258666176185
204731545821273562193986913963
645980920190738412497270551053
479375565306042678549806963745
797866512384095669169254564692
235332887132903399740387357511
994785714079180724704207338057
802093006436670775490517378610
380372999566404579687533912917
182783724629839668200343771862
963619431044491548630540481000
914786438013847445231091721639
581051954591514740740343171152
45904181639014386247752317762
785331794077593313617291961449
940707467077870828699585162089
101661463309047555691403834390
819208305844659705363374904250
362985928486348438619433569890
827441700098161516145113711872
908889570728240207207197269477
658234167697898888641245914416
533292087095101129409424832374
160704815841893566058878392659
701456595064701623464455047345
478283700462831456400515426295
23907584270666870044913235601
465214337294415604611128245150
432930307342308912671079215358
441173168432756332982803000618
924387409560522225057901914195
29067804068141420358262111294
948339403440194315627885433797
316030165763545676400096599525
396946934692631645177642722058
965576631983260712666934486259
409852251048231738912266322766
631718188560563863931823741594
117012444551658548617671119287
324687279132318748758868404143
583938826710625510613444679261
934306983914175489523979380292
703773336414569179384430886349
780154817242775494017470172654
676648755726701900542422137300
892950113936539048295725725829
894776832106327595106588611698
804297893615029658895956770404
150370434327948416679438255586
298898753117141612356742486418
1358321883306052665942259299
387761263602576780277162236256
572930807658854531841584131056
720384661777285989657344246640
665506020863417251790549713473
304561831818257206723082184690
305128664483151107524078556215
377742245541093041060431903550
928349050421318640153430685561
665549879873984003681157041858
888543935065739537566885947086
858040186895644325913887997212
686607580125176105596587396173
587245658086106332022317204629
468709757865075715564506025934
773346148981999664271994893371
175700022539707870314432148242
96710242855115706805655175204
175513864337624638603057562420
9971888522196942327600703152
689164974077745369890998082843
799856581209777316510901509977
532925274928792370087024178266
348446887381764829918454033821
708735729939767957894390087557
445341328142484785958239935735
314009975081239247816029238555
147608342326491072895958308743
25666254909409728372126686494
962688098464466104449878594137
271308378132728310924347752647
308266720378495516581343290250
185797711675715626841464901839
191762390705221450946167809614
79762441041262049908728297649
704078788604616085366390320299
427036563548732745223869928860
235982561302775641695072776029
759749170198328549078733282657
599018682865601442480754549986
957696042425352530116731869213
555144320914934628158856321439
444793540636901266130581154643
881030364051979867854857216866
686710537036875000999824452711
741644920905148158235703357598
873994734889945814702386621262
254884147189263599345732201972
755049647625316999347406057203
548675653470967162672706815440
927144851643661735316424841385
746938733009061014210325823152
21812329768915844167997897459
166660918337350995297455499959
924570862167887931433885244421
187823818566027074349384519663
703450691214430194972506819719
363464570438641994857265639408
828017412056578271235094868656
225126238725782949786649186621
42950283144280875821804709093
839161215075529806097091498678
856183036759022118447694486704
947865120953919603121473925191
380342301934538798537844470403
970889977803087819662167468764
500845178334634966087966464037
288138884341100571681191468885
792617206273516635514147169835
28410758705270755876231127588
437582516975516910544458305957
344384461840980350319135111
78303892963145108866137813990
423094516629409107533873283414
436710289925418558953035124139
630757895287642371678931457048
684610414825509205586743938522
263264992860719468846446112642
729841227726338262976180078281
368895780715206430097804431459
670210823060043650755141587770
479815818427129277057680967931
635990836160592314186117243521
331755524887281587216698711834
942182026463456022690494813281
121982913535505444812117943883
763828703059090958435561135992
195078758146859105203180940838
207818422930902258242495130958
833574635977349490928302725507
185033374681479696291602892138
79378090480320884164411143983
344954325990257305535390752589
110519187972973730873034723077
46319347899119458175977293046
612368078325799134494688758805
104086343078251220852239985781
231819312570744659225194843927
656159198627055407745799188935
497388650194182460974267071891
876462602372679780118584610682
830669486145804090767263425991
953786229669120708282384132492
187846191142684831409480209386
384785993104834375331797145350
293914220260242092827952199837
668037210214177559673290178674
62760971834801530210541486223
91997452312943574351834420355
666794351432681022936615458591
961256412498391727043111904356
58124382288170191124942864539
742546857135820038700793030894
266044921178883127111260499555
571405173851000370077139449980
765355367468267691739963665063
300431453626272807668381647970
466755654415856207924645846308
909424889031633154047120707836
681996064597785619040433238789
937564424223240334995540569960
870212476266604053135554122415
169428911173332855024944113249
925366941825076534480991773766
53205675029928801350697225970
747996152208166698117703633304
512852602103288655286861534928
526176153517206117948216367064
186793701524001940130027882257
706585883766040056146874297330
560157352338075527705096015568
742166154778261741686373716215
291265128448538032191705531896
467799416400791566041561165057
5315436196913119036099614793
386541358613967518462570230556
296468353926502527958833261398
63526336902667861704259537416
523249512133546185387497135414
179383299178441010159649539548
560740738304970095840603371590
845381080874600921407703055497
517479036070157024170276391455
649427181578747660735909777734
712733007907111402598539030648
975233648834199131712473314784
797554660129608468481606339556
60429810783969771309137219637
639893885213849188362536606875
206390085004283849084890050799
265466244594000432024134811652
352146552347073990733905006409
375121626412890045867274532400
535154629306926754701665506684
715743631596446696997841766763
687094770052357939562137603155
193198338070574892885118388388
804338940993172798180604723620
919499053296782678564533610698
686248863114282576188979214774
634047322697611714990803539981
732502820924452384219338075691
474319496015585628282012038714
187345516827712975045341298696
751743769110722382277295262656
868011230271189926157218583924
386157464791579157418169079578
479962796584682140547440137228
685792281951366098247388748242
259402975594422800296474751971
511692285128210661061269206473
937179276554110302045820386977
512917793829501370830974370438
339012869135016929463983362769
889819482309350226381702353290
491224169472221643209542512701
530936798596963630665480491018
95046902623355960036715873468
633077292329606353286430339259
127579397252418713145865608463
367459810396641781888343850916
461083549711655215992032827747
562589776217213132024910758053
261138433673077448666380976724
916337993555751267880073906263
940791810245982923298006303411
36941676137879932156492066323
955139461102528705813336249587
970799725788777463408854350719
378152425366372197257359798065
737749764355173380958584779621
150696216668206927261278250211
652535289030711662954706929148
564250645557508457853536502450
513336549941748895887152937553
728240089139790728295294731104
424584254722969136618973601091
137457495229394087459924352332
77180962314779557169440794540
491497158473650890804614575556
727456565346464271697531994905
159593572120832799832510946976
699024374266264961854489137245
474804694956594299051435778317
113875092042466330887573094780
359740464111928331395156868878
351438300448873460348315091548
598014145898171137552127174469
480251359604570175035721873689
702954465885218276887884138246
291952679148424114610082351704
377564518711195168114460346128
388583067901870553808920584448
752172101673332718172815739604
611545926026340541812689624489
385315617375629370512564169466
708652691052917544233139382216
13329002179185951996378884290
71390161164442779123900690127
895665389019311920057047150161
31129401333142495478851025856
453066469596793867753107772661
212316419280143795646725907768
20195608762197704265595854067
81808009238337501610209863676
787214104320115187088999841271
661097310918657559524946029799
523063875432638826367304053670
536705388174201478740617730930
848110642269367318634931866724
245619912917592896876304230100
614802214183442073380507436124
38414434455439358190522003130
149045256646021216672765203104
469770768533798919190034516123
449117744898110890087448659933
351433863360618407995669541549
302063191039101605773678589748
564969820309475688288024346075
212464914548113410939363292675
327029331460498336254716187459
571930202738618504569403239282
543320487216793592371899882322
924959010629647913221522325928
298225895411678559397191370852
768158130529468712911137517897
979963393898827910054349003280
851332071089402508549588934885
506741955334502179610889643118
961444451527592044493687595688
451312018777672157319155396222
376005127484802216675394998316
797395465246296993900116982261
422476791281207193376281526342
351185902195580351423163857031
537729730800314772430591281633
670207067493512804007767220430
691871637522854661097670490202
563614100804069459058711230034
693268534715169093958602113511
417322523031763645015608495653
26111405530026474922754837170
690569421601034052365330202476
110480839163933868332455647234
100943818790824568739720562536
647596215524405561296836865214
817495705868625522994089267674
204134569689870599685949966511
852318510565726577088656117848
36569480916305824696619529493
29184788583500179302382419926
442335982079791010929309296883
499786157125552819338581967550
153983407533017952306995241814
377133543434315755972646667162
517200409834142086612114491592
516371339660235901442976906578
486564039153112501899825362949
672066512998563782211043397487
375516485467076637266088498055
591375081329739512410525928033
659732061544986715657996264789
360808693910343716524637797838
367998510824627571244470410431
400572092930501673895547919602
700062247010732419217025325391
621885449487925812423546445106
545936580648801874889481159596
654135838927485947221573190691
537166376133297452091104347796
961686817884711443079063152983
731909487675295393151388503211
545727488197754165722913057920
807590119134647777595401782808
167182695316894268608033498016
61029273204810657911136269373
496642731046851049305164968158
544375280430956148341775809333
115446777905952788914229965816
215034268664720143221947236076
224329379805647894454184535353
985037299872806723390071508517
239195311533497230983622219268
27319335168141395479710853557
248170518541876580837747550633
449138066364230974788672096121
259218885905272856868107539846
113140381459808248229282047215
694794910524469097376660576608
473930168024814917637220456348
48392847688610652723691561081
16686721641721316786483617316
596923220422689966031514761927
219958420858881137164086729966
566244819935918256077397234658
535818445655536560380543622760
258769947708007110862159459073
670132454522417639349529528802
385473220896759680164555228252
448317636652215219826364572691
199394619917493158732024405237
119210117803077366672717893914
790454240084167674762795811728
11206045470814398325374880895
767694400907875669069446735111
340292916768939253996587338368
242654406048564083709808062306
278458531158939285629473864536
859931821603842136632592648691
222921000616224916050528638630
46631898907509384248964672991
883111060882386392100509822748
765854910658159876156048385738
658218335958082158458537948829
359181111444474352050696737169
206073156309418209220035623697
529831826172491607323690628536
460169342878221654876799138436
330980593007984544827320840364
841613746509741125567259948299
722697302321972705706984689414
699831668654790121413057672623
109706023049020703828106061172
784069278966424632724761913587
242409084349004488641878083850
341891099097849711905314656374
799395497283181879592169443205
674917434851463196536466416880
456109899989865962369001776139
710381149230778705350962498875
970862822896417657735196678866
296205847316893652275476029401
635926507041418486564857085892
583499249280023438951367548336
759842655900339618932739280049
65540315945502039219051436080
656531298651968996326852191794
953217151035389319962727964295
656982670263015235403045695393
139320984735300599034439150620
1100475336907673072851515369
139964029085346302068950523157
893187438140064610434694537214
483108622632477638390410955748
117538461580739691568962311814
555298931458133448170180273493
512366682751055847261690860750
314472901379544393788813239306
953205360042452027438518945124
173017231101622564246609122171
488245720557636023681994834226
522622331867950677055039815651
821654290085714125012399458913
204286957012392576091849915829
23912706911845092648118090837
530736380905633822436868762016
594135837108474532296805434695
249258463695514897894329649456
158901364108118683979806782594
537641139201047374176890995770
198788208800122377142497397707
124725875584318272045008505503
404515012162470121758187100418
394780334254503284358009465685
392197563514962185273023537216
586587189212938409427205492238
646218531699108889687394213001
16274556332839657206432109426
602426766749765001863005779991
603715247029363684593648689039
831179628937207609141550986334
38878544142556716451536557712
789799610202049477655364030690
41214529599752027771478351805
50997966795088989136253699472
366924769202269528339817206101
626218506634242985564487842771
757116929934293624493501830995
559861939411166737478579210451
593449216953382565242060410998
25560483366700764548283404868
53016715813473157280491557861
711895047168774946455046528601
415491164158349573109382233312
56906722994825641374015196558
574596759151079723084988101271
615019540788081101295281183826
117223002367051975114256414326
737287652363560000580607505867
228634351801378549931498438927
590691730896564061666337233699
591622019639169642103970630689
526712688461056880660495290671
583257717005869846813694058946
247750660154007737822631887442
593151841116683917771208788358
548472274687809772503407836820
435061355207383934691067887035
877388078452675475838970098557
154778005551908122943764279561
163041749820832174787710336073
406209732818347925067894162950
414930517599033567521043416586
300715682487186800572418546735
526051699375861636843569486014
395433201733885367378525118287
658611724808298371543659832574
877706854970825379942156349465
746717726971808087124990685924
692666038774031475001903059111
521454214932358620161777344079
419971057999463344678471204062
365634601473801858928006985285
505784246001420886570472661624
239361019508638334131214992021
25148869165944616206912012915
267396595734100273684246889224
362116219151379126198964808052
741418631151645451415110010234
9252094776848576238842357619
788574565973651526143263759590
252728399480759965883748289369
931163151040217074964059615667
479133854034203112637998315003
329923913351054088447211857332
993067299965180510607064619204
712215299591242985616230620869
609202757238912160109933936529
189078506037867208518952665563
344850258904614424949176102715
58460736899247532620648656184
449466600677217179379383153030
255573189718978305230761432375
424602037260894070656858752401
98410233999743905580927677909
576216826944045281530545553377
488903802099682967624221385599
848866498211860044078916902578
369636529218305868669452107137
564504077621055630648318237965
960784914698028608797970910175
360814280235415079220529017148
444191216528362030062611942507
684652079312002316613704694574
528752458063593036013423838657
703581617018442628308897446252
795569414773053507773654232562
201046532966422124045582364609
952725486892094243663268916712
914854925248915926262500255719
658537202001041541704975869864
973804674183044448658818666052
229428733075684128872117150934
251459526970170588465043323918
760024284413958829829466702502
891775811135248844639181516471
758434018461927236689778261105
575819007352620966607872068205
882095158830354118240030067318
896684684454391221467359326457
400513603442391936441638995599
789524796769300609379741518545
456081653506615537956082815550
450433555582600823111284070715
698119602256628819931605757211
999182198220765012474095081755
400303592323103387614916034759
174595801709229242677944381911
943908616447100275250400196392
962711259691245944991209603166
452017304140695024797704497509
141026862898492047536499153043
907290524218876718942310595814
976181801712304814330261475140
731321858521533970332670174068
638333621920080642548296524061
560609041203603074107301961246
801436007924828749562229976564
32707029336645468664359729411
98938001534194117340187706920
581467083596707128048326415472
594810188037942093616736989380
617703443882994852999027326329
134859915933733493958787005213
96608340021424005216843525126
56198629101433203586034597027
210638535836901835613899081482
437746444683515155045747748461
957815697910223509206775783931
84981881553057853912459298982
739290372287453018277238124188
614291379707522434524687285444
770318295132787874079234925619
900338826992490222247876967811
921929636569971501162977747874
973143554924995443643178203603
191571024065259824105462008817
485771117238008032526337183816
739052261945414251189051158364
803328326518572948315303418839
511729197346005324902805906691
973568176395615987744825061325
31619768472058789179267124198
770217163089413920593784497813
230668692213746079460430635793
8465784101223999354930971737
486418916684038596081420430627
721528309252740059153848937598
349063644034972381600554372177
184580734058002800730810839001
360800907708875187389707645653
936622447547758978487739086569
353460389791734561717068062408
346689082349034437431562359978
175494172120816451275982762267
770847180249750430131282184998
126934276022902365137652901585
791900404009513371426647615022
990350584758068157744038672365
21288862940309145680480706161
650732557879814274912670653210
483409815451779464446642897794
394418495162418984991108534073
57507937276472292142605267850
216118595519319952713030965507
363085132733642153484023424988
311528276653835472318676240758
251784475007352638455323592598
834433564750630791370273342308
462346635360372838944609882487
491001214634872049082545564538
535380123586577648862419569375
946506916342434089241996732420
762389972445249684956800000037
901189265313598533025371502492
652859821939674349471815444304
879937180088012183768040706482
519656805325804762767670500024
279270026944590676268570942956
134344454983428087250647464590
473441052628556563841335947427
748588304422724201802571555972
547367433978155872786623412648
256786411809993743670641982599
910048790719907753259949671590
755769831704021113563591445481
226215934021679657736352486515
46405496664280767206998821598
303645625176630502656752146741
22329524761095411972840509437
334240767751746579383985937872
372294687685473175594611754473
691085976671304454539115531007
227605790540934661866458240324
914880467174951455567811576582
187605598712858256967404772200
564818654020182552698512610063
99752193559987839949027331064
558158047737025354380852607819
90677689390720488293719461185
127363829910176643256101198055
412296866995252342312877450765
565543855196076111860083862349
484948076194772700722329551896
954804752482358863280471349475
213595562065754026528016848885
883062285572724902247666078609
150970474945340814541365388410
489144858117950956000791385311
54528262518190424752260878333
393484776501172712210784562428
43954620893604637592745544309
293948253803644519187778394570
309208471372998312673147166080
177971001030735047744426717074
585745776440088804434470666642
83236873714124571840541291888
591905335170533721706229203816
681180445195249291393805120022
571116460545814386931977296938
808583775261879374321681761299
992695598243834334208285318476
78347355131757528815056044386
220394071003744418463583573905
762552540394164026424834080799
957745130724798770087929918004
845890863893073544269990055414
874687545670995739867226175976
343045524294665889792726487916
278543611776233874620308471033
476089212239622338529116218661
69974284980547760014450493906
133391312722826284314372896429
64747528316930903317444157711
239818699060010889213877964071
306485967557285221423747207326
565846815134735919710418942588
264361507768920378734451393015
395276538631312430408947653088
439449605266695768177977761624
429173093414143928402534730958
430427474971795044184179448301
585073829374732900224618064301
178778516561759311752065717239
157079704171350939512837492582
563492442795302536342824419385
969131155102691044634177764875
398795109370505797293419405456
31047665776285564527230697029
247972580331467143791684805386
917168882610723000807208505292
191307630968958682924428130980
365445583660148726383708950769
86950995983227651894139761240
292698273659168000926334514384
1055537431351804684339793157
538418653785125905506254785827
663354555525943556302404747650
936950410423968125411153663961
170251806605811315168380755299
250073032517039881294939085287
570682868956066549409479987187
339917568755281346086237452204
459849211254061231492325190325
646475315343629349203977266836
397795727470143320564862924354
34421972765945543772218500517
83966008485962005704618838462
164786448487553332052312853602
915565660934189758552898602457
509026838227423318512650249708
770268265962081916862664269738
86014869721675118897916624165
161249138612240609918665415999
586554308757329165051767439272
207448055207728227420679184098
952217416793395021114432774756
433887521233818947198632340795
92469986671976459428370718189
832356068197113723493869142099
585335419109999683185211647734
996065423258572077455351977159
196774913297278854050914284558
186531537677831842921368750876
590100099120036796960432637704
708440160955593989416403046675
849381600167715611203137242302
560170397890212330538629277781
753648540578898753496032145136
957641567055045022133567053280
563542707764545051079161951507
720315216202374537806891338178
985531538632219847672306623986
426067112801880230375940553389
558443333570869022549942021375
41921159395679882551724712479
661893825471569392957060473088
472915406675020205994994402586
103265749104111418721229445843
368828578614186834905046114016
546208218906173770431401567713
208884646717271424976073809740
931167741072112183537078637761
922358097913759384832512292463
537070490334845716133604071464
5045305079122912866963913698
656513717913216630457720338693
598682612664129690925978879744
586582761582007692448221818131
487160705731664290499360735430
439397734573952420708503122512
375505300253414566436009746959
379390028181435877623097065380
447682296650720850942634883476
236800395413201425536625127131
923947634518045945183625685762
189891306208218292738782668508
832419868268260399430676419431
810019395746145836927291639804
666675439365015590230754811918
304448507057932777616168922724
410934173039868346375491731645
274352629902172129243448504095
933029677554828382922543223644
441134166011328505024574608281
425460175507672290017652581998
477606740203283247543504480117
252560154355252717765915506625
993668822926337240652506984794
581221329122807563850064494907
435724832062441733966717101539
450120412526211906293505332550
657406682428284717357945994932
382218901742920594485364246210
302041372064201165876833931893
551647558680371291273390111955
337855429913197976757644826416
585074984874461461469268129860
712091942066250668218711888619
775009390764517373297472512395
510375624125638668501825164980
415362110035123512527913374750
106064696284858363408820441787
390990256809317939244094784906
385007143015222061559456012927
212707808816781030479656513426
660041370950468653492420296399
541531993428265875326043945610
99680023302457553596027365946
94552030791457014257653756091
287989733896939235143038134556
932149678247394296993331072259
712229744311897359003811921165
154795276086781349859579163998
123723010233388728271059689580
185420896094068315918090624778
908676534826122702657891485613
591334069634390872751268308419
520838751604883551078306313667
19706754300367486495356117094
387133835698033842909657852378
959161404565831017146457136660
592787116406045293565527115168
731484198345116426127410942957
197592871097857330023345407449
758746846768057335653896838273
419702022757177742352629968213
98118199906921371338912297688
263874167103275635913784246285
729830986203903801871986774527
251427848270601810447925985797
658178036120509788848197551021
328821020201638406436173230254
614976326513729473322533449547
832894552633688089955319906390
398049721280129948156660274557
525156200541491700348914290233
263508070595642788702115626346
767895457921476480797203139965
781240761795300396100541915279
870378013738147782323966544247
952657886893722710702613708824
62218373028964384845291568843
297226194617295232357161433354
570993092389481395425197252346
271269102748130776330383275795
874522447697592268491319273323
662300335248794371939859045639
861935337904968049876864394188
79269602376337374243511324048
585495150955791776753456790503
309180912613351839448543961601
16640938333890454092723877819
208126040380451081974873150368
953226053700223276602266294469
410400585257986120384104736125
24833187612879087316338698619
877422529769838695996307243743
33190145386128659362770436699
363171820157421698826353670846
849721347176866981407729646272
849400459430852520271103665269
43036935505758595837356692406
996366105493227972525065836123
590781139081121664973037681410
414546615718684409157558416736
719228733295974806090629689379
71329282544337299924087645702
982023787512623352526157235757
16641150296359196519856459509
905956694253603001640283245259
111228606435935874194455114613
672175327701665525519205524613
734197770272691911595793238973
700673358938522913471469304992
353090920136707385115274726545
536025087148499229428989847001
990738179080053667560935348650
229204875560107538464838795906
717173621377939030513137778668
823046723566497220642099926995
646539520740795319884329735774
449218916164337602853605690572
489817353427247535214736506635
958975868316106634898294381860
113290133998073788180805050819
54302724926720289213450716231
848130785118724946139215992318
67925154837946898955186385762
559069939275209595216295725961
747982300743981528475165034565
158246175453008018148906210095
151604394556233422781663986662
770317057248177738876236796740
336000280179646455260796647272
526558065369619376710590312705
572542591976949679534290057748
217225268032554176778434007778
22127584285835605610209920239
186012152261201259979098929182
211168555627994579358977472148
418497876483258387206211389355
649733230791339623743494781359
579325422438959573448698741402
494493783827872828821469286893
315718037705764785474546661659
488591124233661555749249510642
829031485432825092795733268227
34956992862937924414535052730
161040731203481008647146983953
262688863603670518065495686656
94382391022463749346471425673
586453076247233633846988905387
186643418999798541976640200777
620854132696160666190463724681
587175361685939911523112656560
275271903595875229704655866122
690049993867878791635209012269
699551263019431126862951879991
227308315204184644024291914205
222769942407280807889724368923
924452097468411009144257334042
905482280182859951942307126381
932182333117709663418531153891
203481439782452640990669425572
312372625020551479719445418405
37219405823584817714162519483
255144475701241834935807367439
534246402463986811591352045878
631707468154126009429973264202
113904191062827187809804138767
135725604472360421164797303900
13059638168476950158690572247
176778727726805434947909068951
965756747581021572417951203323
350067676903138306779458839329
85642233385381539703081488635
894897279362927762394384267251
906446530813550164061365057227
507413435349413636536961428072
291946922654125908746495503054
95374046998624891665326876611
758578926664629614869736754882
570928091281892630974465045761
355315297312230417264879651158
934548023780099361865670263369
944413208365620362472438497489
732269856239482149894789350403
40688879624704935364732825632
894302113721537659029706009793
483349882021592941158374818984
769462171310472290072834590756
277582366062275007300749817845
900680971798840952312664399636
898608952721180102428336667620
949196081042656335623801345619
144616853461445894432408223652
952073288470118667134903954836
593992641022088551839368954656
108930809194563037570203636743
257888920242890177867007329784
314967855580184043958136380700
503159675037738336396605740128
883627453962939184960356113269
271532549918329225162735663030
427942547218125379324420449252
228659548362802251982894703481
311042170988352824935586466921
4315689975922985098381769300
577879786486809383258044364021
956454439053166492462756822935
298212891355416112217006325692
900840207071542684511289489028
683721182347922098029022309423
555382265373099509150596269012
282309572058182096312847277320
608369659644963064772334332979
143041875172979141799839180280
891675746166067505149394650482
304081479387939319278039748153
699047577817529554475332725136
142896102695984195997758918438
531645961884643132860436607009
385711338691478246322917183262
77212933912142186222275376674
278892835524986324622418849761
319458715186958063478038990216
971722527828443587638303061618
750667998518657504353443596578
52219762909493806711859094000
952847054814247846868517606626
614139023652798022342258359634
357122891385910365320118431711
27427758359447256991133494289
804032711851343730637927881992
895917397765258889165284944239
319316662282813061720339169787
317354716990407339030820647765
970367638002578157086274615914
324400744460958048392719358806
299931450514447336148554937753
956681038475155506203242944834
119793335129154546450297539148
900177049751822532017605816350
795138779321968075844931144352
670845575827418434118141827337
928146915604849842456349742941
642869847499131891348911547681
825916211006570020519015424427
744024541585033285677485596743
869298472486462090791306753119
110651845679654168671929956012
783492916835648496796733270736
831936894613164956489142998694
917139512250771657626306297146
73012398684316015118024561121
750481949458452043107887529940
808248890652038969728610075736
618108141931542147381724460682
132861691129509559468250668617
232979489964686430250574197533
654644254576557403124589008728
301018628100497943361695320046
840000233228589143965370476387
799224956837860328298472818735
712280643355095214541245365545
322828412980385992020895406712
963187339660126052784200120581
142308929152776964300900464935
431229447659454368228374069706
33975246157086509838327026401
92461107789468616372135420004
482736124871285153924901992434
13506197633849886159467297822
823183101986314224289553408998
657058746844240690359202706711
409110641117173718746024702795
417131993925938026019264521147
217363482486644384790321805206
126030504295870970561343414638
859378441857091220584006808054
80761748970024251922105012447
32357604714557610082252301097
708138165363770118560668416170
501640395447326405457682415010
440929612852087206763846170078
867307638710047929827667614756
884360660740530636435010791027
577695984615343045492201612975
660170488571927237405230460598
66460888139445996330755604238
20316261676615468587777434308
681967337718365203456721842150
911127943926242937437509624292
276623130842038123831428365326
161620430394948313121442307612
236422912606424171400284168462
768936880008424471626738546162
903983301773500813960033787032
991070129826187154039378647513
717858061028601851176744189673
491148387008402198340774527928
91564679697329718451443105582
367620261164754496335625651256
486550249576772464383213817163
941168101475999125222752536541
708658181656665414358016229945
899974284433606897468823584883
711605128952881759248267036999
193256210446930976033794675737
209370339880944029510908408296
246942427341022615784056990663
15550209546979424701132584644
112722451583489547334046086348
15020539893642850719809591068
388515484276231413942644717449
297159952331537232035460139372
892335839160580524806548562313
957242151110577379281528145721
352163834757149940076995445807
820026821290961384870324769746
423109749080653482240473387016
864172638609149095795913492178
457277540050935727360233905868
795420446145669322038725588464
281545318848627717068086578375
258542408159649861560339776324
901070238232994427963074351069
216983045388685866484176976392
764203974267200263396870582839
459054905720553000891310409860
918145602472716797056989342376
128479913349149686292928580395
393596125075594197531404158412
581756038443480065475862917483
239055400103492081051128933004
227762736926945575168195169025
49341882294997473160144877106
335724877764876245176917271218
785718670757063245974907110971
213466600002737120889145339712
872569940622406108859985551640
556901264054765978167941020836
251755532206816299379491225627
652238940587176145370283241869
106323163769227329023057490970
118941563701343882689488685910
703339580995985866335108979852
800805635644183644799165515504
908268168565911462832595493760
456573866397570218217446912149
248644901326713634134139402222
682755903466940483947063657427
513277825903573220038856570961
795980331883135118810666399715
525956325732964726456707720420
964293812767483548878947417919
746811672102133791255274877042
755860766027925974784350548995
125066145202446359296925607352
282896632520681108337737573208
373240239044655151848541139005
421456495575876091710477435608
946632153810401039401982012041
202228839602523998238866230019
842733923647882401479550232291
581143541885401615648597958554
531833248071658471649963036041
884934198083268417158001312595
330514089195763606659286692688
429177485553187112128193877764
537487762352468085404396503240
774645723522115090186129601975
882671889128283556808652917082
447095234249598849067860149930
870262754038195318820272297953
90136856892718789551329676760
12054571861050330129547158722
811746889576471717235264042776
824592555447083692463907887686
104280054391376846487984487418
268416978591042737881580027366
493247117736393395525310179624
489742104778923940749250296722
186728048877866976775365963476
184348383327197349517789962527
767199320463699394832561866973
892453173003342587160446370992
464456045023570734984870742632
680578385753117626821056750293
280007418794298990360177191535
517083390553771768603415205201
270568682559230393234500934139
541334256277126183063557739874
659923092375301493146013639017
355099913113581627057385586055
974114821029048708393713094563
704314063712296204786404999130
347675638013089910517177662621
862707629197789479430917081141
69755789413498282409117510955
304854878282217330620177629052
494100510060668627214824464591
612290245859498854819162463873
260844251808624736751420891871
607850073022533689654392014180
676436993644921889659571992766
582203696532349575258755213689
400062754820376940820803640359
908546967682467616682308545150
120011669867905121864993092483
365459630285710024435928036217
554268872799360462192345819398
849007792835612852083747359293
319053118542108928270273795225
537851398099095280112527205304
651335068156774518250274421879
350385449093517139102965722896
612440313203931548031573239497
679825858269370475726960016623
657463507073754358249446069771
507368457878299589718404872333
290655692446764622749098087283
78626421857960454119717010025
167771599196184115862281550991
485983018003810808549006057794
763152580277777439389725625560
576320674834119626928890706515
469220764168528874051663801147
127602923668664202093721336708
953640432362467543204104092610
727254245799432566466320163958
170063922107668698866259523522
523385738142496824824355196765
184541566231546748575572916323
136212449227360555831110643399
827561649045671799134976983699
149069550697119229513998621116
238479316865785143420846960239
755645693417503376560904396510
682832214387241789564166216368
816363805949125063976158351811
442799684828476527374255806598
262025461590945823983496870655
499355205334764215689644524853
102487010897204130700610189304
829677390383904466515717230335
822146470872670251862797410452
138578900304941676165177161772
408963845432380528628291306966
215188926111989687535661258583
711439419809920758530798594851
225188292262857069197125496854
158653935823557878924486394548
659829005882453332016632073095
371151509394635560777959511169
753931997703767169209310019399
365856191569072851662288855812
731796790134655868556312871340
97866430815683764493787440558
198118429355521620572679963391
841594386445864480160240820785
400339915609765736432152986238
714039023548037880381900804576
975755488702117811867022442985
471616899359753474393068526647
220954914649584113130367816271
228462133533170348203005706762
283527932503416543955141977502
782463652633313915252529311851
111160899508548175971934927777
242291539535950893113622924609
618157011659505715061181567782
183688765042420461799368992729
256718413909265360006493099158
77401618500480678094582126684
494358388621028751448373000349
531564110466552864726099394856
69420758313338471388109562897
811519901001433624693500548370
860522346667445231679724393600
683757278684154156514088786859
404341584276258748619646976441
146102933081705578306109363352
103730244770938645862006203614
607090801900346935460522594020
937515674380560271891919654670
565848963274247945715501294971
650166101283716372703681271701
186870191787116077468127722287
829134383665956667459895580882
350443685472943455182106432497
99621777283929488791859875886
493729253450072744119180595066
14816565115025705820270408296
474589151168020967029343043346
795508710477251207436603799917
864819951226826136309881076905
623804848328729316801051873780
943533988761452088481964835504
303494180538556022195832321404
816960459550159001175633169254
380272948603550892969112086771
840075357427592030037782620554
1344847371524415356283841991
627138567094076917486862959046
461723093876886016939786320322
754251395399572255096791660119
314948047794390327374968901085
440370281924090309245909877116
736458020634229594803054645335
140860672834486145367889748991
549518849586478854207879581199
990968422066987293441706318504
671465897783535489041996063709
77949307374051324218427732290
827395467398041935224171128915
309432379698076945572573563715
784841107334452677400790398693
287770225285927405585198067330
891599032183098110981105513690
16552802400231427706169102595
14962782851483266780048487827
385074994965378455519217869495
107295485963056110578249689094
425320326681523674248824178293
83258750781401085931635795031
477087656486409699730873148457
262075909281635156870763192690
56909836857971037124975886900
23679713259882387549731204940
306585753408543778690244081045
227571921061820638694747033150
583621144473571342842913193307
711567239167894042594909864675
49473805860393262030376636332
76692042454241552331011370272
147787352298050819869732450141
167782670853444812563706298990
508270278702395844936994765859
932233366474110709292320364585
836793077810194001995470246305
385217497930196007171346158577
426041774226332725997616245660
59243189984978766315826920067
112861840519312107798417458631
720521139546885583204699419755
632239763575145829768803265481
403061411790318492388128133444
235840833600088783117295833859
304824872916934674791420835610
350328608196620470817524889528
961875098546193681113336435994
970627137230659742348606491444
18528212694520163385836015549
308785316942665881094254627768
699276724674227259772555906712
947022199973365211150734780660
374739088091530389788643580135
896740102045133866548155520675
300538179338186332567162616431
796921932286430904743155226385
708171256394911048290485025266
297543999801930981251215377596
822883694361104954575374107679
20079129091335415510148968618
925785001828556861649599838428
588745202735456005007129665590
735310484158952532050153118133
977101738602399901235305313815
969558516011701314877552757291
386345492909400482028694731663
302478679700459926926828641546
381381026089275172255072697961
111258010507948406099114062627
904064735693263259244226301517
75691268213624585478183781119
340482443819900831144932195479
866229194462795209556019850547
215705326632978970191832410732
69087161936219659140114112767
413831052409746130941674977710
687163911447669583853194892598
138345610327187754561370631042
374277219758561565632060395206
233054402164821998189300585663
291694850925124045431936419954
511359431543997317907887313747
472484160833388008740156488430
319889436947175135433405138373
848179031999325833249796925930
669801451430106583926656853978
995705537777692462565689900292
269630431449489232579860764064
877574388003837982202716542855
67006076574775382004617311150
265752945953310935406756346883
412123163549881976373599074714
790238762924520459450898557620
96360493194781429458649272840
867695862065559481868717557320
262785509598294684243673546414
460071604185316761570178399903
205100409394513891750644989599
687948110555785119355980563505
780833493858918653198805507669
494031308169027623995705092041
206983690575831754121728103995
766803714874751357719976085722
161300911816707037069711079066
455143853316278200581709507408
15193280237069139608683950486
392097154024752536984581424365
565355416274122787172015483584
51715703946311222870828191254
485397143637909913503662750559
819517651883481131977015052071
227720948949109722788190826264
376074161478001896604536113029
426967011170503523596372867396
171870491425372613115703776595
525083979880153198041561760242
673893441093138036191130195682
564227213486988141472345770423
756635196255153099699824729589
881486218938147615733944494175
963697821758337505599943076916
701452189475317639607662862596
353382407404762443330605984864
335670512204650945007135325889
41244295950333416379266951666
961943742440651931846640302016
61359982267205054597138193765
835507592950823984872886386913
402952708539812396441933917005
290850606328102268294586033246
314733497252493631328156607114
166030847953307577689539950224
536007736447536975778564679798
13411718235986182221323805020
940434264284606699427143102286
574219713532833106512603645224
349355735767409462289324184981
499991761998862407427248786262
308490506857517779997574310834
676256172018811277809764554685
655581021324696411828598449914
269734679855602042557436135497
585969053274165022205992026387
25394558694489324960185219274
420517047368975312235485926609
71324606431698081793817324527
15614599096840207013482844817
985960960692996168783820249633
234834812097644273882895165612
309681854844153199423304243526
355079879067888384934659318823
972760540537206065910982106545
95362700794316522477852880693
639981107737321584950456465949
237999369454046287429270025658
109067255719897972685725904324
719517578655264001540539930032
202187558072972064093900306334
384551611530874707778442560512
831853817771373674075625381284
463189267848885848212366866740
921053517652181357319704304693
330871205818636540879475170362
34092546666182660915918368370
263982714153511470721308234302
566251675793297670623523702380
725501958495034965606658677770
584243678587508017950909833243
219060014810138666026914432683
315104421909386392704183133822
869357565038234984998805302980
297701631300780974070870834609
955159625838873791757173643569
929775901130346953932472847614
691628309813257626881499356169
842438090275675626351102684730
930370959276554788329349807147
477307453207438349967155373385
48307652738721427899572925521
125921142204031436401171714321
357273377392107466416712262421
775404719923296474486181252797
119305723141768304393163105185
234632530750135003586591364453
127159275854864441900197220937
472441123586860419854871939998
937930631186865698161744808869
533778037607506831734750931213
990161584567918366069833923905
598306882590910370742614129668
854376813747940001090928586241
925688100226427879916166375178
53662370921144089033143308931
891111843548055586611152318896
136498622542993695125990171397
722781271949797614218052105111
707322134717026373927957941297
828120603913139097796487636890
653820507603655528676694068940
522086225237755073923150086015
531190572552365204635121603786
528365674205786526284027894687
652202528956736844641647346673
365675553287202235002416185206
846862532086377622379995399898
868448788058641386776923876574
112076191758946044505430366832
261367068381620151387998467576
345292941024379755902816688785
29364176353503506733838438339
610834964927524007249085639236
529147413967016317107785505261
9585959153397795609535197868
648185488704795971873177678268
419035860596463784040323327639
256247516570173531541618539558
201414286530420884406802811271
135788892401754977354493718187
97931670920506350170003255683
88079485235500778605714717040
894557568085721262214885753082
755546484167668835631557521518
50816997167925811582099746862
258422630832152490561060363894
28351626182029049140101217226
936864079918999305798416151241
29006686515811443683887883190
921654112148937554591692245737
245840396814640848339775933464
798139193111178334839845702151
802221721463577151326844021372
647098952595530286383952572366
369765521335566294464194229322
459547684869673824615196459747
412370123860651794253129820770
428525087665439463225977819359
737282938021997600675571935636
815386615752160595210132217158
188118314502105275106010182027
299489558642131111226565194848
683198990746540610148941117793
944698453977131223688547545426
225852239170738796562550533849
824468775124143872228077604740
460777735095486676784765106746
124213677394463222204972360639
904130693699146380327430922469
9627312493234984310666589035
139878533737451968782546622586
671456453782937319602302660329
683172891658267516834709248947
413135291464607897167314921208
254923564192719788150446540909
211999623566498222017770645337
638838085460279396691961391301
711736524620547213845206139573
961298867523502063231522866398
841433999843193329899096893383
70283999866268081440870889384
450961134584741033715681052069
327987025332279981685867733823
914506370145249545201814373316
418533011862266553488922441923
682928485263550652752059740283
829688278356728118530342968811
204555353945802076831090360907
623441424359298399046065437511
320721194337323648392326081668
263785347597701764064697757238
373491328521645042857442971104
339791041061400993762303217582
266437266415153544875452115002
570885748910977875723555800617
250870146213690989875700652801
578076573935260609097651884724
670095067036691600568873640180
898771882765831973672330062241
616772824104122157462111597924
443123779991958088376231489622
484486617060615872752740679935
734065692412873833372628958396
945228364247612760912134056373
345530074938580319837180454110
495415279033066506171832241799
848562856844223659624143029607
426130427843235357290696389417
471475668253853964496277863304
98322389859942877631297332779
554495234455238938955768150447
393350600748294966889402621211
885785692445905870344902962219
281580486969194689536211057726
229281500230308020336704541578
763623751335397969657062572798
580726839081399885283345848698
371156890401880234396169254785
599190424278050655144395149820
67523879094515512759408769555
798447559893078272871974904395
149877242169323812289514577457
903557159992411401011142204455
479748513932028096219480051794
34603034078966905937666971964
621948313853144620859190631105
11852899045555860070064524354
584285615358600226646282894654
513857082630783093727055463055
366155171452101975101015315043
616664058537764119970786139959
618033454908220511826641933107
87179358344258614178356217341
583612453116152458287281229035
627993241467549327811922637214
505353980981147784146147338610
9704932673222555480925454781
774197010500793831772232979066
206404829285411721397847372645
470402872239917134284415570177
761143583514989253886338052985
508681961557206263376999522973
950380587145816017948399463461
667328713534672138592655845241
586942146213873959110362842624
536127720169234774527967644159
429448145357501026041803170829
782563964374003869192050763081
915289229495506497730017304828
500002591790036937990892239712
510690606565417797048595095625
869592232724437191103166541948
436405416144664519737806587728
159816427018514780601251893670
729502358104038596290084239680
246994030020738857805305171558
377875214104597064124669473691
824334814706606192470733663528
439008196359901397525259510018
888497795150748991952792231476
779011104904552500357942925272
392258831679251654564471734250
85602228625215673916571258253
283561814323807602203841766717
70808317546970348847139464013
720345373632460979385750897823
767130798570629202470799156776
99457120112680566313132791856
626218595529953712262117126616
811989653941140182563871473539
973026208734520423576436826869
832567931402710135030873646361
165309507090152229398400160163
660255172818337455441895656196
634242170467174303290997588000
870433235250997446531856959343
66924554537935914069165674694
789778946667835080755870599556
311337087758467503684077039079
279936703740750604328732727070
312199395081378491699102721317
924241519980265979154923644466
200270732385019376127697182336
250807968404189936536640695869
647187882812215644663336637500
835680028787372289754601258795
275632122253940031252253994176
842680913776767761455603489844
829982717322762356724356439053
430571200222289037585160383758
670238250883275926816891781922
216052711945370972871822698459
997739012681629687448966815015
396696038525089675953084883111
114860695870715350380215058672
758716622985109535416801030511
567497134112097818524462931885
767542154402209358899380374256
608871152634998885139335580361
761099237167624942344664624006
328334891916299870492224031284
185434577557795882578402150613
460657965287233660190214441975
344450005824971047350535074056
180896143067180879882651632895
970716641572195943041970162020
282765875628611325112432570631
119181955903302977121143978952
876586250083725652906879371118
731248372356722776273641341447
431532110805915292138630844471
351383748498363226573756194147
108883942802337867396480601322
877429765737182551508100682925
104291353780796895467354963977
276072233113314928886495946743
223236135559288358943795641005
672094390014779446502277369643
691739974977305706561257490750
326146935880222557169490437779
587390793500059250810692529879
133655255283342061261951421901
794889113437613961157613058868
943241691509786605878565867084
666168251666408016848293692390
547226119800129647804305316929
84323254094077066280412893609
451719655906117000879150571761
975632712208804396844591310781
617515566381974084895408512367
186313624434284577389863150769
905523503824928850625535083210
44866117947581649040496416104
564030600610516506288374848689
82242065642958133487036137935
254015786359301141920436523530
884072115186509196245632450670
748562941662288919189846280467
27761990851514646195633118341
459689237597837000540102956102
797865468135453657843003635348
966166670648357642375997410032
460858416329561606133037638162
761353059390174993978234581628
62831275352917069917829107328
560650822025960640121393195323
588724069563221689792060652954
397435120117274250693332165199
644832679844489164610124521474
978878270813246300850187069817
499181449137679527082824429033
569715251101372539248270679016
865221398456729613330144761244
854389248448597539561103340027
670721459975697510892258461896
458338715392885370241351555298
408313245516919938907323359747
534224709737429529906959999803
692939102203779322164229786748
585650780129775027167493333302
571147373704075295146938836352
790501942320640839734346179251
983170854033074754172130605974
160614098011169401322808446150
893036521075692106828030211752
348605805244061141489682113738
71452663027826518277897170311
879464172147815184829258533448
69733437649023423495649065440
430595844633132241525808964544
289920775033392975381393750317
600438423355727924911930115937
787708116399274890460822264655
340000144951531885893265351201
293681722426792301103893904794
115110896325502935195815084316
377259737180477573549125547046
606762347207284229468585315903
100345285989774147575510158347
433847744684809602833119038274
528847312024098463022023652476
795949829142275933113479013404
322691163075772462752941457782
787495467479606739935816908554
702913844301192208935450438474
155165599346752337122117926423
672148660995032084292113425447
397331265285200186112036463398
161008466663249247956337986574
55888043365472298831727052231
366005648764254279085233379278
800954180710657273383491748313
109885651013816734981930589331
954466414982450539484806922793
655564556312929260494019695363
410825149973069220394238864669
981481903859826227971127078685
162710513486280672455179664506
445288864055606979831467807073
190355469680478662776481729029
363574749657450621918012979574
393267400316574035195151584307
53679002422873206012273662671
845716703541939467980510649495
201669568773338525219759683026
211829174620914478513376026210
582300088757038528104048721699
987048109309543614635319153469
699215809061587247010279080085
291250741752833548327128933935
294064734974942707583565051315
65087866582178963166039232582
440269959448623547192775266889
442179918648214715908362001292
428851913501590014681664572550
131047590723894125813696141530
135748513488060674135250451469
564653396961179495977144272172
935878415303679395420703456594
672456375995668144633069683577
753699482027791487349561447234
387963051480684826952475867539
257058363921757329865598790441
614037202925320816945549903805
602575755093150918602982057099
567633573144729273934524384266
725768662048531699711247148966
448249071390735012373788720819
80108156229595623779470689242
391123052319862927333522819318
441899420781882391709897581562
961279995457095730861771814992
249008951620443298929249973254
743585537318157684215678742067
990448069024530530202026642783
807554790574880671574223863851
619049474213118728553992921130
39822920753862942664569707346
639974902475155684365660408594
183709404329159990266947351963
53698911978658902728149281812
407282451630952130795560857603
714289557682832206022891095400
321063098070055342811743719989
291365396960272227781303760033
294820946088634938937442097808
77225683844439572829301346138
833557210631055894497210738831
110369111437631370206589036480
592952304407695337501233915486
823362712167149326006444892019
45856908603569979247835293819
336266178995293816739453377150
593327203489861028813865984713
907302213102031276505503971457
569452663394442853771173258759
956851057026609464303149732605
944584296990397278495176205270
766975141123615856332149431540
718004241273044747538971209232
726738304971211218850500777867
482130021704505352210423037021
274414813119930251506208951967
574729719587677098731192995261
803040821991644477101775992951
601406005793438563064271976436
906171662034703347273160067986
935044464006801911478860169010
747107017559501293071057348222
895022535894743213735123039478
939224560286201918482127746909
201641415273907783659115740825
206636397762087498766984442085
412270750786927010513198030822
429289520000077260313702030275
281177760005123792995792755183
807455277101700300051533970259
398678278893952003234398021343
459841303099600455968277489944
463487906169318462354412544089
684115806652323474312322319247
761964892611030251336250828949
953277294024507361917591861092
312394005905025368246002818291
404878642277984459159093269808
640862628064172197002105772227
952591784993249189097116725258
262121644108972465438619647116
183174459063895843435203175104
915141748135476907276413113351
259121561781411802828336418929
150106267335720853838001039421
90841816891601522487980196957
241584534506494163149584679131
430719521099410244445230921192
127916815951121514410457039634
569416778510642804491620870584
931762426286099821049474386782
83656987394543600588084725822
404588227133351685045366867681
732377141232004928911932788763
788389039079718975167903271441
92663159941293790242164549365
835388528818639566328874599442
157379482470613081755708436380
320784389084097894322266010125
18059571133375353906362787948
957579662912760593115818282287
925295647194843855594675624579
491067025744232921706617858004
826212427153182843817273388787
280227107636594717336290930454
709542027676105964018120169637
288607806917620574700586159616
885084814618406759883949969661
251501867169446474638946887950
650713809689879513011158834820
893231829662369951085722451937
513682125331804902562540837907
768940203377397818472928099843
312561447671150215888483634675
455791001671499904075448891185
599194541891143039114436707610
907799665482019075088523473747
360489881522837070190341261980
837195473795757130073683857297
527655653318759214278685730160
879398073222085021676946894507
315020367460835186647024284915
356059892325915362842375146855
594477972762919008518528644072
700636434513658001634447802263
73162788669697642238070511024
617745648669645207538670212062
162147697480650402406070451455
635003506801690511423771322461
847288048951546791090332448769
669082092139072374253409867619
9988678976926088189567900903
920004469455148890332431909589
155245482312237863396294698102
669150093329391519991299088499
591815008094638613036527992555
37607519523787703925948083189
783531757481089985620556561000
304458366076945461135051648448
405340936819525635088657163662
962232422952184853717026763417
641828035789530190243618039505
711248319844466151457044791477
906052697595040429933692320676
720906998805119735467490692090
715719442926999447596627612906
317868809967788263532919540356
277002717719347490757262229181
855639538513673507184025981278
846186169514807127983571077222
386265408649365879218313478009
55848505334790884649580611690
537278554368804556589324926790
902794223408974987239819740220
110364332777176313057452135783
434228876253714462313803259262
571962482776240214425191363391
483295718153958999697887119980
882443919067624685555638054526
416778755872039890653933807289
801290120423131170360658938271
442143753378843570099102632387
37063188024007338071257123441
452197578565249323635874902403
887468029712441082957484388472
453214440406197771772805001614
106597444393194876431939757876
590674690375528269891270651876
362622760379359837292595895496
196347550639758867463478145495
241411675261303218406074416710
642277943242616218311288722112
132059112253731213251165412920
277329839690791169311565985112
578058507923311871552067840873
726722728235085413153799102873
727846274218633124716054380035
383923746789072550918350857943
483475053972235730833873520147
757867739659049028270147322637
447148587783610043588118828950
198471150095090518052424415214
515863785008482085091952021536
940727822631531730689322381710
744251933909318137886460943537
652813314996706907583267746746
838835419065364914325037517
90376696780048975148937247366
508050615088920287324419577182
512113793793832237393915463250
890950111350102864952093368362
719848724382191585475599286429
283819833481901118217365033174
675724002991390847843362074032
873998761332237613337494109130
292715540712865858013971350499
666008463113709032712851286713
369882305203306985196173427389
507624451611944636862959538234
877384170294734164899475963178
488356873348303307992858254851
55873505816893028767086236495
504162019749533110481364615907
322388964448943580179742115507
66366875780327153829753824218
14535083661651397800751405158
348120963763436947803200922370
798758276183730700943840811946
139150530655581973206895118333
550313958555057195028919701728
175448794436919685906868760226
527505934425665103847815561035
897183255791239894052031405230
914751152975214933864354523473
519056068896723062921520318785
842107818878572021486275623511
884003590178977607445084309158
230470890425049443863638425953
373401781486315916386200429589
59884254025585447754192558501
228485080492414644402879418820
872502360562364924862618905103
936037704621228802616102392467
652722992488192059313378537655
371228576232060218045947901818
911749397790323241822415511806
46077726339331552337486095252
421210091990785150806928547477
141076720992536977210651957644
76940759917498091848046700584
828799231627462269739013192983
740681585016184868747242906308
29881958633193291103087329052
697627919463833117817287420976
220850349835785774323841662262
811785941477156275826900443683
954622284978790609672820278202
994041996428957938436291579489
233898704728117096240207493134
229260148460464886170235437122
458406865553200823258840673492
496322434559945300262598230904
354046872995814720420714735681
387141591731590048428212273778
85470409078377438369835491483
559337512727565415894074046690
588918264661132176335465941842
875230126083209058642988229622
919455640630566574402055487970
883971192540829356152168328392
338163144352934245520864839328
721966127243984864738673915525
480985692792331054861919248197
649642672976587281515279646671
990900414653877589103161253481
837865574793665889262807585378
178270198395650978625254023588
501891886154559424951647301693
376635759756979024618309793293
891415071086510839147960746445
882483564809309480255009643250
642007129716287778679944978458
481252518058114120256357115683
714801918608571082841281211983
830890014492856001643470406269
13330233233095995161183633006
417457623974471331057163785658
460560270490703357812192386947
600283852061287262827692352730
551538445602260658265079932165
538946106243433658113335590693
337402874339332579294092792780
291121787123869278494745648609
415548429921275404708893380499
65954373662898332952808607204
398674544832131592042049177810
959223140858249256173133244280
962754764749422918778115693260
411238493852817287403227112555
625798622877058113239932550115
470959107759438301664723889351
251064645647522932401596052228
654041299133515671158225923418
864259312743507147056468860178
758212550670898952511809814460
942086221965299026555256835009
386184076163060576685492013201
386806873465845346778653061639
645449978902271089176283089175
905446179663689803636567092181
492487518792879522716977459754
719989008848425978453948963166
948367863455479201466212658543
669819325518680098332848449133
760848179293271659394415896843
132544783881208371977172644930
611834310029230447586278152054
26008751521733303287498334514
445120922364614336350500043406
424850500661556120195598257148
892563574240976130188769230172
185798398958319742214883675363
113311159717679930347928818606
543265332197560777892740338899
633689130885585273835029774700
56460654603307987350959647921
27708694122385136437721380031
784442296733608049713115635528
276530251668659057048483327797
806178145856436919925274457391
48087750779949088779832474488
518150930553819390990665124565
885530392233470756035699880509
885632463705011890573481352109
65311799168768587302686301701
239065600782490096693680861943
97096588616950136002401431413
123551468905508103207611352211
460347365022709220284018252545
306076613810435868958780095236
474608130715356033113574188433
562417522919267626732498002860
150268215978972271483158406598
435005677403105344930982439018
89252661346881420495557665794
803902052601109827703677445318
291428710136086448043883694318
680816268379091148182683100050
494154342870809481039536796290
430140618647073392574265751612
250448233026902141101891952588
367062019437515415537026140266
609691087433909604149944257515
829768701383691251460772562467
146531356263615086873180143102
460853632795197692991639844869
984704640244149415596721127379
729046360791612907225579631836
385082565191526471915046573590
157434420589624983790949474358
36754341544453837612489661254
14112617721145770160319531035
676701605387780919958674542191
402796724197847349766228818454
805690443234455822099422989338
458885108317978321270203100819
853887252669854246303795490514
241935803176877352411150238016
887891318179235633411611567938
178267343987632187418735888896
606467415363895793592187632312
663368266122118942065443794050
167654127085415704629333043269
433852399336495838469765534328
919181602163132818268984433866
402111541155771197753138478383
673630312044329757444092641740
14878286272052230195350196411
802489659763259818860617059530
585046370267346470343428024389
314034466860709640988581983989
918725292000890387988097003053
793750518612810596902361124167
450604906418328819175920467274
314456892737232577359610295776
958529537564102840894489164737
833610107027903581203339292770
546498349984411143642344494997
420186728264550452399398419233
195705073259564027584764573615
692919914455410662090856459444
459709373914080649903600315325
200273703750102055234485595874
129307776878806111349260795911
725323904119187701822065511071
606509035144127014843616528810
689765804354417529880376702917
262833002952487234207856013765
166938710782579919997405632355
759967628604268135227464264770
751974571077935363594139493400
708429941599078283893851810034
899213299471317670671698948232
779386463463991449844999055861
342629198045064147461650618821
133442330994417664656233815853
513289724196064457148730628115
953092762863882704318323971882
374151533696474930668493383684
907143820105662542929888005619
290282703095284027286733251059
724035782820167456852592516521
261535063040612047742141533721
401281790330090028238022899969
169567760726710425077095737626
843495514906363524183570911700
775840474655558176206089056300
445344643597430226698379427919
210977416396191369762755369276
977315057551350804169750948565
408001744983740848760995510407
591089715761696482505243481866
356363920792387945652420575596
692303732315553931273529808985
5653201227403692116550256812
446162651088930338155516362211
187002865299246933189823065488
802631039760492754211716171574
32047438129123811943598796275
532693201553729813650593413064
668281076422725293063137748860
713553154138470738763819702136
306957861261437988885719535831
654240458452184610530342582489
971744610816396624515828868150
677110120336682302250171278029
833912106980576462064651596175
198374185076631222518066171376
132748995398795767500726769127
796144930757250277532191175718
967394793743125646717672681046
792312605025952344135958084166
22854861694437595122225140994
38168287320200209004101215772
721563432996691213955984824455
987825136785505373461166613007
825644879810084411421158930276
227971055129105579447929414254
644803740286371582140861298510
129208166915103813009655828703
390808615300668931222331627442
929499024688988167220239897979
107066334537719715907652686504
42076664568874799268923364437
980152758558513008441595440912
483662607350551709070895513709
176449504970764369888548235373
325719085116596054080859243951
330501749633950221200321789684
129494599169620111514176076679
686756467214383265191943183028
620863116263010884750717707700
333125798914581368360483895423
806638383153870484021298032110
675323550658779301703316539428
972565656092210723879872454204
299086073050936744329614133346
626914017966383740663825263872
988860075156258133848037365289
717280283105399750348721459664
22508176441424937052523881205
562833536071957863661602048354
760636007635310979164044012378
580279183002030740860886365801
882521853653455610606835015874
229994141026916669716577127020
770801729480016372019285902941
443394403857383370977716536217
737832894051016448162724033194
139373364047352200662942419922
627184840900352857923862835451
564947721600986660142345477565
620221289233845753284585028463
762329469163460574194576262948
364054911696276324897316209477
356208817523397958669159010476
642719098075638584141782212096
823736356346470373325988456541
864621567681706153111870081176
520939069039900563292243289153
419926313212010052583151797332
313688671054853810346375739747
14654344838335952686103838277
702202352131126358216111468349
106466933901653692809392251284
544333639609410014776749717659
86386839912773642677455710960
282924594047048715803197693368
168071518631620167525205484921
473854489730500164119108763966
350721144744943762001992181569
16425556560355460786111923680
318182120454069429654179759904
43018040180487946085857932563
484800869080850871093079803147
892625369343441681908494124019
531044831699001994956710621797
670506638698756227417016577127
33548809787081331782678053391
131204174618060396771475560773
865690470467500880609718341714
884923533367501806574254174933
517495206158515846819814036723
874798293685138279187415027216
650879700213729916293851011171
946362933520369810681766869931
714275129409117148004940067564
460654019678650058486082550455
311606449292207218382869352383
883645630990915260178178265846
459505821882058954973630228521
961853810960691061207967272691
967650330845254817001027390888
205869466993433236555821579891
572622050514093539927441232819
53375634575086778448154988068
287024824889550248161129649086
679134342772096432842869574081
341328830858010602437562230148
689724349174016290589422586904
250055589468204288695563211032
829919228911087634483231482839
9518286854829121006375372251
232988429117666315201771925606
228393994371797143605829624361
360397402817807917674519692174
916002872777595854624805916457
957513274394496404612457899540
359471457778236869596684617945
895770878522319871192844150284
173620458637942776827383614232
898131661082408396753929917942
924024723766514816795861765984
966440370458611986560598465177
232598451011899205718597607739
191610317077540008769686806587
985006774142180805008983713732
257185924644083936353953076525
693817261655727403093457645461
643542570520192595580225008419
836085411639658989413394153022
149194002409023933050938751687
951335812078863959658184090668
509321821777487872643161102077
890855855372047968305487213375
573978739069378412094326815301
535741029142569090507794480431
961871348650085164440287985688
958984794519018623675986647732
839430446644558489746889128297
445947561667582384144104763645
916976189430201327411783382249
726053530121791007700697878824
452346856760589085719693810342
514339778724456856522126420166
21519856906346856347415018626
131287391322402223605885197007
889346247651071153291956871415
246376002191204354217827900306
136430675896289425397038504015
490724680315560066466509530429
667831629420875925100946918361
76584047371470137930127373437
434396160512867863120974180971
460247528247920670872937661728
594763605798683726050567402865
487591666637534280923122188292
636121727125438747264203684511
816644257659181805383854012188
634133167282662371257453344040
211481935789852347321191062187
426474048164161317477042902816
689717080456817808867554350256
457674017859404871464707810980
287972775596254774503865572569
844513209762107218393204169635
858620893578861079913954770019
372222617535614482744112594347
900437784529548946315911775531
913221102217670423328799156753
71900102984720528710038840097
28439295041595327203585722167
450539273826018104450847093112
131840978724417929735549312947
151274120526695473396842235351
36811478130360134905736809133
352233064425490752365327431099
779315051416558760833801581847
811030847606340992622781837557
717700336268163014695054437518
344232880264978191921484943381
293240882238946993686352088615
369607655786048026765381501032
779948788286987030784455581943
23555242179638945760235034581
780868280026467423531131073715
430459867107386739521875014490
894008981996491127013997901098
668473975179650809630400297594
602032404959944715802391931861
325063491652028941539991583442
421631175526650453634653302258
758631173040976043043838508284
827451529952379547812650419728
288398290554701276082729242212
452013813519199605891394850824
586669501534623271574351589640
37615657568639699951805917285
500308598862632065358380651626
591986439146059633996816432863
902235573706854553505648913578
190647742932745879494565082175
77049129293613211558743089155
26177195686866375747893915354
65144703328771207555336150742
709522684318175866611155972335
318015147725280482075451423994
748478467211344493705754093049
121046764172199838485752819437
267120361764518489777876195741
540770284597431910792311453313
156818966529355358736835486524
359894974534293107429097468496
510081269951923620886820235803
954185255346119608380420679430
747952800139747323933391094454
639587765239955872817210408336
252254836648357796955789338923
235145480574446149381847151963
760869165262099262280212749514
46611080744494462965451202515
233732452683550478796366567525
638978769501565912857636066500
549666691610950496174650291029
357775925923535045297303551005
306102318612094708417827437047
418071595588825880422772993249
876771913226852668264148034542
998181930643786221552130585456
847860329266244503394257113024
595968836677597672160787849675
706361215151923615544240214219
217941180130557110799819960196
204311907347045787135129094375
909882306516093529957385241947
526299978617143145639638002342
87726411656843233063610045227
230364664742346620588840395626
378385735172507697422653065412
648545582304167862260237967524
846549974058545862257317882469
629012200597188071297462351709
166347259429694539877057913449
964694996734396741700565641620
804713196362523544416775101353
953470733981068485363469019343
769938833021243662166170052870
947904117990329812566492887630
234587257258585779501718181082
486574768510535624106815303920
370943623285579575826368720812
171390934574808567726087966791
578104916829702334102043906398
791290884012163147886649767247
616668885388220305065548268250
56619307034361575489809032673
1580325502912158170380734851
923135262267550255946567006323
52102382290557560051482922656
502104138436915416574962539692
954923328522753268652968164180
230362380228930551124816125538
16582913875830348657082867354
532887949459069925307432122395
525504866335473086435571361122
379481049469284908182275801132
113415701838092217629964405177
460057117903235939423268322866
514463187440101475755839393061
570827185150877624543791924313
809821906443349415683741582489
682300185019990912715179016961
688182727976960716782798428013
601584417180621193205298391415
788626985669163784941076231035
811031366622213692542615624294
632977010003453888061580474363
193663513175267197385296120948
337653237726808971630951425600
497159129579543218021581001295
570047965881620498867381337073
665888606231850021451631388663
295158017151372885793584349472
133058126914650179721746558539
391476557883612424556113011377
382899510635769833668944529674
675095478816141156833184932633
598693072319723216892932110759
714732926555881419906595712977
45011440761373467743241470022
621534345389384820066943142392
847846711316553947198746429526
159421901795451407849273638705
178840088822169772462738716041
591093687788811261832335755905
898108878343281439769246394066
733576108758089827267219203007
81543020093053394531749819280
402030675304353476866489587682
446619248270111735243120463516
173014026900016949899685226457
484760236983030125265907779486
461509327101220903728304243236
950080456646068209837536292269
530652909688833895196506201197
404189471790534926664817388590
843144945324911379904126771225
804965569521419495266485166557
30392636508960851200899040655
617823304766443250637652385175
935645284879754465959916067652
633198203199871740530622922664
127232293092848269676075215390
712989572524153668529253296508
893785155840178070130593837804
570542107665959294629183596754
485026132462856769307707859564
319661791937496040020012740071
429025052097444865131554714657
783155363925362801910418748037
424580835897657471240853283557
247912108430522362503149360762
852823093843637397927161882556
316220550331477253817481437612
215989184965795055481824495680
472791157682612709983132727451
7389428702144459683208059175
993860891660455268702053949214
316790496014937303329009299064
781929792363829916708540541832
79161869719892847293938763166
416352266954361696958192079992
567156916393397567687987376676
90712153300869720251336945821
333977494093512974109537002159
430430327281755574893158983909
848193012898905441905337950511
44455614123591252308751029009
220711797758312327943639291088
566018548500856600204664020234
873665930236872441759596940662
856865868224566891869673360114
825205242037266798825140817678
641288482518524770762704067434
254241757630119715859245102025
971959688543954566100366563878
414988493976184743035074577968
839413571261750827623212881645
39911265334758175560959018200
677117212391649587432943921937
865988957832682921695162615286
702682957175967392273565748534
348484677994409626407079819316
806054208532346877911309109739
114155087200028029264982059080
663828830422126374520260851316
745966451085430367662482651959
27185636843359198106807701630
517536858868695765323101892482
218448124187220302632541489574
63789935311506510055464690415
333683247310301374135124351260
704313247028834262628105824702
406312779634541311147028695782
882798958492010220693994280849
265985652873910918647739850444
988383221368800213827567429989
912794545780169082475715980820
638150524684862413501728371723
291214655088343254129089111902
630728829683550048372659083399
153215232137922373080175548301
202233673337186162203357274465
288312672757650157113017207239
201017066969698315205605710901
438500552658152243352740621053
90088699000907786536674570447
582212017970577664496127115236
752812346771882599101756646943
608685129013672417946241937568
933279219074399184986934557837
267147538761514179829529216407
623467328531176722739439343259
585195812486063557775344985385
94730499931065904107218317168
438983229644245324809163468737
116131908047330282836118726959
675885366218769593233905131631
100389808548559659025956835117
659785132212919977748497093725
774380677082291198962353613987
985106584312959992798723437051
385150666093723464567986467691
592193152669830146152402097634
381490024820194485648139653386
425349311023530741142506964664
209233604605384042654044148328
65584709288866580597584212917
208527832427746688677261246310
49506494026016962704774004031
630540968151165856170676071928
833432551102393945078545721788
831487327652220312644102912810
45390432282405524893471146305
450452220896570909084791124637
181931523007733958340286118421
60629457504585241650835433631
427972179734136847745074895849
164266502657594673896756448170
412080709110298603939109264434
728014726653965033659889477643
387631994377677211120982113891
809290838691147695756462992311
76784051515989046594900020089
946626639908246232632511308959
566142785329595248962160623353
886916428908738923849169815576
695928122595078292379666008000
958746356034746480794911713929
770977265630080299740270944692
236631355510732398472236772695
606448628598561063826055706267
38390664377136343408300020898
659952164837356647293481518867
198099922845116202628061692922
713363683646707311383845905932
959204167625101673928699132277
968199475621234335643680496765
823211887657069206971119967604
803733014393887696073601520948
839482997540393392006325475362
787555154554857684995917770300
913238567015426075658320963672
647873918725326357297392394365
613330732360701523766860203842
52729977767877550175990661079
585629271905776632556703283227
329586097675501762350089459019
28490335535933935617520481451
295073533857400893338293127429
528066860523904030708354052756
172583950835068561549621899644
777230823509769307092280589273
664974493763401570071152047462
46729892764448634387587187175
425441032385400467681491024834
985739860149901828589316887376
263713990810903575254573821585
213624846459225542937538089214
574656047859563286202471432059
533369985014453548332832476692
534323494979109657638841397675
232976365357967962065293087596
565246687787175645805235174
137903682666007106056174653698
981437068187082148443393921015
442927929717549456287992099168
480588161914533601709655157069
970974690592506517863601574673
921282688064723282158821045449
912320864409898224753663572530
990261577615290780302925380689
230989560808321537517146722989
546209123718144027606038930243
373768426984291910252240886549
852088781422939684057027658034
196810430425718670528156395613
133403459341813287392578570944
665606770877580487530294992904
567189175066183983947708681516
846290780048620192007387723755
512562459132621484805834150551
673310642842155359926740132938
37149313460280711234274101905
769051363860779254241805624624
87813709744218819332116792986
901980979745578608625227975592
623939946605693541946934381345
148340147704191044455600866286
369831515186132791994930311180
96542025212517857652309143849
465481963389618336252836170913
436890067870759646893963861201
682336467062984748012763213926
518562684704253827712005977694
438497226913438702386576963187
251994910871187647510713328042
756894828020191697126773295122
655958773554450790253885798921
447802841757952818042400487643
977560097833392742307274680835
810307711425930632236837439635
466760048105868350473453107526
951373175580018572142108219528
817087680786830125887571031072
170678398203539126511404432928
523584261005690198780971855295
837766239920080818405861021094
972267766365913596119865650851
821339770707041862300035720642
583269252614620242164478370313
295628647512087287900854558621
860327243035463272521217828204
593548318685080567918369948612
625603348424830462454700170048
920550657708887064184053931645
397532727474936314894885770790
436448618070618395932018876591
666930462612187299888104589531
296471836485510681354512736104
33489666765247369959644123379
585575561701845208345225543213
478028097985971312479173122013
49131644533389396420884968992
163662941710415926651163601360
404869732194421187103297574036
989124419897083202800075559916
636386308228353410841591632186
325977975432855091420878382669
426234227323903659916691522896
105763300509566941920639667709
358677450703380907043681772393
306485404911354354842390418916
237636791088096854158937567373
825680490447654056113584655553
623292537171873948370880239168
296061166017863027363896423812
264114400573984963387325443734
39779763620867399145688597900
433872245000837925228770048184
352844494677982089395939764513
985474462854118419088122745216
316238880329756947139271577927
145982788466931256642541173192
803452106800548479703679480667
257819452523471576125170048788
952524501449618265598419774914
506580879535694251227938086406
35709834485530365869599168773
221622996826663584434085566308
231127215972612434165966806782
344284579377640534571797356537
597128937291413179352372906441
782881642886199117477328828803
947838993819936246267252940330
996569788901409488127170132679
985730908746868496970606312515
466307895145355178058841811464
857149315241143141148171366362
120697684742384741645684912835
173801579522817567581162739586
782080168465079797092296681622
148570791161453012405481812749
530688749668437542102333897432
493941266647623892836065255355
220754477538149473616875277265
927565648300126720715081848414
622385495146572403854299460054
817416516226340907381026699684
300211321270561610857090338193
697759028147925691243866696399
375693370449781715703115503727
980350847402241414776917264292
775308979925832897919061474524
962224085879852719358549752537
85776790809731847070502096925
581180131749165828333011644760
384579652454827209711175727526
432160531097680635343525048079
321215531651001469270655934092
102024164737081955888974888828
946814226951219794194960348687
603647693255033487009642678803
950003642580873223143682794726
467833166941277712940443986044
933293690313556401352548647399
479953265124594640737659630204
772674665385642676219364905044
696775996431294116984459737277
585463122583095417957126796774
749941187496958922930084949586
576458862383008849845425408506
50493747057461218260589679199
647019691801880713334941713281
295708257445972267203806551456
92205709898085485346882818107
148776552007339883861865237493
445821811150971988735558929477
345940797432860338411057487373
734870091232721668078564467380
404469817462137049169153028281
126598388123513149388054437690
133503769420713730062390981116
329039317181414812177981719931
442980329166233088905422224315
214328728400376793267087439983
171023132873209800799164599459
768782557097875629051509959135
920106388027546062840100027154
140910678133405198625295257157
299620712050289822931585246631
565066885616865736118341082413
955086397675955305758777662252
581873162123524869824384541501
649466454744471487560588844185
632258664694700039289762145862
480717287762008404979518825697
503662525920109649358259308615
404654219816772109923797390175
167246381721211250802743988350
986610414972499144888960882949
122852274543261222068160491830
415295736031789924677299171392
853472712638952295617241563902
512564799598439196533705909139
633531495010155500066056923679
446862666210138005665379851857
655804387566380901114085069917
952163714271757604439137790265
16533978746216825516516325778
950433148846579997560324667570
915559020404466894851578932255
848094529731781228751957698740
126417411595112218693038490691
508276783810077254787261050044
974837773837245536311925054151
610133248377777272128485145391
659323829791565371614757676447
22364164896048654572567873456
542385886626239072295237659180
407392735461038719230904772944
262595501176702269775989821249
982776155200156189278174965338
43887805890264645859251594121
184702641004864328124970764782
840720916722132161291478329718
230829008832810605646186372654
735137724170244681715463288784
926188739918943366702339429998
787916429684606931329211760987
710153433510673772731957295504
691691345165659023580876816497
904042757027517746627546787018
920855224069722963463879990839
662088679187945557859724590810
628079910009844613241074365169
809200265663323140573906857843
63030461751174245732105184909
817315489201897808692998480717
230903752088942781789751479167
770514369390745949118714886945
652636078895657815620037356165
613773244586069049966245471894
847024391940769738428603659645
426825972842806772200863469106
585733431847043457119141121494
774849997968583365004916036834
328576672401593539355118583774
338814219733078091930086031082
58453781815968333390739844862
249944000158366751718607411858
689448974809491016118778953438
914748241662096562055404507478
500197427766778234206054364006
26632958950254794234328750468
783101750298444210551752916699
314150337502722372714279231436
146665944751086608922578912266
643935740320913963952131375485
153545357297139612673223896921
181070019805824935566430067045
549696038519626632524212824228
762851365388251812357726543618
696948335914027482582661975949
227525964563069956530744485195
274637750846164616102098036093
491724167366090062447092927958
439819596889577567685705011882
578676798001864837515840149799
49650276659724338620685123289
474345728625934642049402015936
872838553935671385100396166923
644453401910392909420953546560
141968165660150501354056424926
546168682550861691314754342911
3520182999322729056177350993
402836718708953500376027663058
292469294730854461593269024990
386458733045315218227739747703
335445467995653062430979328713
305438466798854200764915314921
526454239217414705448056456944
817120339424737059256035748295
233673570890486794951914597031
240540185782301320264515944567
199119088024133370117965668094
830192416553688131403045576868
64673832725456031527989494588
411077448551568096643667484994
684987935026218344029879873508
706974292653087520235981225011
633421218793251969140833456285
691015719585045068153908686835
276987273970028868141571504338
775315206218981444105066166597
218512146576331448952981829310
320554455535689896849622731386
503541483943070330906744627634
125544609438545957469913308119
588683413336224078392877724865
790160778924282798263717284360
507870779921933137596688794455
915356818628144857260085380887
58403189768316653920390648712
823530945178460352851355742096
258665226236568343709509420703
175402138086663572373010923449
213271995050579087276034321279
557148711389429396981545511688
587991687139559340581126455715
888019289952388708224372861418
155455902808460860695463280564
784508124348091476115863281819
152743762852814319600746420727
999302941921798556038206755350
485790439810968942595210098030
691325139981375677591868800452
457276973908931448700149266483
195404670152851576232988862302
709698647671694646243951166849
852082278301441561047153819052
679718371002881770598190051856
904718391806655410033565438910
132803267741137172747675807676
806809340533682662646577494733
325310489649162573894641888436
804451431399901095583295924904
953867674589850024845832389581
943482472299343268049514772765
496269516786702442279310447996
707755148543761540057320817013
8671394127462526357725894803
573582945618137146762245484539
532810756124785333885580456420
128088162382257754410133848943
30429909527698609811853357388
713779487342144601438276163809
236853071003486980383140638754
858559934603255376324056059947
70948407399177418326387315762
36641618375027859635541094807
259353238806911205811374955790
189588244117199621799198344501
964863682011107131306819047180
135716739387887340779637803421
355371966151937632004310259001
998979254250918102992208768420
291376676554487544597693789826
356588204671871774931956676375
767777645721415472333221656522
3911727259537209290828713162
833818859528306693328331771159
307266180564462357638243008042
410646496723073049680650068616
901664039847840437104234533130
399168225702746180511306997315
400281401736555829150573822229
460709239495479711263358326983
390884789443975178375370428630
356067938937110462360554888718
705703056518659521892240241868
229299770395647687207167018041
65001939504629726327301623646
761315275877882974231274567325
616400820714806638153159810632
865497043409957442551535636412
209465943565771561029925269544
70344813837880380824183698953
399933957677973221520537124981
588934905220906313957827736896
619788976880540018765902782593
469018248891713428587137513868
471682047086810909764591877260
821395205828011258044401710292
605948736975761382344383907159
146729462306809368683168340379
998719333089373987739189624045
513932815307346589086595558987
963880016911378758929443487735
816221323795308503457674929528
595225772544627527486852834429
851650512793217578563930450300
282141867947796278161882575727
7821114719631051305958869200
631904108438849943377223225199
352386246384722109564286471717
871105641635466157626135388113
966507380424928213370453125937
521759786850848387759936286152
541672993940901026234690367121
183319268206261022245677650587
648786948412704031824896128458
835134287393353538944228194110
316633646796960425909465237189
630660057797243096341169640741
454168503475507177591756407883
989050206963291664409041051933
680569256782276556892113810701
409908192883802318961963157364
639297456114931045347078174655
809407223410564991227546258081
28665065672995574696315664646
510684262236765760253584864944
473687753839981343756817192493
394389938113884752213314174294
541858163084168292376115343485
636145980351916730399836759833
485179838033719546703194758797
679511188486088363459536236742
115719511231157726051199331789
634517293367044107645159056849
419235469731260753990940371615
126935603833213413058152229882
376673064863109332132128613010
416756006234607376297095209318
880238393280276442204840461396
827507071823282807220915462553
108902731825686730619833398346
485557301059729628641387824255
886883000817257578274990675669
241325911497626444045807366305
698235281211671694298174188343
119587783703330692402486803206
654607581619332355945416583859
925355344415775954753869010782
602798390932117266443731056971
564759160275985073403398309019
482607932435266248135906178763
896662964029611437849552392039
642303260828268729410838640708
970235553993786757154836549187
742072332735602586391047337455
668637403077272109160832586239
82233648812271695697542382338
495602069710281064280226848515
962541116505285722953417662284
506396532264928311581587903436
282291363205523404991151684039
931648530193170155189437118284
806601147972608831818210911702
655697041886031143091298308003
571581323809173693333819811436
29855765011297550564620997548
33205169258788749874720692316
466153441974048233284305993331
114387877346036915972564769196
606127376434220127231720597953
863343372512039474361296664307
835870508402647214184733870198
333193111504034227885789578708
377530551937407173627438799144
892682564991418332230594716803
109218990138789625154984920824
994525932493409000338246093417
487306467487409467890005760625
748527396519838109985794673504
554714038504384333357338557017
823651536729206408642635467659
817928426686568814667054485952
337931154774176523824113381222
387948851702776880401517236101
274446981656719588340180136209
396633714138288381279996270109
858145609909498112853786584536
823813241323273860016412831509
275759716689721211358969148884
617520687998561437263690643022
718129284366512916050581740362
922686768800407927350779912958
952172445010787495258324486691
2627664104071631333735332801
814093000972890753623758964867
625291052648583298125736432521
798020233508897661942244579695
647313431140821227804397238846
416720118503442983733654536050
880207398572807128573413835952
607707474541874988839537835882
153380430097373978159064423472
809871598816551567762613195139
890802003121940281101172721611
314512733593659623478140081950
889873987815791333504044744368
965478920087728072472883372952
658258528017967468348451000901
412491133620271401965283510379
215877460743563398707115338877
599438795974200383885604570254
796203117849351064092114548577
418331149743553996114821218054
423457682934238812749430394296
769259026304802789797658680360
997939923843881365617171848018
690466013285724236519427938742
562572800498375544753592915410
500540674030938043894054308664
125150438887020881962792651691
943317165147167670703531669094
224598722299107190331274193496
455047416466608112547844972747
242355263923043302995133983075
259590323403991890204112675100
399404901311492899295835390180
639701204799335811992066112981
105648036740519538698190715276
456669776090526858253727413257
252570232035036884340587403533
775978299745564569778313477998
229516305521852521628160076867
654903444134207420717308267194
905727748854598558928264191665
270457333091051347816161806248
561991652444273363442314481626
29680725702205114504978497646
862531733816345619560871313124
530947096348901382286322473625
588690614196613992968733048995
852398953837165944548563161800
111933185547638215740659863970
245614926431492984623868666799
978070222923504749955091603500
717004062962806597845412871803
825160422689616035377922318349
968361588597921891897587183991
174188098960123420139423125245
212057257551998703513878421197
730970032516731759472950280273
999320113576939044666565209783
268411575975915182313566502737
518665703428932650314769131887
417541320536999220462005890015
56625122362945771815697562948
581960026925373188526309731269
418286720134262492939646953137
206944293598178266732787668518
452651099516680134753128977900
529787433466620537573025436350
111020551435762009287963448842
740735479364398630203786654010
167818163465310080473860137443
239623574305097573705409588385
9457197111170045482926359719
531512590860330059934226790458
361019609987928829182314270405
528041703284701241637056754786
45400676398811101148863559021
516602638732527492975781644326
343408480757395501720135643671
615833457089506613099090703706
939127979702332851238985850311
33146358309249939669819307079
492968574870031992518368166451
740773976349020359111929602608
342837432995091086619881938354
991325091021556252217581037883
548775524310605704883871103985
882180763899986863417820008322
989327498923558207407005666856
154521893530499628681886263821
948124172518139160169469746160
822095492786554683314086727937
8824716384910774726851804947
776910068257663087810938472401
153116160012623209817895484963
324811815896035755702854027992
190484623788877470901584684510
539835197198814214643809014518
893190907462876507398143079982
479959713046083089169054138834
437555171518755014872867558936
122528464328099916507813649541
442210993900954786123972122949
348055915659503771422725466407
63883132956186769440885658499
394827719752059611345295629559
790385424618494959350480263755
537183385865737059339627280360
849562834561427797908626703234
89931023654018353518979592695
964855653469223547354654045432
503109217431110060662393546747
100349281752123748323120746498
270181371993815658222043627378
893504622162869213360626959304
220279704536659560350030284643
554346238260567049686816919336
438688489790691512858914990656
755718431300651328272435238066
445592885359978672278456046661
132925973415730160040326181191
85613028825033794186759039989
792001099195052883443388038440
415933054875294496938888577675
910000983591926677542417119899
837378179823263642136982696887
78546006515640702578195559011
776883118282959637722665017112
854175061484335342486040859078
996451320793002497288055840978
522588677535433281523875241782
323733961132782474761223834409
494362350876351522763749179587
939183302389321685417017961789
445998583113944752036426878614
455378175016851579113978492993
496088248275684690394006520739
352630014762775968553801089016
649890471244689024006998508243
406577438889155673574346250997
160483823603331268289835875903
28719917410247338742483387872
139188340570125259526152923783
516522875619401540775542463955
913835547480278405253173646734
917592768421605298978395670935
145707262921720064117827111387
886615837537719004975842235295
34833348954897295095568956601
519617693861314983170288209361
543048990405709551283639420503
565559179328088157554862509418
159921297763421653763244217483
471287594743456454140388772562
610729951153377557281466207220
802145552373058310785960818600
233720288861531630611782015657
828148012431266373582656241499
411062729986691440024350709174
302068223800955355336025697655
518097514325386353110911726597
673587059739404010997207202653
464071298989172615229748315289
259877314609500519411738416525
414035504046115664080951465269
700989058444128491853146827073
657381017078015552448500385571
837823242084648516128632857455
389020625939474207014734840275
317382002425956706773783169831
508223406632364971050123512442
762255299142581159250854956953
567374190858183727717038649739
928544114961060999832833330113
48511230951661462114859293561
733516104353558705773771825842
215818680983812632405048940597
551631359342220826191103632010
324299307003049771682276404444
720406845180497193943390432874
147983300754515552219221013458
463462960409105341290745254329
872345245469978716813017171257
595730704165606906021871945135
748235798727965218498579372417
965647432832192188646961192500
2674008785641520145606598481
210118076828784738714570127516
542192623387411941458671738262
850747813622926586290984951245
704328431962030167408730001882
804796700814949157222546182922
192335534766551813010727905250
698355352871429029466102009775
331864802978808428471603208975
402374198007326401924393619443
57820787596629083461369188434
236203186140510192170820146435
279486672044188054272856781790
873155649927192667161399547047
586273755353217361403084169381
437774780071409680274925162682
503848940726942194471695665101
572970070530035628393933272326
892778413777146746656461293793
168197063768735440310418933770
902317703675756712172631560068
184683666598996774933969037540
201776927477306977430495211991
435412157246131111569350711092
295359856415690714709569220585
348436420107734483747325083603
753356553905905819465565625840
858997950736964859068173858594
60777165115838324291297688360
670348346630940523230575855697
518418725665898706068259116043
594052239906017981621975269962
448317637047057166451027038896
613334036997723706744388689710
670256036690052982764551428464
382599878850345954181479876376
589869456992212768713289689753
800627468475200097133099354345
684176645226452283756506409963
767855311371000214847580069329
482038518888598889542650172877
392677212793168292457949485101
402655863970207556708677860710
889609119056077010693359293800
293848332962882046712694679837
578129436539939340782279352655
251368807838148061977667117233
770483515789240016984288317915
702089411731249997524685864951
571057722771684956067463080518
768165954065446043643597640871
713641917631366603775652643201
798017250407145280073953150273
756587865937319766431963775499
154480050505895121621622117119
978437696572121380124739523463
553384907746341234127360516419
443374311375900521137101507098
772338321330533080858839187026
928434298397805700335462360144
585135763113244841975022623112
415418254067217641284730108727
790018467837562493157107283423
911644331421144512085008964224
502050249148632999723679810029
667141446926736574416570435289
399710721747097073530105684510
864809723255382897087960852874
699890568346641317509284258742
55238954716338558294533765960
781393174077636016035556570166
204919122970630198273920630795
367338335563576595048176557901
645624865873129774025481214067
568920085522083751034648487779
542683344006278609612835255039
781776730343877071943294566315
184810606441329670027397663513
538892889476163496961532206019
786880715663950434089209126788
810790287950195725206467228259
937638900124341269560110642942
507626679246350934787036330445
627954763112974545699395966178
196675268366705292665047493851
119904695045768812515483125006
413034097827399872496427866813
404011532641824749107090236728
673285827256920498901868827081
660366565403053727575734356158
577791559192070652367644818081
491629206785045820874378391120
658662326543487744098431042408
509811504235880465979661798432
816385440306076269496708676920
102274395529573308899726205232
423205957734462141197978976026
420276495824761314037722881151
56836693092385840535607495692
936950431226632648057028075242
277406168177083897387792245480
260372207129932814416466378088
322459256835631940448824988421
207481173651146639051241645732
886627311505326277026232224007
846187112528923204501017055081
866107697136702552763567834704
297865503993399038836745202190
756809920062205153999022115240
655011597157916330742817271130
392436767178427591138582863741
627528340243301660234827724476
654007245347587082263173294326
937118446354998956507767906752
355911630831551119486832913780
751787463358627428322021200267
772300794368496877774507839713
282315530149849945722782828441
499229938387896213618404195837
422295032562707821172539795757
132056325936972173220082750559
260119300506753033755939902127
584013514590184352743851902103
897456026988289593729014997424
409974277393227842123275738080
333850229451273635188934892481
211224819275693544483006963428
79586615388995689348220718392
856356087401181160440987416105
134469363401002182078921769516
362170265476575186900735090563
658053202735449075464358269498
82314952907784593886731888502
674494432376905410538470204681
635284273768943281998232392796
477934922839126660742610026129
690892096313293133684311865679
465575012512719326594666667030
376792616812258528973703849539
294297857254985469364973178553
687817891391970576882538521138
413635351724652672881409334932
356138485975514694427843487840
376945593955003442595615908176
876753026235520265541677829860
582641976697315041356949766584
398127313730798568283655337432
275358436677445804578059243301
753892226369904026292567008898
197816952272570865638726717398
742978147427874743570874209956
513502187043259470055683703177
800141186944930715973559134610
534461012719205709029340626899
739867909419455007034309747263
338631145494296432792370720146
895825966551547717611581237832
23988154551290704599626598172
737344654671106413768763395040
712797198932898804181180683483
386867006397964971725318379835
89430391885395062072152044136
772380955237993962114302368079
655404285697250233674290335417
277737647835197647793035516784
608662591091345494651574519394
330843603463950587605930932477
886373574974968394683802189252
685626824076866358402581919442
554823703227499828813196965517
180880670605373213462521691257
736190115165191132430037473966
374121816541922662895521652109
638655440624117842309294491528
911026104000731921890369143804
311998887380025786640902892564
674440992356460661992588277119
201683233804004412499043652092
730521788299739851257202700653
803139059562646618693976680870
591661900041435594465152428116
398738194318712188279705616632
551016782013704566725007434406
496579367578338812636388823906
794332212241521848247133332129
757493674250684671948898709412
52061626800883013976765449669
361607443321793610212337325433
801675894690117011131052480185
762331008093272739988598808207
62580006407776279295578842803
202958833373433114069633904263
786326228569263133448958612343
690993531863137914903082266611
481670260266250216568961151671
546540151712852101837583742358
505523061472126484342777127659
363736780741141823541257107332
469423708992169965688688255155
196598563632990891605872716279
491316196203257955479899828055
436240863963183704579272503079
921388358647153144174326884285
690797438169169903911249123785
416191073599237046586443118641
779374726452633715043932444860
263672041438080823477744740304
772385297817365338478182714130
733904971715348546472794031125
765887107713365005692075672184
123514293119890317875629286477
669991220378246077487242398006
84799785224327669019447688199
160058820607213062561087852303
248172017784409919208097963252
54592996302498839752363687239
111638706010080650856597995228
779213934054274901051795600321
504460797812007233476462084351
947432829698878794912948023911
173900629763071008536408526295
771106028526288409040294519667
691027883676793783415229790403
295998348116788789196864957663
18153571908932058965723424264
581407346106606802948758727940
243594246875571198840947299383
835220087926859025479678879459
552070627202563542589708428028
171367425520653192451682521486
75730396116370017947072802952
369108292505768000084765473349
309082742381665827119079393876
469571226113046004194834267956
518818450654124752114010921377
974695547512950156847988342220
847882462002208117690351866306
761734408916736059850867241415
679656920844663653238576157211
42674436852757288231171147262
112886129640282744960931817024
221921775323314210736066519004
763877619845581199201005833804
578815969872559162043906645979
975329255897494942159181750518
361264987107029088052222739629
591302284304440815247020408147
400460493147476485979231400996
737458531381101200543502119514
670106274284911832820879923675
370930500254093563759314404712
312246503158632319305184081582
753121873841712814748245105380
159916985930494724609340962284
418182130655813644615632752072
960160644873987975264768793562
446822143097184599148759156014
649125154338120700545638479279
581086090678977183791353175709
217715639910274230859806471588
497364152795835808864175346336
478580484479428228046102680075
547519426005785749530771074421
836946442650822624114555497560
83082361052261558958780086424
711416284837966730820419236893
327571695549002258689207735959
15753990548728397023284946113
686827852192139528677659433332
698224985183860085271930041019
985429594080533403274640742143
227659047498987997682234738509
444044811838738542120932930182
382109296632088021128648440140
915337757660762255677921546949
860132069154630001062492607284
591336374934437839852421628883
887845005871092250317586219049
184221397922149913166710394001
273138611505513624266569772458
658199416664529068767892430504
140898723314918096316536553122
841778959691837589801265464573
170046464235645425117519633590
591003596321041613128547099357
308122791429495075399035881158
847850704347417499353127004351
758189747982734449009457979141
497722084162189326000281332274
714269090682666075193016637412
671053173833134479578612494691
833706990997042202306964817298
633639582425811407595959332938
598423032526237627349442329837
385357104164367617009138457072
302182143472168676674149803763
562619983470877637251617108833
252229380406869996811341636821
841289288798301013165571532789
977421297766387957769085157537
934092509647748861466257117558
683381318216074198476843324781
713872451345410876755178307408
673951253191239029293843503273
74370824827512998023191726799
977777445434199559880197770221
257287955410277676089157341881
61944949296261386391951611911
231592348773080769259022291008
153027521245669708465828316769
384735276077387845219564519531
973001202149190251450482512756
246313881288100914584807158387
919073477118210169360261861313
776457356963209321948965851459
379725033392491773678396645226
249704185299623040049067912306
50213610122786051547108992926
223532928975594869814075156571
149027779575245799876373696004
740103342543392954150140383491
266272448748791661064039627207
738291779757802766923647997712
53017296795641751559601061718
394712386783946199786470473807
411208245461890494123856550056
799098037646299016368529492036
630790179902517270392070784735
875064928748090201036462425106
103579923043156362973674216075
751618348920736554972867124328
525698094261953974403143006037
659073512667432648954660668747
957901275874748795456232214582
848469372177385296202398789366
110491724633521134364327337007
359323288048228081886289166499
724283992576066266630319144161
502827862995616355299213221412
181750288603798173717102809848
518351869501129802588103225376
741678061295836125528770462421
373572307172642884457293712258
923302724949443629715218306411
699516453524769094368135883480
553041105679360034450514824347
523917340478463629934389534051
205208545045548812093293757372
79378873079535836447050724819
48573529333935687044012954679
937402199396570038142027926621
403730496855683354078174668540
634900474688534664688802586813
706393152791959289635309394763
850374918668024152770717746470
953470913902343181724294309759
896976768943946762791818600993
629950990828326582337018977790
981001248473540345903540489402
835738955818980534007455080455
779519962201688990344969569834
42185119472323673183731779267
789326590765369827952001135864
102235650145200299884479162691
230128424948691514397732142839
931172833746206138250252121020
259452624518902497053326535836
325385029774088480216481389423
797438921879107295854958088419
276422849196327425093729074308
616409171092332050520986277971
629756354275706900127278878465
768123680409240596824965956824
261936699133223022774994367954
508089391989154486123198000980
607527309340588215042177941238
924190613771331757573448226476
763687337890490672404933058281
808940798631626682031755326908
67563703821322889826186015083
104585632224887053162232385155
503208620892132673320728141912
268718665194608344138487252897
250355284509739278755699060489
248548096000629019968324024454
952605671169470693539856813763
38609030074570353968954128795
426575905227264907661971729433
396283443068510185432951500717
125261490791317208421772795955
6329597382357884072399478758
561581474347211687686378718135
21965073708671493416045080456
237607377120600365218868270947
190886348664430058398917953179
656935756855415889537369613393
776178707564909726918046389523
897456372164499290233669793118
726102539316697181395759707941
854286199118722956215910357986
938729588905738267755899546206
5699373555948010840501901889
125285462262790308604970326129
173109988062972079286729121094
654991732624157851501241116225
240886546382437633341967112332
56382519974193508238264234586
749353690704511549391458239391
178880067899093112705616684435
328263563523303828052941013483
877691524081119682557629976139
330449129144582881171712419691
209489835430644697472734178530
46230808292166456109319407125
496405080071436707561031748022
587715912525116281385780483229
551669511242708060146484765300
880908696456241860136385087385
104722400838164182470925718913
300570958326924925480938584213
146166082909963067676442519067
349994578060941759379442288861
719980786209036794614861315725
139709448496055111857357215987
508602159307345789300489144675
622572084791698966617862969817
908496696774489548327974403389
611656373105528090290102415448
328904409252990073213929867403
452076041420811151037325443709
532529274824790017538853229979
47682416254268298037438396604
473948780857816549122302255228
194892910020314174990764319197
658602419239781116225804833592
458811603686522652308441400531
491130215069213620964164820271
222561852572220508236132515911
671932296903541342582336537167
741600082068933778255830240290
533587757308793968668861603656
10527134165335682237597269987
882257479593645926819820435727
201267576464960627879143252334
354457675826732477645339504444
255871521316292370993923559409
401525310518490853033349634643
637941683441256373306537845293
314909177128738896108875800589
664649990550345376864568094889
230751702365129358715896864724
397622769466520139397727820955
517882978178774810534436681353
695759522128147890450272536411
639857555727167650480242900741
657182411311146055285636413372
581602941015100685557629460456
880443014860799280466562780954
490066218605701622266776912547
192489749031567182168599347208
67494888762029348780658137168
623772122694031612110612954237
473688849756936209618583869869
321874464221400917777187511175
831304833199912611293071593658
533290990116232937069976840087
811027271751994851236900605167
739520315088070778634058132623
401210023783659253269321234341
743327088369133950171433579382
519960358039790793597287196276
819300725910671890757226137536
188934578334039490050938090378
590662995195555757314596475242
81410273592483198960405466027
173002892817949751811664497652
950093165049189575407509399415
620417816856567853980766462379
577699671789478643961544390943
583501430086466765910210160444
194566949424831467936480646275
639969638009223332210089543268
640046638908914663360311920607
407213885116639297725685800724
826662088210645146926422561309
273952256637848617849657125213
720670718641329081558094812447
481623422651723906605568080525
356335007131020309762202141509
601357650184584432291458267058
26224153150858318680845950139
667317615127969353480419105491
795270923877758315189250297703
718138525601197820321522364100
426160358156795568449869938300
896820002928648881315505211596
78714096528061180897174268202
287797698283289175884127449731
112752969802739134380857857644
230259883034213508461890140534
367340279429138701734475459357
755810174953989372802964500739
801092187490487973090256152776
428505210836642549607970434186
176195567029657342415314588287
192442513392845917682487308174
460176415024975954966738546300
701188834523397592497211304276
161835188826189627329063557704
33598180879436864856543959695
492669407605137178410972415150
592101746685623786331877909430
269301326323278229605517039161
270086369383076589932377730984
885734165874159152132498317876
48921570222994793299478100974
820890201979666975011848170950
687434177541674019107974981622
754170303147060195685548496836
915867746825707078604526204765
493797129404884426849388255545
386726574692682239524631389684
354841311448904044682196281203
733790678458638161463574653064
542246219204667401022943162160
953624295685981727257761376178
526060275382329675028893963735
77847168452609666156537551063
437063104357658615671876019507
39413521215937138418769242740
139288692798189287224974912050
686312830116081066942550200169
778488562128701147646960898473
178043085348608784322852784413
185046801542276120795827602810
718811430056395331759575451883
856282238082883633825072177470
345307633399566393750660632956
511663307691769783583742168034
52591140791812593742214950600
891818435342323700747233995742
464821241661770404504537736060
662625395914081368720133182428
737844048244812825219087101192
664937970610564238538933670352
421066133437734478238129329634
936585405670495895329448925724
321047459060001840190186461995
913622521674047541621593348728
337125044799342168920240883393
939470089410433863462067835845
890810856756737831141129227483
578676798537306188519071961054
772584444913341531191100151027
376065950490578024675039796057
783916148566607061866687973355
950464954646099910400354689808
667051189038478399162584885375
880621401963813180606667617406
868295221088817078824325602871
54359808792340804052849829703
736883934845031127958524026852
756217837772132340208521908170
672056168029352247180534850912
449509152210661793423118313251
55978468975576449435975616490
400045470492071895893653648468
393637664200662502117938930885
688618044986987170652158478387
675655780168952256481695354658
465763594104294269296159283440
39433592391864096050029347435
294052245326938255056637516220
554801556703799277373429281736
820993211056731074830389940962
801664617187610636643615673897
322812800778871875513197555319
291310580584482344568966224307
314146923488798047480149107000
578960066420768888394042744264
971384362461171912392345147060
26744743260816970747095381044
709971376310730665601792848317
326921374877439689310321119345
823109379884816845429012845177
287614757419629816395517369974
150631824981063786348111955857
783684396168113352475345516742
995113033354710020372688393417
728849632941819274309830973130
838092516630964253026559987196
593970257986154410206713978549
2441507977925613298642475225
541516578700240418662929529464
658559229350853684114065761836
763897550078208025208017074135
509730169453418760417675150152
813505498062335733975749543502
436586210318814536794452036903
717903329230845696099552627621
446661825754786426819891950845
229188438351928464493213530822
661335686416422922095367283791
187931285209036776133953216765
421123281151787865090877265828
856011713192473386888065112745
842401061904644080067896083773
671949770430023543925891517730
850567196033791226060997896589
345385451056272155386288676217
290937419863653958308031869509
997862097589513563005485340331
222629496737719459062193845922
941227273969323137908917508484
712930984284255061756672180903
6654251646636291709009010066
957341880385797564149351202256
95513214230640390149862852960
118421866906800167640849309675
857288226041616008819039784229
326542714539271793740102506671
87246708737986983505986236699
873203729106628244887507591447
473589343038274256335859497742
591976705412661259126114283987
534779424831535595693217763927
388137094676717540371303248382
826887024205231495148810654173
428638026243083386808581295439
753541488995270551094555631156
989295352169843612183045744133
829175685993221253425457470620
370568544136108318908260395732
169777240396266273192539050998
710348453436775876190181941606
436837566420789244369787206375
507903843935513947143277892765
138315387958326942460615643051
286038830528388029474468935625
279234806757194116904131890319
178992239499778593622985074896
466504671982620093097146918818
898755176346837991890397718844
611281279757426197592241207244
867127209287450575609749050398
776386847706031296173071245899
863499232677835496629841461380
127063764108832074811090635656
452680319551392872890838910174
764485287697141370140170646237
823750969468465765710926372822
248782120942415451499471905824
729714417127759731726540064621
729778916027934355102422165996
618832801330342500547674305853
494893868020460935525105902447
292843925753735840681093876043
964666351004988297048660000292
185537179398331841819102955003
734612573166272159954633331437
725816057720151740190399064782
832692421992456439461396988000
892886907655459934647124811054
914328732900134077503257050352
118006850962813533161767375534
474617863299696438854883818273
361825299529492428608193381308
435707730427743507504963033270
756657426479095274742202987439
448633823299468324467668146001
46424693875286227418963829726
498271829665453403800339498217
461162024931370458842442860043
987822412211349791518877822244
458695825894225740974355868009
306235546245786036889182175223
502697095228058125552550776131
921425905430414747545871008200
706938890166007324535813937450
124331312683733710148658406728
734468683360313025003678690657
410608539122804754784982592732
649465854013371389202655518805
264256514598451513377418994273
35823782517948180577832121087
312446129999207473633945300048
631577620567378576458475548953
677132103743521427011002224911
425226206643458564344115765849
177072127226370703791271962347
926735820430312622358709425930
798526861499276614909632708251
928940426529577960922447849021
833473807859739657776687703191
833969161591592340786326594231
266407346428368801049407666244
709064385168314336016863747100
772156881758138569788520371830
571784885703575159159819576750
444927116113612521672216929809
744917173725518666444253905902
56057368394846658012790460597
71875881801738744616427228947
263046599227032508044228285092
202404410452354361198401299399
622776358197698600161916459004
954963712522013230735728300069
493716502154274000732350967107
481156021857265323763348728975
883044667718308886783517748060
340750319277897194196680727785
860411436640677973482347011382
716924687104444810937528387923
731944682406860706436550350167
83925397563897808752335715905
256574993634360839410168084578
2763032386364089091983915206
526798421709741448205983762498
429417440212468084987530894206
408246682842248455435311722597
787834128660412351664656049690
514511363398253875358318841496
935012097529687471280794034361
208992912159445019138463453576
512589966997421400312429544530
525162528840872632298331196511
314691652639999342803570558286
227493000979084427279169253391
142661790976147927581624180209
666236292273297160291804860553
392764488227339383182769682929
122194917078089975055792721824
290123832371734362456817720310
577171213805589533991475221355
873530514423626276511573342035
135948183410221254536648050454
805244767214108877544535803734
584521871176161398810650427521
814084454139724516373032846065
700260273327761625412935730125
646699020952160934159916266260
130320906969555344846686284963
708459934011872026277085907910
920497967299989633818802685108
24363704028267178560967929545
131567467097268768752759226472
700513400824787436548725980359
605342561980254776927988233359
370377553268757718123440185025
963966935481045492457160092433
952582455976421487606030469599
249577454598230061597822194708
704840363963029804164470606950
154919943147370323359863199457
234099605575397755975159796580
381034233352588221138007728746
41295902607102598274754797516
199788715991264406473831584278
764146625807491242762064963183
111431179545116645122831055869
371741896589651020316187604631
590750183011739827689695549911
717505637822068800393197643318
43993685001416249173318480603
309491459267015559583595104400
728370712743940988680920088483
858470783963484648957942316337
684600698447401346050398048454
865346000705865676001392107097
686685626045849367020530365875
170287437311565685209963257636
12612437583405034940583953699
987675475032872422206343642365
447011369108498268009190496957
978732344550768145929923874062
879774463933129199309910042050
384084884850254262176743884065
850515892509010328594458919862
964846736507870889856994426590
144783588430885077204652763656
967752957665671777475746583983
290820935809739833039268488920
794314424719688727378422336085
115416154239366634371007926539
939563323940318682464244108284
626644667959762373616083914804
89674735487941891090930084066
377978547663274622926320478863
563540350413625109400494919158
841621134168242931698250038905
541543496249588698490869067875
662370229332000718327296368070
647642256154852216995135647187
277725723816036876603595492938
652876014409538406007910287579
905595661294906344179904430547
598205184591308202826766944044
241792899859965496228153078796
93713537428522765476984963911
644016360276456917744424069582
574787082941671623292008670698
176985387455785678669870011725
1196519536335288636014425377
677282739946395213579143919200
771215736235805162896471102465
518712501487183024704143933675
755278625168936133781797673270
186620262920146606330997802313
73667729347588384448120772833
637081172500661155288678808364
262517547580998837635158855929
974825682513084312391311625664
516207375552575438986504467983
686082294218523495328293648904
166435643363623460264131701573
867021176479345777170079513438
515570428893879036555610350306
576984001264882698890909098469
466983931305244681428855797894
891786056603124829470933210883
92459244973662364408967738041
400301050885324182121430587470
343097699414350937115696774044
472039552605930838628509574939
747319442259221941641531476137
362499734839717568934739206064
638414460636123232180688180904
156236293368243665983770940976
573271777583859372772148433093
895986240142390429811696945877
492328948793078266000359621234
528758931899744530758897910878
523636011534427183443705319646
812084089722398905952271967068
876578854415068591917813414424
529010457518886705085786307786
821672704006821316755549881396
657124610674755551676881760270
547038871360200609799525968156
728262083333904108600073352250
417262517955142114909318345129
739668935562545515395493433342
615910268668722915703226265034
749416478926419068153284375513
522961483950585116071865774423
292142192941868280522981307452
486978053656621951022850154593
240756653746842408577260881948
358352405725799411245170064213
610130372795120956491175441056
530179619180142627150975282991
804596378825801702942238745572
30260215281356514057947261586
361369331373033857558516209197
636207782472606475828841821432
632708782869283991510464169173
927002496099009194568956274088
922714489757034552846362433107
41175765411257773088760897488
955251748452718997911529996139
39246476296299522983899786486
643625136042538915900647990191
930073403074571371928941203217
526588538789064645994357368500
362719629799018010887416893170
332077409943564246690256702160
728714961457362981392525827781
348973468984725774254491273920
20997397252289360935315482290
916132277397544504552553668617
794719912041017458673487423768
505334612229252555670083843130
52795314639634495208392064909
843385038541456566796518310030
497112038076865778122450000961
280436381263269681365195339644
452222555619064163144351338018
818482180240787701484845858695
789330611376076803386859477022
410483483535309927472563582492
830500295388440081813127771287
514299220468735498058168290822
961632559083275628785054630194
467688573959642802354381381425
223999839382819701452540914520
846350668598328400245811817244
722320272832620545049842101535
873006472611731297836771147167
434373532858583397121077360139
100188444674008747798307096240
149564733432497285133996081536
637449648049612606951827119986
599780451966550594874891671308
532243531957724885146347604359
91050802305163393850827118320
829070566276323828114705220755
776515924204988413198418994948
578566148760529223077417199380
769084597318708855458423345525
283167608226132695019532608969
646851630124071951838122953516
822337718629025610395515436926
795558700547650123883489611554
349440061631511626847992948865
956998431260605031986806352109
826496942408720151234399984969
211816987867868253814505429068
341003620603500788045851738234
156115749425762573565288580184
952567506516695033270018591258
730628842915130876600416310050
548149074463160670958922839451
575737501362455179508019059807
971948920207726999893277602363
454055347764898019835547446255
707421716043774078381788680358
619944642218866841652029691640
970630888176502099632454141376
739002115568823486386592442710
694265703147736403146972327882
215693411315141762950653142713
362511150317946811322657587019
13721412485850554995445158025
729191245647464868329751318278
461080180555334979452235280351
566594621371536652234373032917
317013697695387755516105365147
697307164419018315667299858076
554353793675010430206359689996
566027983552202641589500997948
310093807893217616217458370593
245825470497194213477105817797
145990150425541778491050893865
938547183142728457039953830674
163059806746373540220453566272
191176808970578034129752642450
907377122598348361104311475915
489530535762297710564062943629
755318393622112535140455348711
414761977696363367814142620915
812721553937215636310200288835
758292120198169759571413346852
270092451667195265202973707884
894193567626132642267475558323
496502224185324356994148892303
275546106365707797421780506124
246503687394331034718148026283
323194441368561210400826759392
45391526201783746403045067109
437964112630805360909342346382
756722137971540876515361314802
566260458551056767848263584962
553651601481359660103034837484
950044378839573331768749560238
930637434698422742268878373023
188856969129605350415522382428
394278518018525322675172068924
793078605123762132104202576057
463934572046854604165008035028
486441851830360951424094469052
656415915685661210393294314992
565781717816378265561132526591
313512639814089512509903939868
364239906297425146721581031927
471253267169226933051724520514
208522552158401582132445196035
995094075057921488746330893935
786672982759654274049949283833
945977243016721732496160240258
559879316880169753086329432048
93495800010059581447443708646
379886328606329123814648400037
67699938787599361686330594130
285477060576621334464522956014
805834129388312826558282776466
493725857428794324428084761333
193819085932159141039750719697
418455406471491294588113529018
140465572916979535802141134268
787125228155773704013107919120
466220451514900838174529803680
190146986406791769604250988096
114469949176853584036063586634
680599057315324915397300684472
722350703152097578300027739858
506246855535039345626433148085
466011589585223028380679166679
717414541322365392610306433901
647763531452311903166960079007
223967568571986164858136696834
372027706757853549674538028642
177594590839236532529923012660
426265680107893032586769307878
996052462852441484974422505516
667767527546003067038138650909
298411874433095419193997282901
620397844128597828383604887345
811930998262454985065373481387
862113236958031094847138748400
799462887927077309001075826300
229634706448248169802827195960
195514525340088451551794782257
164201002365140059783154393648
944119668147474086451271148173
567743897834473391580841545174
206009157669183877677433105144
859115283971315304501737337515
209604449238449503201993198039
459499141033798771676108599339
395722608817049664963723949402
686055025830767210459930262338
838069685370976360437807048491
995516477613842708834133497467
457502473709188700430507179556
843366712437587855682100370327
719758609053483447767819335057
805447876499449539279607152711
910037091140536598362287774937
294274744344873169012994559490
186222967554434229257393053535
335550846152054371307472539343
47013982657104171348597162113
646817283146924095278958175488
436758004261684855084917829108
581706098084125568913794568950
749491882253642692563323494678
495525649254754570400205707473
186478753390513587120266857546
708016283510116035300096950583
748971100375280078188834562950
631566083435461309590284108320
488365747498321083565702852103
93285064382390911293415381941
518343488723410309224632211766
562642931939427141712930805362
114028462345704668130418185865
374465808244921771586890933813
338600263146108161367349354647
91038898775039846783826840736
564006347620008500350633296966
220124754634686488567544382891
789093793087375440770656535792
241184149418795107099750639668
843469913506007182893774914879
793315856913018762458667757041
689661647386838603621305363553
171767947301774872512559766013
781563482319532107025943687744
505275164377185081004066333005
436591127059917128216367709072
89095098121944736005947014472
140403647957575116199292976420
594825903848732881776562050000
663356832854905385148534448233
298348454924616701149676125181
644178210854635253527701019664
902044730575067551652839561734
302547636120623363387980317926
399284578955861293572172159695
865702422897575639384189043449
135092354930620503685869852549
527242201905335240375985698606
45649027758455182376912956731
708376136348718728110221788717
944700783817405988763392108059
814574426095075413148701149943
825705726159179667481977077090
935531550822792781932073953756
497867380633165117661147689690
156921017948942615980178026754
496550088308228982717898402499
594561445926649886781163530969
101604736152348253916210614369
631544821588268758829158326245
91445177387086212804794127732
446800677260708863251658876686
792150399094409538436978217026
279593702689094632624181998499
147859785729832799706708961025
405633216875982326553014261466
478459105006864371704952537117
531755754780906139082461942229
236520867481223798064609521071
676574086397506120962543182788
234424668167222450691786536041
559026627991455734924262149823
796764021277889277490938920572
5364472531025111794456399712
903791205333760121281141305208
802730111657356394067775313407
728045980058866458839583278864
259211878028151535620458013382
192186997535316946273918320926
726199578317569990913223155931
609713865439773068529776583292
37741918127320548602723143410
905490966077238577400077864024
362051046341768081377745149716
535603975284744199327670399200
41811193880991859357017284131
247048573170312835606405708451
628095088141524608349782906795
339572563125876245600556257960
806139598365466162661268937143
853845259023269792934825202435
442666973250799594566516008343
145298121675542754210253609301
724094740507506635649113789328
278018023724952572697305062233
584946418287990004004911951163
703832137157312972557039518716
422226639693212222343939137971
839393863032101958730897896195
371467380723660354963178539130
622291361511378432399174597245
359150725316339298067576884464
942833842790768830205066994833
775777299852340296232737855559
979387495639976453803681334811
625661683247547591026882029680
138283552515631733632267236092
150675309656149987512242100640
241021625639285445049188528921
249487723649701687393217538426
365211371082764919131914343900
710190339998508913269680400013
254056027855450817523270366347
907914698395622584597612222443
241798033883535181986692633961
507757666353323626823874870913
82221213211660829322064500921
98185744024958262415425725010
109532754240696187383236743468
359314075856467318401185361786
490206530653291816199739614621
367464375976260521534018928861
151305562871952947905239607647
410027010022116049913762513945
787628388067392367886783187718
856903425136092490002349463916
78264757323897799864555954699
716745479677112788033209026521
798857417434167902629101773721
702563690283538013700263807345
733585669957776530302153193506
972259412470225695169050589940
68614731472479388871232113716
331074319973549746197595938675
711475384027747008985576891239
642221879664632043641483019262
36315610887248098034943980315
738145353241077831165184825348
387529311261774354889584106494
851034449621023080643447739383
139624179232391982902404001512
675861837597496535321329419796
668305968957374974650361148307
664709439296476736901842736619
711350473012032650852928121065
675910182337212178832341595172
806692849580150817945801774212
617701752716861177487817759242
382482875266876789443801695712
727534013865796793671440447714
716907860457768752235878041928
946365793925381722468533344219
346340692650479791075804062935
237460465865730346804730665049
170651503512930813488983777599
979313930751428412726469356384
285490095167623568560417350587
299066621161851037349743179406
758835774041243846179876108806
865507620619819023089000465011
710515320292680624311358366708
902008308770076320523762784141
510398052212552150899053224930
321026349678893682415862307365
427044823257902737928008605997
7373912028223081170983753618
858105726994054648725059887839
97458562805643790254947553826
101924886271176605599681947883
691031482906771057636524539760
20929809274112804736474320651
615337202156162538552728553162
31655108700643880060291224539
762233789305542427272346007687
104199905004944301080583037897
97398641893429854819675266502
946199245130314850164297841709
312696962040334167656815797521
339585227300851296827322452547
296719552614245619045465982603
407271290686929490296591107893
214340252662509266084769425030
890644672674268202042910513806
957742367151295586363716186493
760489838850123813662226124895
262471281021762097726239235048
186104705502876744026002250838
183326625392748711739732473500
184194591050927685250912090720
31175568584939552828452046381
777925403005062101995150065537
181939954361910410067166359612
456567951698982124844541172750
988789576416913369361096345100
285427615695907991479899634949
806072784716199546694949409577
334715303422979361157211766189
1466703387514065471497436508
933232584786884760910501874209
405526853051590054706557584038
614743904511642286817352121093
140117118743443468877079132760
623987095380500935993407282194
405112383261617723022059793242
702051292454011678279745684154
238895359796772321533764999133
3722980191940555447425128040
759966532438251717270778493367
978254015486997815955451071701
941419674991628063169252694974
830151118056716647491852692923
61771944141135860599175911518
845624846153564988481552155450
518579132184552937711362414419
614965768871224568033239883626
142605400683189527384965407665
634769016017508220867455065169
176139459533013693574639484562
616180751523127534308528995463
867487069587292030212915678766
585493567922591094725018403224
366263181823674961541211165859
995125003653126309760492604605
894992093038145623774423524402
682321400642928833883646888209
63530022440887245192066828299
516114097071962569242367869579
9320426873292747023261800938
317150400463121205000503012590
632474129916952099755900439643
880782005093306449450665595672
76479764492076695006112342759
771612737907651292789133825119
314783359175225076803038419572
979649958934702284719656652237
388172599177545694353716209410
281537575335778881223818782093
49589430164358616952309063580
445348671880850759884507061687
248658284425235923492273526936
179391585720748036477671542742
946339941019492536949088044422
686656281879122645956952265399
221899687056062923801824725690
960794563346081194134749154950
248570292293109122566505666827
934341994289771821976441891988
96548171489371299846547006038
893880329286112643362555640392
297027121037819788646360546184
2840254378328226163797808657
737848011816358662648541772431
304043728994579450502330637786
618436836154109914630933560613
373754211711275190710481604008
767130264518114082622960541420
18898153235750579233273170038
727748806971800047585495344111
502477310877837099690146780586
379770371793519459880576704813
413581147124638966583772918517
206807883305835580027692617231
442638264224387581363373314228
797270342423482103172204013254
870285754642863669414629418652
751620447526268631185843778355
350048474375526184408559524935
744677817351642624033434049919
179277359215685081459803854070
194350165884061265112353013577
413741474143283976779138643619
420634828605398969322360875330
989666069543538363655563553845
603684667899825896368055513381
869425243517716487480069876767
470376022918074828322547562049
339112338104703391117510857591
306481406458184383882556175927
807613369015606991133492468480
171083643955669117169619297139
277804781672602045876773996625
550202003230088494187134029131
152421566793691776157923638432
509858796528978239916032223758
612286332357264499746272744260
490269464677021985437793223934
974795779792118236311430769001
480165654585700316035538101894
892667006425690485090170517773
67650005374796758643717969189
712819109248620519616387260959
561433005413192250302063348156
906621070303481015688606497977
424270948895618929341742939281
194236888767710640369275368363
921141030104637939330193340412
647549287532278945707008776380
466054131670639037147367343189
10730219617425944930397166725
895207634868002389625514687668
873374308206300557287911200098
759615100560243052325907038999
991991128673889523852123629824
451224660380505562710006606909
970587488784143914602276700505
687740966133036178802914699258
638355053195220584293517359641
438847205337006146134006725537
256855997489757454494207979395
204652032338410636895170864166
566779372331318889500473189927
909291949472261238256970993841
407868119671752293411440882445
676821409121631266255859800746
149632558304278275659432968070
778910330691882831178458083401
479779919118867415206158261328
336379139473948878545586656391
652760640791098818539869403560
142676952511739538656976466315
177885542318088761184820637108
871510862541810193745989467543
650617364704039414676372502419
958523771429525726888083739055
859433477399692127081439688525
764384908113045597688693162741
185499420663136492174041668875
646820054688736186412001055523
935280535754474570312278680713
755014340476798441821162984063
641981601403358901618149373305
489078626695683520910030649607
863990498188671082521849008500
889463291515662623954492432243
209035147062283238152887341629
391689493661950478656910932220
299129979025054206239638493676
938608042719925873349827191108
967950369647230118767263504663
334581823429891732725014507915
698479752292125995834647063040
343604148326310134843627585217
287840372999049363883045109918
965954361396792723894646102452
686024385870435376376177009405
442758665837554571574745447499
274225053550306835561874048658
484076930353350710928410606638
477592651944247616855575173256
771336354168034723711338098556
934777174786476873035123522051
401603239250939441595689011322
480343524098522471305929902262
788111377355842968531028543735
834588376316511779766228045243
36689081358483234871472634494
529879931548872041476262563218
777897900657388749903621628232
187669298208965764004650612691
200201670690160815318396417294
38848589404758211384372158975
282114305119932118139604320152
947970615432816881098437926428
743514139748604301760012524976
492532848731251387615567371697
255924712854942724296311182774
248345137498278459260815018712
134499599905260501013254214582
505660307795059928627907163230
144390819713542132967709659866
196015171375019918589749128750
557131828868076656204285684853
912115682827404697044201684338
145774972148707726031981031761
761823935526544771775125355893
960529078032175492699304775862
618139459668529601064432089681
15090060627937088039295837706
24728381012308414854824869936
283646740152290970079465077540
733353082692459582020581529156
477692767228866947898932816876
814386247293907843389960942913
439146720653850504458501481095
334922652478986395245501935221
443035775109568575087435737446
980999703406076317512788260212
386694573832240148731347994623
824745745600221016303504842094
395888656181316078012344202055
573812183203228323403230746185
742592632082267301221462267250
45174059762153616636324585751
507956507821322998660074304238
707742719148348498290311224451
480392007825300447715802775099
460235890363575381688691265745
189228691254199580625404618283
223453552386628108842308177911
205502471572440151375053625037
429214167546422050664906576784
430872628675709739211018530906
746456772223422844404433797025
648163984293774140837031871418
445228243517518253606459678906
653517986311328371853783344167
202496923899799897844265685584
169595130730062995299727076053
195009528604683883414254505966
555652320216124319566708986720
87447739629136525025037057917
8119095256721301751593242530
21846263020767319200770870238
308476912727998419191321388201
360520794614872093660189005220
313006153050101643855181217393
135894836606887137824256229581
520084048516186135650756730017
867643481920119639201004285298
4763623830819095094756430434
154326487717078377025736238813
396111150902962172785186537357
196161022753446057956199482558
956163106525191580838901735785
528371755337717759817745035251
473198026557958200447401966936
857041594920566436027123916889
696374551818370085776965964858
205691326999641165858811825781
426710871736497670477226980919
40753639092601704042629521524
56667708161753939341030678222
403894850539915077627459874248
336632358643615118907598722354
504067480368873824003316973627
906004569484063281920098960770
204862173984793145065296848545
840958292383752113014490362892
790596751941110552185615349029
894894346931970579674909234127
656812908476701006980333067872
557167702237069720987437838187
293801767134155428583142821574
739416705238312073892069964200
278379981869538517516838567279
333856410442730250974578330138
735862899834754971378092818825
652994920108032301275731569153
96338414787634188437197468122
580913065087861608687737178448
171293045358361725972485157869
141487036277273564880274981669
412385851443287857242702649767
59385395122758366086246279499
696301957918395592582775272665
532317554168281397267157189291
393331865292655603782898783904
181900505959703631474027944797
990273590756640984164535166803
598430349066369595458274425065
332160928717995413374370490245
489421709419060455142684398553
826342898519090523617501958423
692545320200504292807018929534
625252746666301232184357401297
347449958373778196236898248284
828047568109698527570851937992
694255334639395258785597220145
733602878684753824829248660400
666552746217374935290812232919
661432579143986658623109926978
356184317894856229355484752931
139389748582867550232654753081
324958967831118471408225272561
400096573666160216751669236092
187012668183737610860766813655
691052324935765476817877666209
697824163333177311090438638268
230470023288090781189495362148
8543498024738004108761092878
227770628324556739678266984633
849355142082911255226875348443
163931053170783544262518156221
406575563193947336484120936144
137845633521855951297945259959
481235530184244330587699532637
210305096493361936338478744660
612665008353678443180851436589
960269591801483914357885721537
973913661374300573842254325005
649918584320458383672333987895
770699517017464678974751942797
794489681863769601446388535558
214483321328639883054539820650
729815348028077584720147447099
146335519484950263432555564460
487416806192450059127054671480
639147733442326959961182847921
445067847662154166087882220154
329403321683921434335689432917
404285136483359665854489489026
627826755968915595440392214532
157617994081199840444523050573
592375009999850098942554595701
172906077388151378609660063981
329428757144200590089793326163
455373945993902321297963765230
131376845707977277434613007154
188455584842823665644193392453
671660538528479567282992864982
597347076249264804271826407866
883044952310028306070209779258
986564162260194592056067628246
995385336405886578225009241422
708645235187516230800294630583
985238994314032896120664283067
873115808087638159885259913591
705114554768669172690864958930
196864752316501319611575694428
439231055506231218826766279568
495578096779199811656660675996
320521073149512042586978008998
574205566521799074600804570576
606946941353178691099253773768
20374908287996021427502414828
152136698101446098268193691622
788032169507620477126352335985
804572545542501555917411936795
971460719709070395468343098616
293833876717478210456790289083
503082420201610778560369720546
490206834888967214356686614329
612301413758653892020047239566
937277019522754934541578149681
2560433220040099857868612148
336006008491803703136521736555
372936126414840161668362362817
103304320048418221007728880909
613480018776273577547810415076
818263533750933115725634486871
924348547173716116502351011995
552618339295485137442576175086
466796859010714661205602210748
891754414449522048834063335759
708243681509061515617387150541
853307973294855340838480970252
921319628377746658658389539710
122930621923021997077093586560
637811501107598328899157029641
57266193955481007497115894176
522401306797605704521244983975
142748750119112396815348138658
394575082946284875794568088250
968768819009498909500276017523
508536279384859047345929453466
964337922248280850009882020214
975192246428286818916044018779
373855677764527824993801399550
267984688912745135752562217484
451123250303904257458633321767
557354076426400561434915246683
459541182496628081314103232500
374334089079399502967546015427
470653821943325098372307595507
514798655658120789817109908488
84857279507169227351723182876
365836673021735481552016069837
599585670279099049346415150876
87319690291360501153100770642
798988020281103190865820394210
930734999270306467840838403445
896907450645940058694099604000
754088056251421133558591032162
507104310480875709499009068663
711282887776333956621527576765
415002159151902267204359400784
928874060209130153351332951530
82831803439040988328770795337
989233104088224749268537484964
236633780236814799104016442315
623424311212000346454675965787
332507894436561152002453439912
582697275380701499870154343350
67048291814479055780411161272
19257869742640962981017969180
825855456361669530197248271296
616380421889526543104076613505
678648336130496072332006866119
14354945422010713870132003370
354702801749977620316466934755
766448978855093223533372005459
686884776318647939771080147686
113310449709836155570829829967
149289161376795283706030371630
622612972711771136999708077920
36863227471186634119763966073
257053405512161912168352444539
888071601568224765705183014178
801312263600240413825014388016
941044397573428653772859945921
143523471307862196211849474631
197693076770306620900741433372
240030431399363890595094774346
349874026453676921658399620881
400726514049527601093119123072
368824935886641955860399750703
419096530114400728395789282216
937704372377870825561653809734
108349058177780095610369855490
268596704882568188285406799608
208916704661599788447212641909
977703767363991703246465935294
592104565256417680037895803384
377750374947082120404537131124
64694375724772614944914764395
35834515124736527259942385973
784491355232997554041107134226
93117287363107306192394858297
976939392495653778622783320217
560065016569399625237935002153
531981201693727319385669320860
754099741524955672801057249876
699987829321035407771422490012
448533378629258521019709870999
473614823473935876936772222709
844213116971451993925757615367
497652599913554382177858048786
971275040640920555178176742178
607375719557467985477307745545
293110467638225833162040305606
831503273333629477037728986813
765016806686585630708184482321
768562592775161757899976038205
360917687537761173644847948056
976878923113442672387593290361
970727994202351524394364009844
93552105449566821918793206
367743362560939377441167206241
60120256980526823992021780136
782640127575344017832336928281
230451411621565112110678176873
950138406136471486689879165088
179493710226269368069218620858
263378210970952828243238633530
75868291439464003065784100709
156133111273595373297893448728
398606107949316846937886339994
160528224983858569740875405592
262116003451528608058996576107
806898115872186746825253011537
374115842238790323393728188506
168359014346935168341240347242
379383338010498745330519351108
537641640623670157297162294824
984359991793603904543482758264
433913200574321572287567843054
95167743685080886404023989406
616226779196400410814323303278
282620587644523610896120493378
696150073513905488512811917279
931745913185670643963592108002
333667380612383212533361520299
346233619661161256732659558635
19064114423805044455280975038
237880782047400231208548758712
167404864718179951296393560952
376059300735209562882520816105
963675588789369888003503626790
21989692671674630088804348298
305765254580763628001866508978
699969667820596566945780951548
260612583714335704768281126978
484348637246703506520572749514
210989232191209216630416773397
528958392248037965268645564696
25251203596661459637444887659
637787225837139534360485154517
374709543192370159112607849903
545029673982255062245578912820
631726455742038509669087490326
443291513738754568972966465376
48165808891606263939518840153
650164506014941696217915171922
297484797739383113510303462140
212912533261199114886597206970
85380009147666914026325132948
854693443811644234436216770754
740206226985992785767250189921
211844595659790858792903878763
638637384836196794883406404814
215003723732651237627271341799
97111013235970750658175597517
12311341007073805352393356180
49920073199528445846670537909
603819039781956279075142727529
527505984978440408479666299398
129899205682880045602895820767
618910061568568971308751631741
181330868281640961915891671648
378188068054067537645417976512
484573430474229215368531346645
462119847572088180092482841298
830816261856830330966696387713
494271170804538952124746465141
333016245804196728217257501328
829334135425361079487294713355
195132984064059659377916680845
902541431319375271572554108986
290319334518445074383087511923
413244288982822158456440320815
54320509886440203024448673348
84171229847515895554163990827
798557944992903028691167570118
57286111948869430754579573175
838299154863471752855981668570
865450286027599928469910807283
737005980224632096614675037874
938507525350125656757018431610
69589517205858202627772215121
843969165248101766612146261265
846367984850641756640766461782
866191837888831275548545831960
246443246747510443216421926734
686012718092990557305272668017
780467432653758881063922608017
275196740870201970606045861829
826676521482863191850020026003
287359817105296188898745892935
736513087991324018761961968788
581685146635082237599543235347
882346189224352855888807609638
224997506039371077941317008969
111638068424588018306512705755
460075743652155897714108276496
364571723782013984008187048459
277515124481707602911580752666
30193520332392919662543720591
494155609087299022164554961480
279593584773139324414883038114
281066077484192797046340074367
180990865447312144445804819079
76261333323878334534745528893
119055523084885881346314857448
148617890177687697161085002753
993200367994797454471770304737
757963182647256351082126433141
372334499726700195047408083968
561580416482337109976476920283
491294672878101355600579690664
514110890636663412761217169499
327026405511356056616433173468
558165868163269948516585483834
828911574463154993419423496319
770748426060127457497885748629
447080753794927930095022544542
909777577094982844662459162211
483439637526202803567610604249
347718785979434843505605262199
597626731081440114403260323943
363787904089377069719152316740
770777829209895698003565309384
661605039225439786238253705988
778912275471113920966611836593
308175753443624254101644698464
310787734482525907640221489970
124587294988484833041025052394
14515764187694141118030915008
569566241394842364491823534975
179897157284219165759937407635
176730738591894539643249329786
836226013209148220437947058154
892634710387665478405803996577
792895556816295215018814750851
878730291575445218019828638294
44546299977805406198852137965
985171869440199497696114758543
182980533909805442891272023991
456162476394774221101898959379
801657038115506649341140638595
374247416270234301746325479612
328373730483333060187033654191
906759639787126674275835851367
522738034358066310114798713808
305762498563495426181420016610
852302772624738964072916576298
372492005457998894725762794711
961213116208368688252349733054
882787212800796087080596318025
588912737272702437545469430697
770264670344404773777787392429
873953968077795770979532268589
572005039413584214660971341523
590980683306512912483904558146
682980753730218501385689943789
186632962281105185052110665479
995686982184404534083635887721
99408701190166683692357693882
362226257383351969337932566471
124586301957124544682522565078
897567024584743770484326054903
3620764082759784438826013531
748333775803973499388571901388
382215042957957149910467817909
550078921147511788273931656008
847962462791678707096353035352
748515272115494738069652264862
884776437942232210881219398384
242984185388020922936678847671
249394216499980172178944757653
211930115769098078005903128520
996623645957391431698808132298
244128073718181728674583903596
386183831266548232861397893298
620938045354382748985610743465
407191597175817858470137543168
547086920021645759784383481265
814656588685146609375929847907
326468192201275370975761544075
639817393409910188225939848138
149613503091249537509066015843
451912652498754048751447685069
704035679264671308721981516363
777030808509664861892743778005
497301342023446055233901765520
140569974371498662654012960676
799275267073870062575614500326
819219458158101360801175208881
199472905165319795933815468346
802445790799692366383317921372
733455871735406144256106379956
86972014431717527410370560099
999150849373932805576535087750
386574883573583097358386264082
749626186810593878575333210280
482366739916419341026152457334
977041555738416354685389813724
228259756649523758083649964046
877782887785217057349493151363
849028819091060170253355453346
959485475646488658837892655318
360623844117612917918259646821
50633727536546012072698365440
938587157874135763707244619779
670189355895251656724384660297
490238798644870112361572104902
392345896212894613081374274757
554178146661887658621937334811
405636618423723643447578647851
782172598998553136977834469784
56127769294168208776515918724
489365680646053326253269138329
912057727888588290742387374918
196586810026604988794114801638
852558524868045956023591524619
934695048318599492200130571381
755197660128717894754061587277
207925641673140941464967076659
100469508146698773703904020886
244348179450351809590551846096
903083946345164745612703942448
450006564603127697647300417808
774207430901838817879013205153
338276515770779135562208167786
784909857245630938793694583811
346353453644493772957185545
7237597612808223353326950569
67479887271562727828737697693
396433075189573775846379474953
833259701310269565842201402376
281202167254771143536537704174
876745607921130280341121102639
147805988710524319198134923224
813069127252403932225231878969
115878554977454277322679611476
595826371631301127802931574866
955044256786854264953951799912
240350091128779850525256166228
43663825297657674640679246391
195049245568929941113793730317
179501284844326178629092032425
167613245659595495673089659369
445707276647176448343376235508
525442014354841417708996210440
907309323949074923790651779265
201386300195811023178180237087
251280631320673763541365609269
70667461262426877379675833307
439073908880972267984604784323
991349498586538723311221488163
220838456756616019661222030895
248576806204176349804379299845
291582647161020968064220722298
273227310187767270256948956553
300887038351391950652355094687
242885928639912231707042451376
296203813145150125572489693487
327795739388892691156523740285
709125855518148411993275584343
400445506720369355947467701392
102934675376258836122724259731
811106121977575280194510504210
885651258085953559564279102359
728225897686532069150353563639
154206214992721200065743673505
984104634219217220005045153664
181196196381440644403619887140
518439479579483343553573477963
106842468234978069285643136010
633342463520675594667426869468
770002229466601148165778329997
73112912534171089795374565925
17062085451704249845598851704
574240777781084453406539479964
331369003500292290120414497619
947930218027895201212940587856
765383423380024729668155881299
465609094610883557244055008209
167487486129482998101995835704
28517023625544299506085062880
403776811901895915316273440579
379944232845683356270106661072
916201047693228437562033163592
527002742833988965549092902384
518028453120334527140848065616
253937771866374882409507966219
119593379418250173394659367201
406876091606706016390193285610
978152661048925878085777913603
254474881731281820077039061971
203406670012401108081645166021
873427340121622517569195620402
561637478966166690587466288346
230218276957947548488848440705
566411281477841606411827919528
359401976579166006513549267099
854622404345197734203076995398
598859602176517600431942811322
430012950872101326557245868032
913165000398033563066248733882
769059256717935887995562114272
82834905493253264928103770995
575405087233161299184044782695
849087415686468741311126203235
427485822042127099325593687313
185658859729509527336043967074
860800680430194212211565967971
570803734386438108131357514627
375819975866665703406655480525
709565351980379372897758475725
518474074192080212731640442371
773130113441318312766756506825
412768103909611806974767072790
792946864050724755397280261231
81609716809082175094028193161
359123561849402652532200287968
484587747644212387097099191075
245889358301855326259990107300
64723828251665979460971699780
316963568271677951730191670263
667267136726272933222740402302
186848143781608959967125810176
757782130269786971611071925053
951946042322664999733871129699
708531472460203744400109210459
130098010879149467528994433248
370657264847930669379511519077
259499344507466176383189920027
901730357650494049793729099200
949596582284007930194857446783
10991180924060944800736363686
799089323859890194856478755921
313703153544361567321060616602
621203991572019945836593948241
933683200789681421606216847277
737586789794649803279190658045
630929125566874037312008424397
734769577998006178463501337769
482671979308700473977261003434
527250474272646235536053112181
410854371687436412057840482530
306703555299375550730252192356
805233402552458429742085870166
71100913044328405578925242379
155628044448257579446079288439
466762730106740136193577121070
589626259000430552606934765560
222751566297473845399404023412
464258547031747495077486100508
830451289146518123151957602058
972697156303878159887614326067
612748507027261274790938403362
582053062592871330595746942149
343622005711584925238454574770
823982863104597354627479678271
483395229721619263475654479439
703911025711754003508969411477
765994030110956640107905311070
182607935785022422766016795785
97238247003974531494694967346
373356417577620569816068100372
603050918044296973261563662089
588569678999890311972378594907
453082974881500866162306634723
678987208947015133485956980448
451300349119243688323195903453
194071364217289477363087235867
551076478176699768118869260277
463407733630577923709949148337
732313119062469329405170608414
292211732571979322668518541669
425171523159101759117230028404
241215608755907451081789035679
462972124678427721844588905526
151775243101679738594426041931
244181489414123429528117740544
613116147039917728616615597325
763910228804643539681265518549
170986399652514998476944370154
452250234940000388955650054001
2893302809166964472815914590
904740844182638318575810581536
631033721551303130295398554047
741286317647697631002786036171
772618140466062612276578145909
925834592389393264115992107137
443783877358492327780265929347
870790792678524644782254630873
123194466370966940654558945448
9774676390297825892108230532
37149014910310888783577206330
786393145632715123103264653096
969009845609084653098483723867
433044653043484315647136258561
693210640617947655259147247643
635021703391652792968531097583
39483240010353873294495198596
307886862502455637017844632961
798229942780971849625721896640
959177430919474805693730770203
161642863847851837006033958762
871799661670806473200105522814
517698734809947774305569064829
36117322944995988830478907995
671436927615903548177619490722
78170346848376723987400503585
837646664493906006433752693214
160547877298570936836656360455
207929042584436843959126498825
636807912082677658473012195371
904992160703295842743236257941
584088653495059171029187278360
473087210299705910074264347720
15191216353132001177186230695
115655654580717736417191846955
173764390559498755259916347069
913584219452339591651817822694
740172768694015691837582140321
288754436351245157339839230181
831986048191895642263088484946
929668973243105271233048930213
984920203693620326986446775674
812920892458486064695935117699
518101855592185951379720229453
672826954683318941368955367754
358133756617172801884815660921
431303203380408234885414563414
648382156463774169897905296238
289476018341771750060826964275
401129962289541324405024754578
511841528227257137012991196317
313395425417748105053870100510
141792899285470660742877378205
151048689200460569215705324554
555712839975564564371860307177
258827070674193332090886408618
914909149519256987419088866293
151812397986307686663892868762
827502389860601830163524726828
928690861524050281739216554604
364356826931287454049493640849
313920324257073671036928942177
460013338482801907505665477322
318235981782128391237205212390
832333197486822604087750391583
517562453276599730384850172720
430007581828016270467808446161
120622037081270183884070612164
67662296634063356312975538438
91698461823592622303795443783
371333886770766409766616502819
403197874973241759571959792535
164405802274137392264980096982
194824510413528764143188863624
764302069285823042326962772108
277605658128139513599870052315
868433241456953690182194196921
417549592091700798721009828352
777636100144559244241565672048
885496245872823979143076072585
919253007067898703858810561015
897185504471368661215689921525
887333035580469234671680106047
988873717096604941931553223081
215406646379709984240000512501
907297036473386962845761054838
966953863570430000842343490467
713518222316523521586929914398
497932039410719669831930246744
487432590927736593260228490923
533188405926300793410545534774
583208170762872220913461641461
561696676790605435701197228622
327374024462770783787041800156
476989116868230114309458681688
267409508691094906944847921969
659632212951837741448083238287
557833054744469608319642908003
616998141342607964524231841764
160040124307920996887693982301
669472634060745318562630032348
795669423212606101797091578879
192065041065240445668779385756
546408937006343388248660058290
794470188595899615238120728742
56882477616614544942467385178
669340529662772244749793415952
882678250304599936398773291607
646065722105589005466043615823
727863371010467917847346766044
590366310469106614551649652718
755851187257303240529450499972
485461571251137235045611094466
874976760967191020572973799586
45761516938395571282729713886
87356500348999385808469256990
819145601282866492781714232999
111535427213511783916483618194
819235646369606363593788397902
744639865231423046637388867848
914243052907337319036262045279
141361942710463246949918735297
610228878403214908375540512017
540102535922761182014559085425
828266831847441373155654859473
682307303269917698668094220663
874389116694622469280771629738
930695242881953263641853410936
287008688000064130935697775705
659071819480317336400753664852
5438863784283395990649588800
307610935205912461000431254356
81234654677980100915101144707
910928563220642889530301322562
713678489014350155984557782450
282843586491467952308724665709
69843398602072850656943113806
709605473463344526041390146841
5752381319324229804470713045
42520597993193375566413715509
70159693686180532991693376110
860121916673740093827631340364
104011880340055490720826345856
258503480727756070631290487241
149767429155612607363679902329
759403006110045637057161038854
292214351531137125239409251250
910981406438322398090468675811
696578600768537131728695427807
676248123353649697648743653641
931163301908707366276131220173
455007117068144530238964712858
617076001831790249249029423609
234686796211952750692840489749
578934572776335178763305136683
410288028882477978896927339036
759543522944648972488171478195
930685868726713966765535461523
28790444092923909992723771764
778776381564654449931324187558
458800050962757347181511783215
551081719023324374097096512019
335586485916161957339385704433
613985209540889630691741239705
187755850861909923486879188424
189607478140769848078518923335
166027597214549944119761997041
546386416466037893273527395303
925929377427724742347096411686
114425513330923710939527501511
397000045247383412278016696855
648446263765843158079196800417
961673642925085166277070115056
491094717876492563702752047247
698543008301410979475849975941
542468638534615597936446347236
317789686056130446886007549391
692320153376155961378866873742
985871172511487396572876195113
841661354924280961238425651720
609214317335440029831026822032
717423634935978223132749580710
686330580230006393530412186153
218125105203131474673787422096
313297485174970869579589732960
46544907243981527998437453565
51622786798282319333854546624
182520726308527073504391654075
892591851579377731163956726997
119431601424347097783859752020
115162864733378614339971019915
144825836589318203702160145412
400675040117469962530152411368
33159293491682987159640623579
901242617306498990939644068758
581311515438377680949123913055
784097115113705175350927405345
460549039307748639597623280201
567909013467679306875093311280
516087784778418176419297437036
706039110185876144667052055007
206479459964921723237984648460
988497565410510662459042006746
256111898437108655038679925012
211197801410958537601074037515
535264728880341889781564015221
279782995170236558157162298492
162601223789270966009824262035
419091050587593623841121635710
337454259890510277904951272145
332948930110645004710391025319
921422504526246931458920318717
335083203644055573544755483917
12130241670047778319944886643
501987093162135903576477356919
572887157505177405956328134133
849914609884885026447279850817
578441999503997896864681107329
423248481935049512153686615457
996813514200985674853599540558
121747462079313338879459891038
51424146738403912962887442133
30728179232350873937086924415
361044263299860228189100338706
65002132943162940119681995883
947733617367659841824297222041
87042664030715780924134860908
232657070814360413580555486978
107375956824034642370155500992
412192437052201238609384636485
947060847672226572440617938199
723057925159758898163132962364
101461346130497797573770553492
896142085523941396175621597233
513716982479222925610682325262
936661061234008289560604017944
124929592762243220133991164304
861211458966995215018589713447
971908680004278906413781175530
570652630486898369566100386637
625667028708860420277853138928
184328226177564048965527621225
284836226384023545237128940380
929923800850932474494617773487
486557601334983942982184161234
897951366235845103031734111779
223877871422521690767385713665
640248544390813512752839625978
888963427079047614416131063823
466962265926956249860295991048
668114570139078769227322236055
278486045067475862972033729531
287423024256859014007278541668
381180614916473422340787182708
119420311407999398130983611400
85401227039750383593326813158
415339931076229520847018845021
323655057714582910997780959268
93315355870978949253381876582
903596326565329388417461584931
309066550775818650788244305811
242615602650871355699433625396
780295337197440787236267753018
906334446297436936226809591878
440608374239747945872948216983
281584136710163758325811734766
741440708015998632925780995394
711937950232035970551203755457
653550305259496687681844166138
115279775616743133998548262334
900503241590616142354103088527
310743320986570002024233524850
362572045747217469529188908350
295559764859035605100953020770
919932236275998110591999032104
580884251306394014470773058235
294277368402319506754854459092
693881166146779411416843462609
553494168420679191218455919647
651679487514574414166116361877
344571820157041828624075127832
51721664137974706330416276697
737908650402135511698119292810
34401132244761171497649121989
719021430122659979300091449508
445118490987352098614526505135
407942367842239333573871915321
284612050335777306656402953480
492624084445534685644355127514
544200311505312633181401396055
108604002610484617746786658550
807353590402316282878972172020
624995963446212102978766895970
477186207814531906147548349023
226752367747174060048688384992
473315968596348522704218686731
914834184288145247995139163311
429143323407691123876090596251
118056271234241110014572638126
720133934868524741076921883165
693508302713153259215181901882
119555221220002472487247473165
463700578626404583885816853199
206400010517355034018875539550
7615489327427212401808065308
969096801134883120961446884168
20382682217835960004805636886
942676085479184501350914073689
640411806037402631492197937940
101324319267055359434741456788
652995947566944080105415127780
139678702129259368306541836973
538376882196069163857541425123
330507457919555959555142419138
165448485596588655107262081238
705423772736575403641327361728
209002435631599078344169005988
223183376400447162937236539181
516911924269764332894287901333
758177698468436032190534088302
941390097340774286686228466819
193644506268645182810389644811
847128088525340309221322282013
540383996142191361984441821535
352502847883083418197494604817
198726432630469866638933836896
42125045499631605754904870899
479719375735172582693712633109
415081018486360401788149084893
453282241356392888652549556457
166848247779738646086272599133
385758734282479852231695659117
875464587499654958936005777930
10166519466686349210013417992
479817584662457597034347303601
67985499245794904806900074211
441951998496678342044148583835
605503246825963826307743852547
605455891399641723722639619237
958336746931110389401953122596
595171349220492084940345769410
369652258057184302981604012677
541185063031207607383552316065
416819418793080706511955670894
706529814321761211540388719472
451478937928283005456072577837
974313453471865182358276644385
777048813185334749238532912947
342191753683676484148095019478
201725800396344224901316176332
685281160702625605685031877794
822060938946610450700224762682
970056127481541599649359515111
538896786128637903771884516475
855990707182243400177917792858
455290767775309837880031325911
270242426526577773596429991854
999281997245548881987276378230
768748819721864930709945152282
695308729052557116862587945598
455781055924643301677809185995
290482360849444321957199402955
106494714217450752427099162055
997763647778049521799092820707
428549832551501010139931341388
694991079992988035642678148753
407352499192917039333876922844
424816809351994560317728495855
858381135816645951881459423892
676940616112026407507441842173
790951203522856983563298037239
54429903587601626201555453508
319837974887111108612036340420
250499216469172250295498968788
143231729868763405693187427009
35480723238410326347088599670
328678757778047499586301672392
531457643215440585727407424236
682066639569133868278462975481
493922040003002837888707626245
682030040972592465009962981054
669151982750307763202550785705
212003417754149785470158799456
561688843692519663985030652256
60818933226652412244971974709
11057213319687758968977530451
123296716431595599475701673333
125985730138252104952213309671
603086171950310681808899036314
241525664557703035257299565424
689820231882823746764016353354
85607449522217003756871723567
156288492952992867041557681126
634194958408369078432917102277
148142670294599903430407050924
938263106197197141005818209739
347981632811371993343621453692
588549523898439516815841567746
594452670472491924207004054585
156719160215344812722817148119
141675671497084240633566508926
45055042225405610955277429366
268446487696803108159007743278
562684848354754124350056123777
888023527818709905967553109911
587533439920870911988277763654
847651913625693645547749709802
90368270790641125049386270093
55639654223890741058171748295
162708747835475129824138762815
533661125265025437632005925975
606393112344977070328317664539
255148959933893231895055266034
349121182738468335932712016351
89798205826833148386418138202
710034678328309445544254528621
982930067297359870780249006424
785284603691729169944860301167
908608666078961318627952081702
5240889857861699696834087299
352801438362222646009527520538
703750572109178434926935138856
285057657998157500247812749240
960619880104760055757391120939
793089272202792933312005604292
706717109822682609429786307298
907647539072254585968553354159
116581493381682037232088625905
980234530718053821127210031750
618519253329257574913082296384
92942702970828197158172167520
102692087464677727620762245165
92634724783941041813543113236
57921641769874869192673274495
69719104530733132336583646618
424603163577507863314593397554
384267770040445108753216450148
548735425252602568316217149579
771493239648051979108946142819
753653204122422607342462780160
101927936970824230498155813106
577910795084397097215884037095
256032598547933570638768001208
912146399307761141890019107274
213245681615744797741282153093
878699023254769481466003829434
339321020105308021267313434155
966977711531509500392505851439
896231193754325851054100420878
416353762490806559793907392841
78767141851702926563497189073
820005870795024751126879874146
747708439417151768130460768176
141868043035254161623826637277
29611122863783444646745064589
421854248277987791193435549956
838221133857591517822129630436
985394627997938136067301647404
599973016359858563104607346677
914914283627228260806634831820
466984075935728682013516252185
662305160988321904496104582434
416774078385944839118128070649
898700547548476826844430962593
861746887430066366046830481125
920176661959941111982156536013
252040850492076656275412803114
344991757756387494879995056081
236046002534996566707473562112
426247384777793888301093205570
548256342563564195857421519007
823359519744314763997840122173
496880450645850804221468741738
502134116674172426883183729683
722915750130194254570659870907
33526049507196820532539378817
226130901473859779383734853940
930165367032701262347183384328
385798737875502847807802716333
665079539501146781176106463022
405048350552524426147370328282
779447836108213143142919239171
594971650151671911703919268655
849925949928745727490322549590
725243538228599503898214510911
81738728728626010774762565255
666860111025980452616638119711
6609348017926782986976071926
462670112889558945091024675550
928971170551484907183907179320
600361272212079885165165605811
103717072974620780583586685072
254645324069761021104569992067
382835814175092038054109686883
696123314375023041447684167424
199174582654921965571241578665
226151117752956991688816672233
597107781636112912004984041193
453490217310628341107084757275
711627946467986938430730593227
280719316856675098529323644510
414025073479494821598624573290
739405267510552213595042328559
760678149511402669920813478411
646686523104740144232240799283
769643839728353828896133899655
446310738711552220192727205774
266628633316338844076137089470
427206278215805644341704578492
114947988157922675702366220896
142196097977668695875475429350
457581814590594003425069282272
592646242019217481875035301137
333052741489189236656709638506
81964175996690016263837499740
714402424635098719769286885074
864807125117968714391120637237
674233639096530217550794193428
442250546109105875287922973905
178485897374318201013625996880
204321640238852000178161570724
2982680779784582709352622585
750966702692036587576848520190
344656422835371434953967012566
626640007357693545203755544643
612803766131401027246816716467
830179412911791048091962316538
527911597691834869665998019628
421314612840076697858714333508
39507907237133481394137915041
544201621547563034174216108674
911945228911833289039904429797
843463028696972590955659384026
103512147591125665044527176514
351357758542617936202235421107
552998536405335939029630087572
958104710083091216985044258509
879920696365102164112426340278
659881858046579196017770842857
836755627909332545127293155105
355894460378217299825964434687
113122405298064356361100672619
25526469282770088090364967378
77264059774677420885102350614
861493663540158236647916336795
23816554343428032059772609221
239247693254629834303216183047
412199727692192660360484520133
415355174205720735572716325627
475784354357866154189622484894
726276152498147883470512336587
753473733183233656191754932686
87575642255609528959988588613
575224300961028859503575860347
742026432623817318522346957863
146713841697010537960854695300
417390758447963135787269358767
115690286663527247333109359474
782485623549856241499956547801
9545115581687010035627381521
635744838718213691971647748690
497637418533288541049116918295
750433305953223913581133781075
376211782942437481016790606235
130471113586741532823778093687
712574110180612891459079003598
984927820479381330359926557261
18867747368402528581216838291
548996056554296560373405379869
861463675253307346164041742197
984276308189718165148489686298
909162836703566212971538854300
995008383464493191309517387782
291346853539484113558207877243
662759506206958864850052811096
603982137395854827551062700455
101244604981176866960327456870
147049781608077191429918883
13332885733001803016056302977
269781390171421604155330971640
928697333595522780843597849412
435348284281761992492078571882
327050838089009967413620402541
790089181667477693775743614
630186007501625508922325021693
989590857678501752924139155798
844946808370848303397200638496
43958740239061451911310295145
136293748832425999012092661029
156337608711398723224429612491
986476754098973880010468691828
2451068306961704354824433607
214192639089693332533321172494
4882763695573681822551049024
454672911530754416808460444605
191286916784884024220357186152
440024871182638011576761785826
200903224506758370975753694192
657515686402628094178176802992
610431899402526954761809725758
247245574996718373807574533470
17251965684520424938305134507
925998377130700339497945768827
452848755355631476158772950885
17716788693916469806994593768
392265564498797258553475435100
468468868447641506403616526960
988260157953256491317423211352
317550937952655909890098240338
2713852714762096732701031179
827475364434295312317636567666
868485686571719157458606941141
907154244284576966719819780335
150389110770127441671007092987
679399203494678834086040308769
94569893416868624759825241051
299014316626644998236839252260
997454624760951077705678604514
646130687113147120629889739406
928522142988392936423483674693
771725157807419331697392958839
594934103321761100033000059250
792317569207660116043181579098
543420926313833910990840937908
973472748512460392540962515290
672632138599546494099289419137
730054981964054458220563978794
995885833065682956434096742762
981099007031697532149651369275
310524979017179328009481826901
755099881908734166458346513603
502439277933362471221839865623
34361955914869442696163950891
424328798924832344411944606093
813007922758368211325644247693
628031801014586289874647545453
268755432927202110600770585185
66144124273462328626172158994
914635422662931099131731559259
178669846734584109253930521495
397649828430431486271766706723
479305745808476276486416691576
953796661895418591640585418738
912916997423065033185712846072
899358190133871495618836502865
560655966048930320024670207762
923290289457573765525740952032
933711208541235614312641232789
162767944111172139032730660989
823376229247212679680950443198
366835295637449650785017745049
638009026886018118526892175103
740270715833597128468057579731
971609053265343696447720089661
901731148844379311940735059287
926066546947457963217798925847
192941376252206529627809664889
772974038553707520233667205487
83903326298269390364293445253
498359983960773566345907494945
362342098485162875302949684902
668151239262546584764901859452
568326383912823181219605477024
163135471459809653567061547931
593312451663478653993160129937
689961859021532557346839898921
931159042232039615036281465045
507059284106949961421414157373
344000170884010541574220128697
64938661216969706277559928609
529472781838568297216627907227
379017505701590096910875184534
89127164114547991962395422543
275263014788545738784629766579
941457272842499275646235112511
54122572614099289238120898421
849704046352315916706644898892
694466756395511843060853456106
762509695603789734973354848026
417319083451667365238352200324
919577805738966515655193189144
225236297992065192344785994681
384082867825272291391733198235
673594854029446748342967041689
248161255765089023562891942595
956790099481140225791083855940
526473851647640393216062613386
12399912735153465244892156622
173355910642498779041042544511
292549876647830698778671934590
464916511846054764717077087658
258857982514307951379529550554
610640516306357049213732311256
453421941023128653952179049918
612630387184289997794510106100
813424311611143047348759485162
998534737257471623327600071249
257404221556092539260794139879
604413128981344267659786439912
193079937398901323481992535848
812146801119907813325379197585
894886142600940751641374346339
126824390278305704557510491042
586926842246160722744548473398
759946797896021697571541270183
819161144706381959935760784143
464701693111944500620663124878
473379888378588261255932746934
273657638139724332950338511361
674352500654630828431218492258
61380414320541762661898993788
517874782412533168628748261335
572467768212248697861641438750
892124706948612743254008496553
970411586659845503007290227440
262339550161335840983555647633
106545922851532243791007578821
6443065480630486389631264787
190986614286992139811921963728
43461105509338095010806331480
280469581049272213832459792990
564156569451657968359784031569
943437932007812928019284088691
395032183318117371977120350250
334717476572768267442934891174
684479457214674804741012611135
874413060164204647753506922074
58619700822341513985817731987
638197639840392597876727950413
899109611345632181324287810710
618983160971594128975665175564
879332368842175120471595575611
300400766799592369699021558751
317284374297434198802072617357
609197094041853159853357632652
235033122899770525649186239832
778406829757377934648729117300
904776151497742558305718294093
252863128255573523034248133039
868212586474994174657473968943
198676583689602104075500492282
378038663905788708620868585315
712831746910329625365159339232
587087980199870580415806739168
640690480001653705644450854097
153335294967575352369381018724
616385059157523704583791102860
294283833721152291917325197163
350638276329813961999354566126
103265242451975416320246967269
882701156194942709883630209453
443694183602706944554285967568
364722389565649968899354077153
271215163112890454675002194724
298068832593382874576927561812
729278470677101387352667734336
96403523640162244744404148596
687279891879966544685121030457
213926716231835910927591768768
453595765229904792366881010230
303560096342143215928240733702
833225728041499051032933402033
183732132374982272562989830436
720465701175175075818433933368
835552854121822758213139141132
22409967855481588960994957831
517201954281120261890066798986
329377507459544576896684231462
530263608054964296490382753148
771711975371582797930167652312
922078270247354105599647529591
108761531744757310438602134948
851253895817593040450526957349
467154419491674330821352117744
891803016326994657912120460490
622346379952301063071995813471
44750960947119511983416001084
292363639133881396836472481257
499802456579479067907856977319
890117251611654162717450459776
597498127662715482273061512971
407847768231974930193088908120
964956284342193427287872392291
665547814070460137041835303782
443949404450340781557510325239
50434291671942924556945903995
900483029503144443523041381944
983661128066919730886786781684
332486090875405729956747510570
941754285357079610750713621429
813666968844333778453547085605
627735809108635405380547516880
831420175799862041195934525664
49043137821613488418407361724
763496508168560555135245588974
721877529690900405544471941458
487058132189220468477281664894
558311982995895035274659465624
956512173161727885436555588673
621933170882886668103066948519
820569698039667787413183832985
234965222888859348812818936929
711097530077941650275930276902
776259397578372312538476404982
697835182577422912968788305787
83927629141412510962755227277
668562754536782477867473902693
149006807437638638457812176307
513052954315488337050190201655
530389342341252632697990678550
703084341351791368221887212630
234963290973135250971352098054
502386089298053458058906652421
125957903063685212382285356468
12553659408084625453501415483
169403053700297187554572499205
579414347384706296091442478753
896792675733774295500339341030
946726779906745203513007947684
467012237644120563787627636477
457421605860545841445753002625
549567018440795066247068008071
952756078176372723960583707481
246158739393903268158089595656
650811996271941620947594277270
705492401946806800813407170255
452996933318887238080867523553
804024701176917968932435882673
873819976089089875923339388164
812491955186848472496141612997
929297853360711472218721919795
830906338437985115738620018642
859066531958228959200671237053
209703825270210533571232720554
710113062031023381625301165363
163275685897391392032256725180
78124873412123681087165650133
601116504019091294276379492426
233615314632134309134495124910
127698425038959663200579819581
633973201467855508511093482552
817715091394871523501172669716
207117301325054943782753001033
148922644652009396843036131968
887705912513016136879951652346
607395157629328659585745086281
467351936951073769396433444606
438947550916721659525482058263
522451668635915959677292776013
789160206922592770676573849893
169013830601933138014248346399
977607961697195938564312835986
392164814601350697152936369122
902834692621048638828699545015
445999941456121934838593175568
86516426443645151550732985312
907697624155939783765231276197
588259565951589498620017094497
424132175361494654559852714105
922208983855569772084574436467
277210641879349810549089088984
12617966724696514507381314172
854204863474006273975938050113
600077403266425668538769063610
807525366825692036090233903956
264800698278504166123117553781
852635794905333368113336496586
831111280835978439837162421959
543768392799765173585432659039
104486381608055734409135848779
655515129186386223621431853665
803386028571778779037054670789
386693786213930753962943903344
510832644534883787119845934791
767521237287550097026929988479
152248788490290154325175628391
432784695963531704871274929288
565960392093994733710995371836
684035370529370086744497855902
829709590367678648185579304180
851187426560698693535563072765
57653467592069082658932724063
398033072025683562574575288571
233331238953835203358295135717
818802432097171504975126156114
511539428698616388735353458433
92708890780224434532225325453
141481599998499792822869399662
483478012747471341684221577191
791518101667683531227673294203
383492548190214850368215260260
418536043970067877750155611086
89904570363861529610031054046
935898587108278738948581162788
919100178828765882373888658154
660283474859868585808563810715
612573611897156139060199132707
915819025513334578735050810555
131922465393232906800753816135
121815630066345759441448245280
467507219825696659821426272138
937727191465942709591656779011
316785029044213655619582463858
118653664600726614854230222497
674901811016886431312802303765
805767914677461768334994942495
679474991852927537735652479889
628154279961596705381461758309
196967412844817510923441569920
822813910210018688501884912605
229875075854243750599561950128
748901932111413711712800470147
846974321260232421685480638929
773763668710955149315687452509
45567326204161625935998488228
659384371591792703441393575928
281437988778585266502726680054
282484818626686105735088610883
981596666607163528235832145349
999719929916347894644958371040
316449615809504726984307705004
629749434193183065642939328145
533157230265430646720937480017
813676590428265932059350844054
789646375852396639845363595071
473570179215766475210921248568
10886998826320023424456560581
533284248950688408603837102033
133696852139349856682006977261
464283504495070373126271966141
636702429854853783388665947519
926976183036245533249251419783
495676382986246028702733751778
333522917050897819619366474623
373208068562894992013370874936
180862581127125357237781792025
536389615376025375927524776107
309220290640707517558780063391
203849165171123743559721986911
243744423371514038567940163271
358254103603804770226973273375
559053351229473282806931879755
485695013099597642418800543576
808250747325261075279697172469
881218397006274332026236289483
123676855478880877382522770698
691762434557939737200063991226
235557836041807311025299153761
454338956936725757472902671674
84886719073916861118610558209
949152965148737613221467430815
248605078699979641781315718734
609669855459614753530489454408
970251528428671360011319511155
589070003869156644113257896242
854511861548708954312670110554
193473113112176305279354412403
534317798742570098386795521718
673359119827337326199581625185
566488377477514261657753351369
506026446712361730006937750676
916684960335020248091484156517
599678348695769790559283650583
82663384278466255713215840246
938961548587039419103726144960
366501641323150540526718424466
931078711054341900483181273792
204511806438418306213553184429
236152259848007667012636017179
562982087753387083009758338260
866148760821876731935343504542
865638256127430619402575179804
909466106532403521824184149577
434943409144881961760474669191
827464995474617311921767221987
223257206502368546402252982498
602801275723008610233482150752
203565733858975607673118725348
595115514706628489045418396292
235009770750186304320814735175
656697720471664783014314823723
528866413377307137046616637515
928730568177929733759886708316
377527338320518904433305902710
876319443160487166657053977370
233734590477761228808667261238
306757776773761116646704910362
518395259566385118958939057746
513193619021366818618127251087
375763859203137157084425586639
226412418278034630601870345668
336663845297398166233533384212
344184421920273430803554455680
723150499449346593258111152210
702096791416056656928128679467
275911138188433324159745614251
190044346984906128321328123629
792655269012245410870871845364
246694485615456549010679944679
368303295201001319068036524226
968356144688324501710212693930
862493094729733734090845673377
807870497698585288144441764438
383699295771212988650589166057
49696398866320700736686931208
908313639808273011431853128575
543819856731593217743213578509
349889633342169249267822123324
770887650516479143767528841559
982072275587912424804309041254
108941969204707397571824160209
880543444154699134598623565858
323704251855588582284049385731
781953938456216953281252890049
638675439653815926688083320738
375251410027334520386224024010
339665578994288298754325811039
722502564762314145995147191411
996605613043111049941375183450
713109953720062430285612048520
721435889166631928559535063954
768447799029605128821503307028
625036050273686942211150869625
10748880539334378634828529442
116633429322369422776330639715
372116222473293559099973212099
170697885849127723754678853916
148264075300540219537223504250
57609132316639907560212550706
817830608138726077708154363621
752102791160713217493153613220
517832038086074504240642219194
634015447421620663833661260512
151439391473811703663208528675
922231907891359383040471364721
493549377466234531739037248339
831567234509138943408872437786
664220213406392466602299293576
766294650481745832702676614476
56505146810877252299132046107
502533911316299203371949837548
323085420803521226060856362019
479120289693511814851081511075
660205715603883583738443520294
10345938452156210143188393191
532892794002222496875997602577
918931086306765663752366263546
877020843109796609507541259937
697997792518249691895747333573
877237165616565738089291041231
326981715368156232338539842792
747069424707577439757656271927
13789237094843346748115295804
217951607312009081784751508287
829354676890612489427747347582
976538649632062010708406436408
430790740649324013307658811814
468947485760129625627623813910
215680704864077202891973881038
513219474676660204488513052957
813109135249406048876044063323
530222396081873593800494243828
586497676055751734869256447174
750090607977786727165325211071
741709194920089945034621734624
75349970220562628338696792909
544876085372416027379944184517
835966755090220245832531302921
525467215045730528476878453892
876504146517031671181113548960
233084281411917454473365036936
228536000854463250554543080935
906633269440466062112990828175
539161250620576585223147109504
385334746818657109805708683680
389794852547134330131194695332
741696262204122775473290793937
163075997878996910574091256374
272931645372599411767776583714
210506074968891209910302417410
771748475179270181096507175411
507196310441538012022254223893
608002595250131175043374948999
613188198160115267753909724770
745325140605060074150361455010
977096802989188494776576274868
415579681538831677396917514096
22300062211617301746239142293
559378689345969112634008388357
897738936876243902046692173974
54231912349129826696264965670
663253287968587827518207646197
856133828790399846457008246767
724120270624935195895568904629
541645805448873224556112343141
397205546011083758776216647327
103102738082552956191629876043
997268985971801893937807406666
753342194661080747331745742661
291186495554579401689798764786
854442765799272503245287749781
254495265361135064331389095688
956926384162421353109466739904
876900244392493196227824343081
588462691600150857503003590582
982013928923463144178127490517
714639651621579958507336445951
357180787731039287302953387323
4290511913312169516492093821
92048360358018808835902268328
757742861375679377335085868729
367735778513160099223291716785
655967935993066597815220632170
342202070629153596943863331710
914513241284588929290372694289
874006421228157956504566648474
952058189215612245093907330599
400892196141614397192950295218
768059118497036693485803508507
792771111959128789172974453709
354012635774812354364116984034
826465996139473313244966796045
684770051832951191453231653950
228146903270501763975118621244
466511755994414146199334040233
894565893842534208527362892688
738613508581183102341021743744
489674435026102033644429392831
619038382268161497589069402901
638548466417730002133770119226
481157540563051909018235273264
663230252391288524938699353587
73644245940341668028565408170
38927748258186808239494511038
820652241967465496215556374086
733806077596441396177244395112
81244996962408370266176408579
801740743052757798850482302249
4563428157768455004542454266
30280168227656208032197593670
364644520491871426159399831631
117840745004322962037050126351
797824418001128953384717408007
830513519656992226205291934809
206133264479578507340357834773
463325741581808733049852970123
889112984791085754976377515034
468737869041543493405743828199
471801963969837811095974704735
851431697958829755041369924401
363252980159271893836863594173
36340845331352355940547188235
657818620099476241629709573982
501477999749199955839203863248
370418418979382105239121480862
860545258170913322457910715777
248333301502635716073103044097
336726251460868661571530485425
915077180006584165814007079039
666845847991127636331066948782
354891651216280574502155580504
574583481148458593401962995890
427583484650143137015941351501
76021955022565918751359139826
304085415066143284211027039096
344933529051313453732652772842
696507832571845429346457412482
473100696437177261081009661421
487942854826512631301040620646
799479703997744524393035769490
880268178370321806601000894268
860038162865323465909269947497
187803812199949552486679808792
331684590416241527045544698460
477886292626829236487045480988
202717507540422515824975838126
637488013206863136066143862659
955141638513268068714386445915
64935806163746612001974479696
27154998414887098884173010621
199501853682015259280776565998
30518678398361962800319286844
973420767465750704251871720138
648662770065860577237997164088
15031634719022355244581415760
118667961682506582677949780211
524448935038157573239985222316
752994347045942814580116216071
823145432940091145040945237328
825870061463336079289995748829
121797842758363523205007198548
776906590344025574770012726479
761496007864169595277492962711
651685815660235687623811128619
619648820111539124067300388858
690320088354431356737282206498
708526153618350889543114252193
833391084622215614348467925924
710385437132499564218985110445
38917887724436828163374298925
816264402815545957889820041899
795032331523864513333814842680
177440315726018483644386490886
47844688105852993196592320719
849890557993750734565735201704
82370331771561814252714568523
740771838118004355692050572626
900007756343137769841561361258
802909291210995273931417425440
403733226960104310982084107408
937441695284082241545501020414
69009288870393767367541372270
299446327812641308798648274388
470280652040484023738362109845
921529458753848926222582019017
608845320180790604757432133418
908547107225472075146525168874
657741182911796370716458856748
493036902164081015512457449694
430110479989648521057098444086
372700560055248737383553989704
463813452348404039055128557759
464282195102150306764950401554
128202530812776775537074030309
153513011829046386933961252286
422332794126057710097890175913
440032648888555231823415445053
565979768294626760573977181797
294950456352429585284964305119
564164088166558491446438265471
206994843999411008248188982100
687510297361376286231246227863
99589732745054539099267045462
448625802984742933331969777938
90957696934745391506871261542
307048140541463447944039903346
464734428465927557709680473243
177503680150493245653524417755
275126767701263198440887626647
932577256913095046716847301146
308614135732427789931853737002
801663190063005411787207905509
41145037386233644510312122404
706125538977429926727330283486
150653870480912100070966457752
818981861500227701255194873498
655523495811719290177335386168
349159528793587529149744336175
304298557101728463980256019080
547358476448484626644852425291
770348488531266781545606845044
831653071629382456061275825484
609008956856209597220618623513
132413550331171594325747636904
552479783742985127384936943185
227645712267915188186941052691
492804310450088673106397552149
426308241587648026604190448688
98289441277814641236430983039
640221140059986304586183776243
564133684318446080234760795508
738021409890002199640792152817
463951409803862210643172312833
349980207487802907341032652860
55888949430736529487153210880
961081844574478205181827309209
458888683030230586905898867751
198765992819070663828175078045
226899408267334792890160133896
495748779915492358427948163239
76088610585572662931792684974
257590287440208741528910101598
320944080273083291880755189320
168179918972078810868373878817
278036245201116136188079910396
299353000760961452969664062172
625375622128515753253412835637
874344474491870956918457819146
930438814703838769081173485049
772198327897807814060563249729
332290685508000123375307984681
395951793197523155524653736186
235392002039375836324492121360
641438052491602084601881539544
200330499132560471410519174141
405592725738553486335912726534
812159638037141694682280737932
194956598522239259366450492217
749536103193856049484619442232
742609911681592766793925098564
464777928627964844084980014516
488994447971186585375215636122
864386612659507491347327992814
744892500502108697952129666349
158024794306604749399502992992
799659136962868395076440388839
592152671968385659096531055576
445877703296655744812598636593
205972723750263487757795256432
890496916634798221316665206713
452750110170016575511273090447
999833995802243910235624275108
635333153683809338070494827097
776489750650707966074007921686
7739429760192419599671470960
949898260926639929224062018450
891817175341592596477873658891
982180022275850333035878077710
401342113937969444953950370156
717402005106122912924918369867
330084933512118715613289666646
187321149018227832569073648544
826802012427219401732326818729
88755871972590141140574655992
217383110539414448192023004924
458278674057783957900183142092
935632990783083332453907230075
510294856688302565701152765423
37908652287365721976734797169
891618791704889691650379061075
501708265393610414622027715052
259682719130368140081783632411
650217859738501604283744079512
454851130183429021106727218492
692595885528031278448991533151
496855349586231558579464187798
884164335444132807818250217769
856154302826679984838261961848
892180261532942657299671974369
340304211066799598948013527020
889914601938710412710518894892
19930094597092872581936368447
722023351998903402779868890403
269031564819557521825370473386
451233676782211229353162191093
353595398152205367769889681381
225556250429999057924553888956
548859651565785188933974739610
182389403049748505732310206159
906675630088659718151584704263
129629107889730094977941638905
786263014265690126450682324014
658338600314064565819928606431
86576147230772046823188292950
452113067836784087021428387798
762716024444769762801386999259
429548798888319386178467984454
974781072749153196861924603434
749378616865893275545598662106
99836805189592810671445742391
12525044436888933828672302118
456132426045934113712572299661
438318712197740046408569911895
195953724410041857358814798473
618817479791110893349503513871
87542304923148108875933524702
496055738406849113905024717187
383231920259673294098415018684
38475252992847015668338318815
380527054541571894222755421687
582006585566169939364310868508
954761073881399516311038513349
931512958997971721773765767324
257396539130947142184156806824
711528109119279286404234001043
925899368798964646402735098956
636898201643810569140164809358
464927852936303045234410430730
96294881576894295754573689911
188472678424443269488918454269
76462814633645719800866545505
40588225494536429576454265912
18504390699095214303834191856
522168394074976261972812498701
74955147223349446736503078218
545352025552872447203606948225
303235720897726908389672227645
139487463240871006268963086991
125848116056647583939194711545
422603843151274545279727027014
633760259079154911355843380937
910530720258552862825725462275
774448818172561381216708868288
645433943999823714992715356587
489868788974557892380714064377
74210460686324974898321746362
347071384792338364009055655516
106922913928240048198793668692
537987332489316461725989048035
802646651271226528823284652080
647656396057259708219808214077
511361549409869771976317619628
257853618501391178341070103872
828571058860558584384769237711
471907074355574026357831201365
100370716936226270485935529394
887609015091173564112200590157
137283343637196152579661595102
1001991180177408367914130273
562124814678365113917933017386
50813753629654417090838936451
982646341817299129091942027320
402900697827584409275692351213
333655497699198417901691989093
478920908477158914995713656734
354131574475217271404563523044
666109923894668140857415799693
193449057221969255469136250425
8328293056099235696713033018
16375495459647029547324503716
602421124304598408717899874712
809312483653368442720555324299
256905817415989444187945743059
419584328698770658058582762611
852089596799933096493220252857
506694158191433420082174742418
979098481866837516527779794618
520020113359616066891018500070
433931003781918457835098907109
531554979281442642640649083530
705894237653803485968097360154
521568786377510473447167148355
917999413873884615364440313927
846491302196310806680135599389
908437010996249281144561309204
370153785746412146225900781323
842678341241864763218966247807
713501764806135427129516378355
161999877069891837923711002844
325108704681893641072371854513
141474360097713824226577398593
563009395145330114850837774282
428943464235099158769590026608
147228057798664190241034521913
222947017393281059072788968073
978391161357655171617827317711
912985704363516785153795168737
63848260183351905664963979859
733009909695826468245408197573
522448101863481283738502256323
745689184587773353647454700467
412859236343325962075798483652
368213695248032408956115203845
232475524643675975156154477625
156096337555488531673381521370
165565547678042695402517873572
30012474416646402845217555019
462375831644327931898841194688
331870200970936397887761470341
304815251993519801589871076170
285111202413866053600950741798
987883860440364242307062341861
240927175472414810883199782429
529347437705001040886085597933
311087965850729340811530154325
710861490757280150136912423958
771753660649315800535586636106
404505211635297482771809936696
526609871004639831733299404411
531697328679203846687763319766
662285056378887079769101567781
364335594877810465966119419354
994674053295258920009553230758
303388914681895701336355499231
542683299596827853208722278903
25568542377450024180397031669
533171650937411750061499116606
291900111428386355106758328327
846080235915126512844291660110
985727376354814092151396867725
596688859459539826242812381369
377019034437604626676080900018
921426806215126461981733064508
107661065602905270019165998522
870793503002488540905915286635
634285044724493199424982843436
969247705000168412081918200356
594917469474077929201042172168
10162218551484684979094139452
300789975664899924693133635294
426497238690718095205411367148
174605535446797370942695445086
43958803624647999441328405922
51164993378409128431789115417
119832256959872095372069415763
6047595982252247978023177770
995263907730256206263073919431
728738218382159300888162321208
702160566117369205120054911922
868396588599145039802259653676
588506495565000416108951927609
243299955030536963361803026871
185875666186311467940674929258
213013859906905245916344881755
705241064187074435500771302320
745162340887417208942164715380
951505465027492240540521447654
107080711728612086750970084926
33624952111063524433219228590
568225765321843456639284590627
355313641770626736364979363456
82636483135580836664119548433
841189464415672544324638719961
679606970820559078067067003708
46681135801145772385749693032
446578292215929294682173229067
649936149660141462399758208821
556851817566020201232518123127
995835616039184511366853572132
917317815952774882871184270882
95211258419122921501111889702
687708805662809227830348633034
346443721591186225635271069328
408305433078408771371574701278
756554023996393237543315612166
633145054103456791515017483912
134279917747934956317718036639
263157926922972870719397623730
601460416218153552457239847789
177228443274749389569047674804
301868155085543774617911498710
623954741270629448302319366392
831370755336283467743513916972
178989219417629585168168898359
829870739761066427747775758226
21952288819209383539243760235
641130437718191950990768252894
613906881516102831157291381273
940417706609886954685689298732
9493557933038271757589584057
827481419574418666512240621593
322455161662264634357418272367
838121397324318354153150275696
936631445278786436052513042222
773204547100875599750002823295
632040137244104449002205255717
136212288811686250593704426727
727241042020188828423141189378
559834648687466350815002770275
136609312528375958495597560985
264147479207840416195848643699
446209428412108487196302067912
793735289712228044806698643397
791587025669569068621287326859
73000564354479396551882080657
145898589465812543550536455040
986979628198683466650117453299
777028030032738778711338848936
46537847472729889715381686037
193464488653241986940115442942
845180551870360503656407008056
952377257199986085354353792141
512127431869405374989825853668
230462312487308489361436318614
799526459084103665096337205535
945969352358846354779961464245
577297571184073678061951801299
355574613126029754096954639863
307386938760711575610403866111
551637277068464075071354244485
446644755460796086911092275484
926817662985331086806907535598
674313574758748188421349587861
955821755724304770442935628449
386808507541367821076515631819
547785646117013519876904279267
979157055580690589995428858389
591859599068773806840382975242
726068737811994534688244161032
608132358549779673774493241260
956979346390471269533024082426
308294838803773026259002769577
12139359680876687576609875108
671979461615820543998603568009
240078955603042772085451070806
468870738261582416546991388605
464942948336701342688665426405
370513563152235986540171878670
557725431328977524136736149377
109962435509826488207060677162
780476858244826057880743622032
290730532150325170769266817834
88061237585832834353999264898
243206383393095349120682325110
808243428873498015039286076859
843459703229937128924329620154
906129221682416777650960400704
371416162592875893862243756738
999810841889447090486933373869
286778343567693898570343812344
56787967651246933681293590872
315469660952032916055031891319
952852532689693927394919135414
394247407571900355010182472469
581054815493279169161380125692
789133485917906604414037635582
560146579291318303306324622905
480238324480280734401679053139
30384853474722029794166137875
233764375889184627275736881913
350080074177598935891561513366
376306263135257829420582194821
719168094656184478512541234050
676088789574988668810762969171
292605880644257920511279588056
83590862368803364779257574213
595792572540645189990035703344
607154023281511086081299087466
536199959289070763332598302134
227547522332868101587107636845
205717133229237086401008775727
997485548905290015881328898419
755992109561580837211378848039
277789139700121017437041484991
208178616314565421570386229811
184541162331517405196468548819
519012163342880242897848168280
227718612125023604241481254616
449978835772414672775496641885
508811192376862163660566260311
469404847200488110164269272574
211246071775541533248593950016
927231953518567042312646612882
760488454880008230248659237609
793963342433387262359860902139
586990786824037042100036448161
639616526022097928938254544718
111976214381987071467221228210
661777746286887468292661824920
569241374465447439663226238045
807596299019554161939696350343
116867586562127225469578583667
141899690320140317022108522523
617215336325265089282218742229
716525542599131494709236715878
798569406563108015942794715727
259350195137295753959651705179
494219188169042622979188822518
437749763927037909947111736183
713800333053088151053338844212
590267908409360828445659139804
992680542009305234146111658875
633197083440225662152166006201
328444330082637303906883548397
829189198699928977103271198346
200287235277925109165362171203
89642762867066439396459085706
990664630019929179421027953806
108636692572330002242699912186
165170000567955752175420042292
153472004884333659275107320414
986263655643365823332991306537
349586414094732776456264994683
437328212508298527340052974795
773467058369734751304668824
257175257196513474766366718879
936058355678785437412685828822
50883525444464917727055478503
346828816044274291858191741235
276327480535963021950902701583
874041548980319490961398570524
263019739245424629598307845052
357817133865764309854007749289
873138943695910562405039386992
921898793207391800348458429543
52596933048531231249620407734
611319274536606876943880368067
907951982185943994417148456372
658876613836108931475671813738
667014489772867735251475334709
254566534727971708000519384988
113427039230201486601878752292
366956779393859484855760917192
962022375241173061034945177212
758582137047298644846334086722
312886785312678535444818209628
873929310732054593634027989793
156449116859988239897537390822
406890579884599684177543956202
422215990486087321048690289796
56556079015101019480722872107
580073946124692987568552572865
176401297865213964161692621349
660869431257174070968903092225
613439518395661449720986510920
959109476883135807404731653890
923428601977452886363265573961
825639965463640761498681539550
683794292331401164752572229262
941352080147647064393634724699
26925283015276088906076526239
672595400648591610457818009163
661228078325233904539918364507
773453165311554110621761977301
235180868108492472331451101058
332938497284952657876570917360
359963046013501726545577443460
670021024242458085070325895460
677519989881020020775463008398
868006419679748434939453061840
931502556733313812484867937290
43152792729954931553048631071
383265794432519560783798561842
379872729200264955501882498261
727961145683597871640570229647
96230982287110113705913956794
42192772248993646139551696122
994343456817768512689880637425
542282574288823005414048200076
433925116898962021498513628699
507570651649020735951385300455
147752110258163920575039358681
79468121051278852272937717355
165659965646268451267365923198
145106636482609923755850941956
684047286364244851128532048397
26364152778376352323595308903
549399399654831848424526832620
310017230129939948189920225223
301517166471581815976170406915
342751039995393320141642916976
195365595115558469532929907470
825388463667095948107102255855
927474917271996336458858346409
169353162348221868165132269522
961853529955180259211775553339
687697892051681396296823267990
60577351451680098463567645229
690250447736085235254136376771
717987573706468070324707836648
587434485342898590356019765191
249991833755127322684501016618
717256996313640289741366852434
179348005732333431207026939720
368767395906538698422730786484
612680939476974850769179742576
854728321164240248378749998427
121486071826126262424714732375
521427112303949799270179705983
143320436251791620415457661241
6341963766536826861823291120
843881864712124644239481656673
989199916112265285189859138811
136254959255736740704953386641
341928306034043011122260669591
207396940218592546402757161467
144096156277363445520313561145
73587707995916046606205742341
349563155167676097400658162122
920515811220265368390387688271
899204108783541641764663172774
322211065780623229159271182473
837002677773299560845776312990
98553298899811968795959888112
580466244921196942438365332434
904028995201472940450895962279
879079993743334734516812559608
174942617938351045909386681455
223964693752777304039203650271
120969623768008240445073307078
436743849276412673730964374143
412203581065448959681907302140
400746214993255692429783149093
524620871219213988228804847903
913814742542649368471223761780
568034188803627638904567936740
678563234097423756990369495084
191131183654771562629997693528
428232970611408059808210626243
201213169850483736798554198118
123376077251147191663178136726
347319175637892742933083898169
752988832871088869119413895419
251730875238722506373861792829
80802233275936404620861290115
866029475383540542644141602368
259996781138903509430156225265
520017764701083937629147711616
490437326109248334760897854020
967233677651706297177164989855
863125262019666201947723659117
365820264553151550608092532548
453733120667696091929109250637
536551849794244751024432785799
407324587993497367163238475636
69852447823907311802671266590
12338825088718291136973903764
123191485712132007491042832151
72211001121169709960141876274
442325549379775035991475567027
775347965930660375330655038811
273486285132892658024457157000
800311266624209971323438977946
614829779981313813652707863755
730384427868237985849664306437
614819191944276283924060095536
33004694635106784710252044874
780927121364548641195008325514
575357813947889132874021029843
851936366855459351875949145172
282251880399002189750891794045
369168838781520487952778556214
940019740021987639274388681079
914984589882236193684321673314
826727000503324814018430266825
191050758657442430688725635083
820013880954288868011553575300
359536829797238589544131961295
830518564392540214335053354374
12802999361846081616478564333
36757599254221340864387707928
29906600741610561656053782148
793742816749921755242944146594
659485185978136780736920007465
421859602249366956189547874077
553347394344064733848509045393
459731457756029905680504040648
43809309482090520823805905938
653019309562769813103616509779
500871838033843918861047695649
577638758508278137223819484671
505175479913580753624306643173
741031430651113724518013327088
25416354976526058765894425193
936800636765285348087969314858
316490461421356190473274693058
568626760555661940001094774737
716703239083439128174714518817
175492694519617368280807268109
909686919465715069620830216796
411186417392404584475646132469
287879577838816840800672394915
230466298924265447039084621303
878264201876616566052880910594
657169204116460099502631131239
28886554313826088364854309844
863546330182353334196114083502
740086552964684414026444169288
964011089304705976177677445154
473888957148628160934822864811
764732507809783962285566562032
758147484140983320626861435016
164329337666542348473358637579
852170081961609202969356330934
41883640337590598252363996068
171451103730988413274744359193
22824717246336626396303027662
217795996176247823341206858269
63229687981773710663762753699
823306254358427142085379010007
398003560673332324411109543617
12530391487453072720145067861
951332468124066407307789436946
960212090867107356143475849481
213292649493873778860310390536
735045813165302868692636580969
202780706046396802789923148317
977939230630188861662825637758
269939316423049571007301989591
179114105046272511011058183657
608872879744269193892300000724
962786209440041641052454448529
826360266165447199383906002156
143534523739977403563006033649
152349167996890688610574544738
429196380123754870005918242606
64971311370359364071043973749
254793676553938266509802105203
881731765209422640340822048384
672962697443069809900392202959
82596860407646447072409709038
646531466147505550611663220890
647640614976173908115596462923
570123442742367115911287572195
330541260447593565955864258460
91528221754404900907148387504
212621001334258476481173254504
18977268044029151157971219277
866939773825004174963657530372
764851493188409407778409642829
403947749571640177191013379395
291420129857122490130867465762
467920576305913003715561981197
637325291099322185681859154653
452958163572483617824279038748
425272704509938630298218637643
255487713499020480405920020293
441594944793491552442040235552
532405438785378675068663731718
859228087653879361943892264764
597399906621053404853893878649
787914953750887161916492762123
845045183230658017731004252161
224459978613027912249048917703
653905478108037200717913388352
80722708518778793888752439461
646759493667690017715891896010
237215543851585248489215376792
308631102805838415561452529389
257553708863722468917760215156
593779614864726608444975041597
106172052561504466243982706167
347076486082133747557834868466
293413083937601228036554467773
838858691657893827166425874673
629206510607570075697940053839
945660284500186779820752019956
720966552908857998788625079420
728327907711713787498547701433
697063147485997550948328326100
431410229339970183360269284509
223915489727434525782357814009
703747232018105495339210645224
5735417246191623645614832576
683364988664268475267709184728
123053829171195502286400798359
911606594353748704939494788395
853936083226391570822976383209
181417086374759169672926502603
971029124431556037866315865393
196601698799923484917485825386
501489498347477073950265513157
45001458038867241703083101789
995768455540718342558748498516
82050032037686007486035337536
464351358520049128049510957999
52516068432584173509641526326
345972169126459575585732850765
202833802183676586498025913480
840774801486016891665463693184
254362938211150969436115238341
529039640255384997248226794876
34515571922213825013105384061
89888549419423869026109801609
261537507189918401804925090550
197589962339860532612619902648
691478387731137155434500609039
193511983594197002159943932970
163475938823433175218924494619
438054169308133696070819662316
374063097318348257344432497714
562880558175600111514896203056
617461121064019390363635828120
927994537251810515810486347346
66833696791227511663771385531
266655769975269756207062575145
246198607646023864110240909317
733361542047902188037370733554
224043659542843847739045925655
732030641804044979881355394613
224284165002625157971384578958
231888915182218564201945221912
537260012054779039643906659292
861891126206455950795169125069
648194596291277423841601653063
933421362860038398499472797723
893594241580609886460816167456
27656157644059366322487444956
961579350985140646232628904108
743882320779376874038275950240
675288919098137372630157278195
193716272545218951840608240239
210898361914072534851358194562
6683447279275395042662587729
81667129666528017710108776776
298292255662136743004915919140
150354961894225987025816549300
144174298895189464165009707693
374266401082992068633226579536
623979842249567107373734252846
666341728257241251805830206254
454726957821024123551549258709
829612466110966242612971746557
885686224087710881025877539325
920987231196238092970602517839
827494988302937177578833247259
39945543051705960147346479481
975138834993010195387659857430
28227580883510386253570906442
326014607310971126407983229039
619050963648001222598098203250
116138801532260894718374741567
413193882232681021721010076246
741170268394770929353492161106
981253675519254120371567559448
810475652801320225270594061692
55678201209556744650984408928
16343751370291991345518563593
135740132120568842523250397984
132897595728036567397454020390
365179047124676249893642727519
695931283235727075493595603755
740076967300000060291939264036
954864217063862131708647375050
868218776346290891572619551820
968649057904044960665975083669
38317268987242334185758663279
777502098409242047498148470541
195614262077220444355046793563
996888543913361862497856393124
439188918545834879174641467337
228587790128598592337799435177
630572539220692358118506606232
220819428195604984154610558039
562482268100030106044472717541
910298053838866844831133537582
345884606343449774922266193338
967910769221632788897379758818
642980793149412310310380724249
970580031129847092826884701348
2870570204406896511190378549
670999972616758216252198214578
257815375070156585773471513290
806755407118413410368410087657
819237935740249018793069943861
773362587514157973838384748576
917296439021228829272290408380
72634784918349726092466584237
867388504750405462616000625724
346550028132600646826256189354
745923965887560257075468002085
536898072220952430518992953841
352064877029313290968047806115
893793242979066362097908123771
409812579526158985246517624767
937137180825618907750861629385
232897274917045527417524155281
995348251077093026252907808141
611813831771267719638068811689
608164893458866657491058333096
897665705382187979494971851619
771315943937088299313114531150
870928092763874824428348710243
147443927821690693945977415313
464353040548935596449434461951
943366026237508679223331403684
133847160857486066614120910235
758904107593009517010762791155
218509206554110648871236972015
249832713239191664829530916692
53116331446939969474534292613
389432186375065412976569410608
992336142325063534021786526359
83409310008531720215233917178
667994591797568105931940067193
316379334841607931072577144597
307237477063437845564347418028
888950894224866919641571210245
655590734983910105346789596940
945945690986658976641201351338
324425587888045548592958839291
120559523571973567199640858895
19830778183602455422626250078
756294974613742460059349548880
236187755181762895650109868351
169239345029883082618206450641
97642904362062605977879070154
936003328395190963314945728833
553272469597627241555928015577
218060239306595929812792954771
485532519655332312740623772973
419274635894729470763832278886
165559946361982373869479213068
501282929815543146049771631049
864159541882787803695350936210
815660838315611107925933858833
634260927902598241530487257531
246648912648100048971871152138
897465336671007959163789937583
565922159745610187976275371141
391745987139973385261696473937
417185964774130726768670486417
126696479809177271980331501135
941219522694241958633988856278
539582228945717465789290860482
306104633054243979726526667251
881697847730379572196691861369
536880905372424598433263472662
736014433113285871486621728143
463594255906188729038440599660
25978016150724970665008455773
286684808025970794746124065450
105284835852337896981260206401
383361867763800040639980474933
957298416998306763736872194936
324605026056248650248922652355
202588529835227635993504287895
192951650707639888032810880736
519755109326806232435789388154
451112506889756219540666850105
822451834292546071783840001216
716826027627310036713465673615
335768621611650001528173251158
243416500308831644039539129776
876099345640568761308060967194
771364354814698653633153874312
987486241161835904051898510313
583009201474090461573641468159
89566931799761702174857028743
946227111947010235691830898701
723050773547159899824835071433
543239703693940496708180246132
774830313016321920910981314608
436030315394715681667974905643
498936022325182584733797228601
558883871441185710448312176681
675424754042538578827478210567
793582285871817713146529206654
353293310571746828888715242194
794928619391403079802504312713
898471496912061417579521868729
529837737123375541710556417526
108791666057857315619581122864
205218181187578082999114343148
691668765765752635175298956027
273198441803861078941897362704
168183882532730195067519117412
549179991656979250365254763852
349206359693160436384214120706
778001354259640935726431665904
683211967776149859982374352286
871189127015380353065511540673
369928708875705203390060335764
854912758573455510875735082384
316647061393415307887479570982
13831707632654885177298587562
451837946809384661282181940538
964300421192335880996416715928
124112830423404789794516037188
861948606800369388700363332765
541690616398074401198767416467
507079819793377000659089839886
842450579992894016847561280151
266018824388981667628393240472
543881355375734972685962258782
972740772267706490476237574869
720800504074760570191585712901
280177559682892578757502622585
530513479419641706559455104935
221726665867786767811679943568
122492403863547846447753358058
546015229755304036836072435311
781928749787579958251282333355
408581844781344997984796599056
182158719283490531940016150641
827888203492997616735010775501
845049530496489458266197296290
104417919515338566205130560453
516091021248783865451478051170
889597670909850039247212462418
158619300974635111262740089546
991191090153322057289731752705
582213262475981770609347165137
249280292988767220934404870248
131714222036386399728440889004
447718803723112580557665877377
266032009636927010648500804628
861876218609006150647134614573
959341155760218914346659417509
105594303429527419845488801253
343154647082294319613106502044
336177566069402161289573563886
681711465328060632043143996400
208367914259296268886345529721
185453889327659609570746609816
91376888644199171707461132710
872376401227798833141867325366
679368284055004942768496562409
765035125723049963052872031792
70972446957447432380762629038
486471925853430426442878036745
865124993887498199718903840364
297801595419297779713999060175
985781029049238440585159339263
634064903425030778610182597742
250335757793579133169417625467
200651416489579051817122076022
863182722267660670291897348431
652950528774987479037031410234
539609779045635337259654063765
392217077522266130700819512060
716073887223099915669734801436
94139481090895588267875435566
616122513462980323462128104535
4281207790995861680644722685
422915988341671276802217434307
807723418404438615418816076215
180333260263147291638483273593
61190522248935774131483888888
58428952314870631026243831774
167863956726882671928019829047
664609896454585277105064691552
429436917701804367409075596411
418229906914523738549468256914
753498432833931255109373193438
613924024109340629790604522846
859503786633171355651770841392
820190938549570423544703680490
891348041926758145271243900886
731813488888101598223993763417
470966869530773147525309512028
712320317754734519764568939188
577617588314970372513883942025
849767792527719899152722862246
632142343733124239503300317631
851519508708639258292866223234
905116882653694645743376574091
165752150480620613581598570198
336931214286868927270835854432
533698293653634281557800842630
515361117025584809327785598190
642577756602868893640972601034
848331935339127264548757799297
497562868094666091845612339097
116232133456274195587595090845
24359112511397994502054198576
988287985875046865917819239428
203347257368889613657911689785
757860541130176307153043082052
631570951197721257870873444149
677039981501402151324420206335
258332157232642380677589691914
553654351748630147001566899176
820528507901111768735208690871
874954200820239082502651621332
153461717793985547336828326910
900089386668373754180614874254
55565349664730972473379580515
763891650435727499977155197036
602420791024283783419961969417
23680673760903311700010022524
456767822475912997318234513416
63103557892606033954682025410
895675014464448306515856089957
572091425432623568782045487499
402443177853163841200007697685
666508076714888404991332718571
854334205415484804685861776990
643560771104178661927875421067
581466224774016327555858162743
155929145604645742515151406846
75290483317177491507719957591
796928067932135085440061407828
241241243719814267152979944742
239624739479901450049363005327
202944130851969149458536688972
452906870642438225690005947527
277751582654552512211199567908
497084882530429900094547927824
868986576577964522285792807198
355765674542679530659759728075
55821648937626674853280474624
107313505807943621619881258618
603144651613599955890872667068
145093611228522047610022541344
246895620930361919696502377331
338143415417616869147805065490
354436045611510148879700716003
36724259092935653931548703635
344810585061097648653294511744
687235353302404188012227926522
976810170612723948819508296234
838137378871572673892912320603
430388177569099429280290678093
751671862934692819001802203835
391873036857500651841031777414
942372896406567974122080068416
828706197931584365677451783574
297496768316660068989923797147
360333044871544251570861708279
319955467843579346527524774512
121461109443119493225980549745
532093175188177856946612479664
374651694097444145027952714558
969264832818995475086356972360
262596607967656454882074717924
296527008933735802850621441163
214795795797956999480042782332
175528828425618753091972339674
64625509269147924850779968927
335356473018755447634264728233
739541716004782034834884599113
813947123758158420385984001122
310535131227575436388973722853
886412103989479382428287672835
733900994983156172586216960212
5846659099406445047905929905
589689622170784343337796554160
366438760145282275936977256563
901235741459824124973792087651
660787370147374140910437943176
793999933521996949260314521040
25237731061519216378809385604
940788291178840849668107646281
202910073549503197905767918752
898493863531795870518869608255
757143203327176288799982453456
412026497520717221043080845869
878678902617077361244804181300
548507664145571817151494029226
986107350109138621645321298914
98019265504513477805879969347
103349312530860481248250470462
43086803075068151060881970548
858146111978902183472721034092
396206603841755909090041881675
915442672390607856856755834710
188465078338550576880460502422
381854355114894281963683890933
698805099216017083490918263286
255810530284737174444899061915
832660886492946020968124522508
137089471871599367574746361626
609195710716819193349659478249
729353487395194184495067594064
992239622194327491737453079286
756881912768652677256988624213
579689087764903951064873760027
197650916689559640017065728772
184672259328811949108010647177
878169531052828861218495206576
673748158362917082540370108674
970160666319228032422444748787
951192935539659663621818723071
107442817540682362227931662726
801793924658632118562249186013
883152596773867724858964684718
699091673299373764916422530353
413533129157362086273525515048
494929377828731351882985348267
356095252299402147750228033502
80981869449923303318892138400
578698300039759257763020378780
355202533773942042004756484557
585715503834635368352635208682
670531442994225460364438143056
300093723342114034833040053490
35760654937691388074608238987
922140219318403506848668720223
472035542446788581917984264288
260729315713025602176678757132
973338970249701334744259090123
136938990717817623900609830389
504213797640629448850688176786
432678970218547357823881416635
637718037628447342214306122149
795209423429117882886523003790
724978279249991901301738072912
753375409602790786580761723261
736531338589480912593920443893
760841568863449351867360527746
55833798725191942614995597349
980042604437161990594212150598
500085155430415088525365009160
151248936050326688325735082709
632917076483132461651541760391
798290643612059062352540670885
469939064325743695454064208698
284190075456018342776919481276
246311095421164321352988976559
89772286066766905351440822535
241276159731648134632134769957
846294572467863824983718749036
632974415018650990272977209645
584658551752821615874323655965
37738598531039862058774741550
41218996496837835927403872817
789173799835236438596301840868
318408343219869104840217391485
24725279712681412654377391009
505677845086232558175697119760
247501690478604657378314040508
207500955252001216467507067711
923754289686859666744996031289
848949507077624588850189862080
429769523200706919329906086722
852256415750818666907686751716
301212711097515119119719122882
66256219161638750045176208035
169384241531976060905158051376
340587310978914259335861498913
702473816499311842798458518691
119044368323460411615611754977
305796503325191506633444899678
149837864580236564276815490481
907591699629787146877492702031
201412580477968694105820845986
169415237882353616933133723971
309784129871853035574360977584
315473132130111555026244060860
613552265076522447485389535162
559473188310507117140314132189
28127344982431879630222068465
682332777413624098831035702045
114829179406158524980691340029
474845814270043461996516028055
986522644609620705782840710515
468349513486513854325153420057
762526141100802579174437580523
118014327250102250062686832289
247232216775785283421594877463
141273639963699181266053455394
265585493693851673659884961001
986377867966937317337315935899
572335028013739647892573828720
670877618602709319837912584071
650936882992367979703220859390
947274179219721956120417437483
174159749856607255497598167553
446329018430237223575577220433
786661455351437808950990838425
831850966811484685669804034223
526793469400387805736639299418
32419989078889198313703244720
619951552433497203138013714790
213141591902448729695333642341
348462979985967898708929136407
534742277494995753992006631817
209329237396212951826790445394
807773196088606933339090622291
665471484797988503267410049420
44035915185545275567887503728
876669792439190971334199677807
571206707843443442066893232340
729226668318355114282684349621
202881265416567691725821226060
646186684391120944484169003680
23468484862992021157308741028
522717355129838878212566352234
490878729198870807424269844952
211498113395336953201010232590
18644408940827574623671749575
995095184824740758443936875000
724742230761114017549673627163
30382760822032451814043861673
115532779953363176166301071347
140812207390342364301801009348
713134581673203372885552728667
533201187069207833285089650835
438924900876413514902392566034
362905079430068383719508443724
851803567199827043096455532419
714134037147430898747674268644
822906074109856733654782660333
120658598744473379809245542035
831971323248649637186290812816
121700793331823802350195263321
574412298019891170243849624928
276015105615424415339058287470
848944866412761375748725815472
770326591656771682216599317355
138880530702186719816266414422
772635713976060775347035616853
405199305922660779002448638196
659685527783657830132570662583
158199994326806698999556908830
305688953306137836597978849073
921731235480559491252672967512
750320413088058948119304250258
988130944370827172100644531186
173870479689919091872323067469
928881052760266912885348232157
878036352123760923760746412990
541463095378595400638641256665
257871979393289796390557090607
315306044313466445318184041030
689727307473205233237469343420
831805567989079333137982576391
674394125119333262319742271414
84906961158433033362643018085
249618984658396472181818315808
243813920997111776396376516672
862085455314691432942145517104
243865451912347784757565407414
916247137478369542510108294721
997046891846351996702490775877
225854223061048405684583742721
66707854881913924178307681058
627707614934669875341784968522
942662917283749238500659820317
735014250278596805735562601659
37872951256957262873898226000
719544569886988872559145336608
367563030634784704746675351019
602996909941788980448370403990
313045474058941245266162383567
970972629837726834856746340844
183411560706714700793014215733
716729303284367237297472872
642332360887648072898858434562
839247967583794166736700201067
400611978606984693520704418245
522034399394621453333742548050
821203858871902151943705544386
881298146612383059755032088336
985866354950550387267835877743
928968306860527625650030332720
154688998285931414553531517205
21732732243415761859071123145
584948529330422281698217966290
611501086900048990012726385872
731712378165377857458904015638
253428594183772701547762792508
417015182974769217575608570717
102113046769614023082003140646
940311469330410352834981078828
182082484402703330428344796495
503046135955491479400981879265
776376411972419142358050522075
462742107805986360764083736881
282767601154670226397919199089
430985033994159185459406779714
387392347398216467952228703407
589207839230736216667346595195
566320810036819261704111186992
349244107108933601647062564373
835945066986084107186914608486
19725431620344526345528777938
918400168806436673202583658079
980884753555028042267779494655
803114914350192726428299794601
364814931706567626151377142668
507855639887024098226256382005
995560829838239607903053756397
176790059182170826144684613278
192887126538776243457009570227
75038176768105834250054931297
599301091885659827112364424524
192593989106515394261653291298
486939740285349058056648536746
218315618385234377833642780951
534164386734573511352874800194
569146581369164867831797638732
398822494562674651297505137874
127999397693973335630905130195
989474970732104170166791282320
921614651277340104259551872306
253032293369847099491608469292
471788731102606944107993357292
352112016148801024537170427205
7843160515698375480273415928
220668298005468286606156845604
473022690453285554679896231852
270101874439475978934164548176
951059343385959665918363913146
421887181246777149545802112073
950041547581338296747745580578
167070292516144558947887314260
672715014880429322176451071529
37240328569762459617846389462
392412583424346660657396668063
205160032120687570350324916578
180932021890336542685789792897
693080321985338779663638283163
800607566077035668418024827805
805370431578431911775034255046
75606910696229965621802215123
809663664619658943101339167033
270864367786717799272852642218
75628183531806593094986402262
966256243960206143025701822812
718365241385521918973742719306
71849543517141533510581255666
134598119525361252462500985296
978850613704578217877020016589
11359688082400231536590379567
421915025148974591068975330414
14872888685905993508694697126
821727935895310172366332751301
262047114492244906864949888827
420519834490236583356269741896
47802230293523225182088147173
48060303942170542752967088539
765659880943508051298955904328
91349439532135994576341440815
140458045312881669788786204306
651427984060300424082495466187
419568271636457859096057418891
56091019076154297439625414942
807077819332560553350498040020
441437074484296564622921451284
472743759804318010516950511555
524849965642132390266822177112
781501290608575568644846889909
978075976931934086254354350307
660590950026603660330826725019
842842396860228586544032604791
553305982987107965667225049829
719248983339203153758394196643
892745307739401006611035322442
342037591157229685622664718185
355682803477869756483445757251
842196965906459054688293668476
410089556591571843801424683821
159623914723819061055042261079
96375367005152955218096892578
232288126954334510845608151586
276957485825908781914315580553
78514136316441269240304860750
972703363246405932458543575820
815026619659178879013918219194
696246917161501899321580288502
152301186210438111233600013421
83833503943074807745385847377
578255250493237264688953291917
739699058088106928413980749877
266597154443160825618859428953
962760557589793899290649449523
81456105477288087310445032164
847969361739340827943089961985
32096861149065157709402292488
53966413442522355768967626083
627955288214675514755855592863
126086074492295684731006338261
112961221050026131813905658355
339286754391414496655763261314
356360845115469849380709216374
519575971702067398953772311192
896019431387256445890510068176
41977127350603903051696504904
255387476757242737788872664805
890513620270414818911486068957
998935889229789858506824774095
395644117369911361275693889680
861463897439851028894255926913
948979081350705279120419299570
372894374769385827243898798460
386168089284693984525575093596
505290380840540950905029824281
643807582898626494736780731406
186924581934514298302592795416
394074946082525775074878093990
509422441150732422942582877649
899424631448515424344781952789
990896235508175075214223186057
632623018714704818764121184363
368212047055501668431633181377
399556816045226101221868211306
684817353795584227900992578973
819638703745634705077264533878
279374505924933990318621673324
94965432894343047757311775298
286454016202040331940957962922
39723164514973597745896963195
967994502614270598220945148682
788413832519588416068532391517
815377863169854023983361283253
574112074081351919324618483739
176501362594052751490525120031
880050988793070157971307110525
125721951361085527176131908767
421722803149667953004168125465
256774214217191660295356883406
456747890903373442014402914054
498655943960149754480743951591
812684898056267373593235967005
792067881757503686779179013758
102578947649346338665404911180
287151502468047719479445537106
109370935782173686568905398719
465080527905366693371867186933
248134514826537287221901528331
714943501978781695827005772666
684938319271994329320863262663
55407356752966516948264794740
13838011251792887643333404801
787411026913402592880649241993
227704787702034445425520371474
161028319964187974437394594643
894407887285738588150376503835
168795974563630587566257809232
84587921797222145050364693757
670484048183646014462753847053
57263795699410248952160194230
712593196210993940193299339150
896637615008368137915304681587
430665426632528924709276435870
800023832211786496279421713867
817162019514819905379448813159
125739158467949965452207640070
403598453109322617137752775849
600557016099720869422556473536
890000569450544282918862784428
799688925735420584856064401636
396861197810159226321060215371
881570785582094609034301630190
826401353981504597685516862382
124410471056789568381106195276
233045430692947853369182958863
816454443547198534372722029031
379895957623210766702507587513
266083446938265374260350660679
477809637589769823203435180358
575652887829859824081560045524
655280011507232344197682770482
942363803605250860407996411622
113374490428099476607524487762
397437140286035445157198227844
932845692929602762330512579789
741883708507393622387668922116
539854350913924055044634189312
778271918282707712080631704569
978505762220598323813812272774
411613267434914322112691580086
291156681173273987455123021234
71724690916821473551688907393
901483870268194588889041164755
442276179722730863201499733473
607662089656224661308384867980
62449106292044355296799545745
368167996027369892974496641215
378180737588108935015646372506
810551778126989911647259093847
338403017907143689897973432678
832577155369293407716932109668
634389020020552710150753754266
483613510339059709845516086532
467527909936725506934224383016
425383522006356166219317660453
733132667613429692342238141293
452752218638990235144552096358
200148948042396047744934063484
884609539158477358997772465947
79507301007851004746833217161
958517905001566852979539750020
42620953634630119461756455380
765415360714178617852441807171
1556144131978791560151645828
485052281681149074325174905585
89647932581248060163324034182
418039429782099237314770085826
891527540404497674713221681929
252080695082479524096167336140
876347272014992774764902822775
710632418902409274037052184423
554642425954745061809360490870
761932300245937552984957462380
63839043264838117642505702024
991340591904709934197218270020
499747683272005972885488276466
561707805128140285976048541702
141906290305657437298461034010
969039407649656601895779731302
596641758292416414979317767184
926560805445679877896953099959
287508818867705820678550207920
736425570756257549705322964071
902610160199783500060388456173
362489311664873820130414502713
174523973473547275028027569234
825516175066235558983152758828
34874615470184737465945531850
771999540134197081945484790255
8580019681866859221485364843
431445367876915692568044003021
304126495585163211426773686159
878985224504480881339615232114
844276983215760104284387555171
262050892940795536210952967557
600649324649581080487316034173
776377374179833235198500467522
114383444949184537562002421002
549667956468319181177916312690
882410613177522276634101246
984021443822485453411281834019
980048588653202539866085730488
46270762513640258991502380719
35515819519286138088356047831
227464070048226776997553761959
599881035908409941267326168063
551487932968710921508614706704
703920476120454743911679285612
889963921963114918949540197575
271856870549064681932098446252
208940514566685561522129841588
244824863294617610966553107845
512277354057968263803119575974
718196656042430520502574606958
970779591617930355655797462645
201093784104456111116269703112
420550253593893780797748720788
924244764363120700282890378599
638681482212246846330178800220
788074879841509538589919256888
84829985740847879969167797250
786692581571671585616131111652
507130843914847126205981223104
942567901337158404035036725407
377905226983139088584848666195
465835806118888594844901151443
987303769173172938169971022926
490496158664760134985780317430
413670646387651054851974184574
398318510822484882815056178498
505030681387428107797325322692
517206042374179882126495688484
929816264634771502861237940471
617603222801520638825910178663
574611395375485245372104014832
873327844134304697194513990491
635007984505175345285593292387
356856075649722026855181618763
735509620066011715700862453185
868036559016745885820665976820
811228778174454902144850228903
728404083413507969012105754821
752429073498123688711011539342
506170902461721502391387082854
145248770931444885463992514396
994746464420835068413473903541
175512647842907310221076082021
629918044996737895959213313793
240105526949181233193464326639
562319095171099542515314888325
633967974181517203417755662382
635832209321036752767755882434
160970960189681951602624762274
527914356401164965477618282180
410108714057130658604788153833
911487118625386852303105684797
143475231698381961680422437069
251827727443717458404387541150
45765809237738668465017366520
414470122442476678081131379594
981512925460361307776097882445
743876968916064678778595703590
318045034066788388898508187087
731485277057904289996422578403
964507462852920012935225713507
620961945577473514194624932236
802621995760518292697493549106
494883039511775494975371943935
135565322589384406966649183616
603963672432246739774548566526
360515324224708006328085760473
10614010753899044568007377459
675939395348280696373175890511
35965625050180369369266835619
86161616604967444379689692901
697889453724274717909556356214
334750578635914562079430630000
884916800460162178454233578964
499630202172351088993764963453
938687526881929499339956812892
623736351343117778302239409401
518487737641131008003468614570
473570365308530568936523227065
23448277219176208530412683360
90907798647069359411644702665
732805261114542320308630753362
682042180869940956197967538564
83425790522114772940361168422
660667237658948748746137727158
77210322110806437843864421350
377017075999599126885143459871
52234045608700488173836990444
865142488996329645289898351064
603383032821534595625237343209
977308226584379468430403646128
665056057705986106748319462496
825458659700330549450218066120
684653238297013751496627665678
312126356913007860151355388082
967368980842033938504429247620
32111053911655114872373091485
939491081671246103010123223429
106288026006863200574624614277
512093280129865753051684256920
623454044461652333404847444748
700184495201110291319898678732
972906677774807738356767454667
462290678343529032096051745898
232281871119291945978339881102
28569650700259019749173660077
840265868768485745465742571154
177258754815058260569977920307
919140063474445780050388369364
636111082131990739291668798016
293428494927176698932705813989
456392148478397526088341026618
847579666435081743612258182704
676785899235884641887068239966
549444962808825556420016733095
896770321966332908190896771571
588418063625531719156995512489
805182390435837888086848920467
638298351174592139133616857628
84529508097925455686669306266
291227352719803120612016942353
225084476516671921738280950571
91816188789098837923909015637
25447117570705070915801440151
89164486178739064978379020918
537204117725334449837231662767
603377840025492241652177550074
788823615286892516185316375863
190604900082804616528134352199
725745691771549838443438115502
132123898187424696293820240598
387857764748636856382491707786
799285020112575040136891906003
737131155835547735988322553320
699217185296848059022050174098
191662865070369695637015158864
351945436182033883680297002294
866313713472138376947042614378
715751405751309633093977701468
543292654600216658089673769937
594573050929023084879424384655
139897038274044774462015415602
370089613217520381832542693418
182113075744889190760973286650
741080723981721416148077504292
733488129514293121843519681524
396368228531466269060448994235
899882568953043449592885783060
620681319807107428141308709350
551531950693569777202573742156
811141943480759248324668013374
680494503151716320838618651176
982581580921997564331526103561
155156040777576554361579711312
86929400463534757127938098064
204458259423878271634338563395
806316014105908445307051828665
386810692469276992252053451743
492324531198975781229266443178
510976432325569107397254104134
638587059548815560584511275323
697969267222233117523020463234
771205425438628732499482771024
969038214142560992308227433211
975967097319758603801794109580
977224146323974512488289613386
538138706356871839714395819820
547196406385704346388889555837
333861941995636666451367549739
449725000988427937722102809752
255767522788395092534661567932
978963148101078960992496159210
439644823215207417389617694881
513768357521989449983010429364
644554950957879694074035941458
169566659727807224032235136186
115907269064018431874304010164
603119297521070954313961491352
47438986870091945074928482447
312211900312874816544209956347
737232621371766245057497589595
321873565192152356994589630548
419933071687457967181221383566
779796936163117875426019093217
644766655707273220387668168239
99702807445786895520867648482
15756520656203285331504959232
582295196387031968668529034153
359034844051934028163714855027
127204176787392901930730218958
227182821098415108112227511155
355362175082287232218366257925
242359173490565447823006323316
583378760946597806905400925147
449168006862998353590536341029
262158755045489468475480907675
507316027097976067809742148831
503733224974645704593151046256
797901265526712781010755431295
8241920043549450035742655246
866067303886643803895553493683
943998021688555883972487176737
180275281837373450248167795447
828573573006779351909814577123
770557862657176018028195227763
633220751016481805334814572635
963035120982044182361840042685
611751378192710520529172103709
540019935055444830815843412632
991929082050619805488438144750
494294628601703953453655049977
722761363537026904830612236927
791214056081320895768486718458
423305335385025991085766889882
662608409701629188776597615277
224052731262352352952906785067
790549241474568834199288772736
638110924691657392347281624093
459578793374791898395595587518
771736593665140886739309239580
236122869658254551606381679966
110296949489885722328710565819
230135321580476675305396649489
326662950009566536235491665123
336286821034840340702227848473
992107062395618726304673239143
796087731482291922777425352633
489498690130397529530284682402
720858475137772108432894286134
945766086471534678484296677973
360303078315863484947211976725
814435255215424690090710062611
523979755273902155598559954367
519700391315424740540561372966
255740874790034673654521270556
760416113610298363330788842291
632441148244433265297335628175
366727346075818598211985706919
485512512066702744619424345787
824463869999380138828255440360
421485054284811653540528775830
951641489625578095330916702613
931948938465347931738046219763
405920240011817939433182830227
958643737820864180402596442484
428470768916167924409585661262
986938743666212146186586778605
929237299367390910974842528343
143453199649666431989746555301
574038860862501874621077983859
994482164777412304539380602715
363568795929376578698521312118
885966142834655411613643300532
652886681894974597420594731622
801159072318522933039586118130
980735399077991255633896651317
173536664517014648383697274347
492629277087242725340471137682
803160473355548392598809648921
350564069315775992101500463844
613974887570133261247106301667
914149778080279625812530532515
453983234464705832104209919791
501170912428604184686507147394
34486832363067013994702713384
380516270685385621140808934609
698784314958750902133223825982
749792268123418569817664205449
368536165581371983741482867954
989006470076460976482640429092
237515602478506295580208768912
221830147473520997898665737848
903200046831397857287594238999
507078149441183190951158444532
286188427759760681347326977947
609206612826309341146493817033
39606217576425955074743425139
32129853714250501516031899333
853694883265660498780151325632
532159996349774302089104179791
536991847198519722663828277120
823025590975456065844380653440
743285704361120658111122173585
181940325646663963900606300808
228777806081020227323685254553
97723692446476119871929659868
733319819619267248564458568021
595684245052603456377962629041
397438890714863574934998507228
879867582338582872750105389337
705128358387290995399129438842
456512092682123094497132283511
96844905206801225096922041798
545143000637078852903441877942
549609353110052199641404838444
20060798757306986936010823625
614468142677874065969074101362
399049466209399118408785621001
851338879320465005509447446354
145120167488433531249460860285
817603033026819797128075108528
767479431251306116341812250308
476849443943065635013462469664
651064680464090789321538758072
408827227395627107934271920025
992726947923391412308692609884
540127283770268263694952762432
395675243108497929604802947535
695629868689044558426108169194
503655591456598495098379826546
770705318842085443212737231676
307511543780885185189777589072
898293194899396441738095874906
511598466791323211366555533541
53724556131215458182247763127
646553744736463247020778662913
700885446131345838034153310899
940817840181884726368282191742
722592047383637036971564532290
438124510711967730931056814931
400825490189458884951108483833
848434548313126800823309555568
684034811968227453411049465030
437234616219989754600654637852
246329512738914962864994442027
284676062816257198264898660961
466700925273954503887395927077
400380911575488383736625333022
797379331838980142147095213633
203806282859769292441135846085
661646505725617645359747422553
370661647050680234617616427988
557204590155574720420395845618
112049921035076044646603702681
12857502375181059661759594803
799368972504385304704842644611
201565041404230942462020579204
789820256162936172810472757134
722706240141861375620388113454
379446501806632728009143628510
144036686213733982854923144652
810638376925506320158020465215
722032536320392561061879939165
766086520954000081266419072388
871138970352961046010322239768
405563442206664098507656536116
360967653297798627413304765365
193043854888045219583589281292
528747603206981588779761377262
286478987339542534808229261326
814531396889353315141516669581
15900510162150282438725064765
660039774296704279804173722909
666636492785742231250485932233
57687619615654545255852711921
899198868788828540172411045890
896048524346411398495699475208
386217089318430611315004619536
52725369768129590107572580779
444461963321867459704005330832
264805227251202602933374105382
754933848493824583758549826177
287883844942398891871684417045
843716042815380965716587948149
312685400341542164335012690930
809960919365250248848098739213
897084923620841291594333169407
91376275757340309533502045152
405305488254888637692602436896
176932276461544237533754062014
718486830010914207094802402112
827477252379794458742725435701
710190269113335708810240711575
811485359783130169855611026034
101211928923584197721857682221
388765084193526953396024338373
132698811319969842382861224930
38189771901470231523461309546
484503890804201172235143604660
322908450878598064322422771447
181434541282779731689566511059
245367265647813579380310824349
545018481844691155072624266909
938575896460942290743412140605
78878167429678668367049095868
947528463317493836864253226426
848165566053532946245286179331
957837531040377443898898090102
252702279788658121152540836978
563348721544068396808546462252
596933573411682101126684302656
935224759919666418051521706691
570481624412395461732441160339
586203304736700002287533939841
556354189112435321759325848170
92960969269861934340029172105
195764437493599242202948657810
534223642203221798438562248937
572917296699273247011508127387
154488994506800070170820245263
985889854617990568516009418108
441646993467024305269130923870
963631963113530569567881991581
866653501682472986196531085955
362733006190931514122361987138
772368361875716810345390805626
125221796490500300361830924424
989363721541223031162541846001
425044646021373154425805498765
346295430928398311591578149229
512000462043769134289462240125
757071940293725774792941937652
970629879315086008279633802784
269850829118281750591894054406
980378716209527963247002181604
427723382119291071169618337134
933076456371132626642690023571
261427728916775265248979657828
293018425349627022521171312741
158134439771332915968175917003
539647097236619779760173147170
260896965548728206921892455913
192865139291071426260449333695
538961299106720890605652828531
959631947245931630409121925728
462344392899356142254227880677
523367938146622841572994379331
253454012637477655920035602941
995607285551042986977929806583
874187038938346625741898666447
311474531985288409999627020069
514981350998594509522457996083
185128688911646806514210556775
510506776414011077265467205192
783350892527179675460337569518
553698234168560768876179859834
877449368238022330401693274850
865063002440442626048471813109
203742189101571685141388906904
520091581139964420695724729351
217711958931409052028780608774
924508794501283885504398005164
260150277410222823837238376140
904729235294243623561255033515
142137874488282082712608851756
228369387647459075403797755169
616878483158132038702648795190
558117225033659840764396147594
473146112149584811324904016954
368243876038968180733230904303
628830687093800958347430293878
571588809680885508796185784729
341501340355341213753380609091
663657171454302281865143113653
442403204974238243671027299721
71326419926979307055367182204
227578677182441485801872493425
686568389091277724033695469463
656812643187355917089134217826
992966532389805522840138365303
506766469293270365636953323477
982425676865772720656780441378
955908342357273968214639101421
469925107112325252165452949137
267186245843978587696842784372
560138571379739517119855848430
420745632304725226713241812788
403610664417758733356082404287
962145181443337888190456023607
643180681454600506780252884082
605631200440080588288152036831
292015997994815134063012206039
355631824666653576787409260226
820561759228666530482393889580
444870426319934469481135817593
44327158814439405598414143481
568647740064930295810216644635
379646537609766601690305148898
22228235484056313626817361696
821815594867934579079070755019
484516359015250887872306811193
525418201510681311724659850573
403165546255703032336948369727
928997358191630133207749373335
705099637186466924011232513194
871918151502331717741095247086
997865052242191342371558660699
639364475502603022585832709908
46072106782419582931150006899
487846120455992530260927234698
653121053397538137192829348688
422074190132375580473276547418
554325494485003340730189174859
891240936684301802883024556087
11071346307108480505494246103
145471357246523176603079317570
396593949453114964634203342102
613028911830106180824872242117
96264981188426299134138425082
813153352474765615266968779846
855318656729988616825580083487
506835543220532757008502075573
238159365228082456702275005826
962751981696628768215765014097
757636578950747818055924806477
825786508723100136102848302010
151652599229617645227296717276
874591905292834446937172875574
514115355294239353898462519378
587839178109124720028578890643
774556801824391993552160536132
71729361620849752361143777867
227500417575892464798142532460
44235378734152187681398088350
774602806902495799913716522913
353797241069668922408557404048
825777599359475579743652242584
550936233795548752982375484938
702195035192597373530072285301
147902649217843009286674011108
456329809680537048587022676976
990512097946118202142935997518
742673054864328458964696672145
892680269859458190926895590254
837183706287519012813541747141
448528462666361297136704758250
326402159292590977082830358649
496763338198400096774678685655
628288733302254598224330953986
359725375488116078549693442351
103302581779541695300926910122
557368164570357946476254635505
264290779146603687990897548826
713584017038263267202185863658
693212875340809899731016948566
463371363507784431623684236754
229306313449950890488556667167
126866309358775094634796676005
797561864098687796535199228924
516952038208324325745197168544
358704758228428848000265945159
90479351459311294103969507905
811378580059807076568683195480
302888151245435237728524338753
613366361980365685555714430043
789341103729849905979346123026
108952948195388521809511141782
81779924153235889771298676105
418700094844509874420588715553
949183563032193043419975171304
117420830177165436616838615126
879377915884226633620498926195
785361848440322036080583393697
203968895576882892836641583992
275403619574840442264813341357
610872258078258581692353256379
713484679661650538842165742352
963971639926109735187805062034
786734634637111602990844331013
748596732693654852729409037006
68945114477209797222401790145
866921212914304902108039741359
856748264426675389968235562871
790540528447367137997931798449
695339556074818476095481960952
280833927834102500441947166711
887360625680005628313755351641
315695558989344978710854873151
490237277896511721937163667925
215973448058050535745522393249
886612922899102152567669405026
30706829161979780486251061829
441558844241678921200985334281
687510133189627160788834078281
568873044774987945372778812575
525929403877957378836613235746
823134442947498651153305877754
474160627615154766528489373961
884781216694336182580147868290
615675944816678035520214617537
568120081743527014302490691255
380059230147463861478348882119
15313877643098630561061545298
454248157360315754173227160620
896412369091815080923650368368
266070756063123088565239279873
746892449566153949308969355205
998700152402522748876388738095
988339396743943012777042446933
757984027213969250953233421244
992326020732655367245601114063
603147136932338651093470558334
314398194287055086484754473778
275538125783868458432509418958
45789729636187128712982824007
111442939660351132855074370565
513379639734400483142926463409
911694607327504748323756022320
962160958598035703131409796130
101250494625567879413423768944
962576712784901997408659419746
879080443446036314782004646262
433326438443747317175086678464
130526671729861679283898978530
683881012420280355132311460612
205655863941682947575815983663
641052854108008258565765434636
736951771301437047985843257956
790105974967691314755930821907
339499390712499466059062121529
403291616345198942719548518906
45601382668999773422729095213
128564802109515816540965307115
543369589641883719777174687047
989904848354074516546875820828
685479317714511936005963607966
398850457198458758181187351612
330102137613257639366572255967
165224084085014480179216799860
308087196286266802845680443648
824804769891235028032393747739
894838803707629398902609323343
318375847540438058096316988316
40447648351241497021894620643
461370470786876173023852006953
348852482487548002452211924432
220261407965685040948174377342
679349113367498924286208453684
343296708434958579736168086975
532403922340579416120787666054
740907371419681321431756656379
648469389595543758589135018130
287731627037776877536736618359
832307922876308475853789472656
254792771238525401058747548357
291251324821103397238759422770
647019453687975934262144402732
567391940447355776399267661667
174267952065571076766525303548
247611534771759512328312112112
759164236841298759810031952945
393300167987177647757219589677
971617008612029144355282044791
678181825453509375382321339132
563931969324556840501973996913
103062523900242189242797250688
759455431702953370490510527189
660231415355548718708377617918
67628625578527080508797782039
297678918487576758479584194997
886754900459845436765173020822
734913615734018846051629973316
926716117681924319363439002629
244810245767027522982854408863
672846515669395950010146478337
798306659391086147297832681886
177890071432009113071176776507
626458201409643062316687582565
634617072955129757086486133728
274608401769072643060509285678
164979532715943041511418715458
30882010258734014157298816037
610995782809359069721723162484
661484877822117487519283637897
600763598241781544074772436464
657083165523731290724143285061
917109139386456723651230912653
963603421901714812032850610104
633535127570111922203097970240
701868366828600732777897105237
7134432631678171885208110687
908430321438810294708571779739
181989905066144996985210395427
299004946572659953558761747289
117332559756846320241351884036
626677989133493708708293027645
366796670495946295927654858867
85891788921837268333280220449
207364806860217572725639295316
381058801635142517866486779832
496847067292485047590598605437
959006075454960901283591107157
794169537481668852758270687675
344254053689135505071399795618
641002638110909138397931839576
84972040762551164983290759945
144046344101024522148642999042
1820704678328479873814524180
430268293222470599878272692406
799750102566389867973202578704
404849168959394951345631887923
258854002079637922623067254044
342680434096947420592953072677
234367405200484465533841642285
332681039668583665239029640512
337543993983919011224579431254
298873948034362412367564763817
951404912589611646853029220201
14447420800387640271727238350
646479027848506355399054986319
212407778874920471117681258318
438097773270944981410877904915
352880914519504009510568673036
669823250861557415669552163719
471663093481839017885478967788
257070054582621385937573819881
218480319174350818587187883016
269080147230662254865259738033
166758205369581043893378578760
758576336639579103670551765949
689621793358462409101889621401
73040666595818703092114335774
995498680860945522588245620782
74985837384220727260065426479
18999737773270140470379759144
157312572851976223311617342416
580743936117226336551985593927
922258322923327574476903142359
664196860564611351216921739591
884375942027218326050651272220
312653168599149369077943446423
808721109840102656662171643983
310471131067976249127017902951
574164415780202193115120818812
144540592458042503625953999325
377189354258964153939798329826
112798854305574157712434541957
672308446752245089873845494317
661607568275292576410394324172
624980209508221060319151891005
669071137281704755588254963234
744387418241079441541136409226
783300622832768651696853289401
280997382491271691226032330550
591636403347957518242646404295
194921619326609070776564037582
796130025716289044305047001336
804640073815687212619387932848
554647387840928490904059409626
768239936682847027035999150274
261830196524750258149961319409
817733548954623137572884373656
4919901083963168503817465903
675849156053157561744400512366
346628299090701176342130850506
100496665873947356115301211243
807739476925918047968820689064
153695404672863212110519558138
33063437242927430517465704847
312190579068952310317112921343
1885075372645119414950955438
473650136670680811943051146285
855910333682239823675581453114
560432310356284971382694734184
958724060045085687080226498509
311385216246687656261116729697
646622544135984996292510456685
90297423121088909128679247648
855641045190173956468402740085
139625467092783733819172022490
837944132775092503411702259535
101874178602664176656105658497
686045241852250779929414613327
527779805430493667253981845819
974010951874883971631708212607
270475286764696194308505819443
63061272525570039448856454534
948244781394210624993330777778
91740943051899463765042483995
923422459467592162149042291436
781640643980592493581748871328
883713258680387513724926280873
115091961587690224109216322025
885863201073592165783792772949
794365380835586148642828031392
487498793074606423189100393239
236057261493701948354918585508
718606757236432818291884567466
641084309093465039080857898323
848033395440359681235965132987
436424574609304951484037703680
24883270881408706465031969150
25730397814579857711037928499
933849690468308017101026237744
914000709587175751854004981618
717030016913520025672494592412
91614448457614519042733072417
727356282724098498908577592424
445707159281805715761126679494
176302526826010084744794405413
193293857106239637498417341211
878413537658204672509631526091
764125109081377974386526992165
913403507083087220833425056313
630877490482093069697419293606
626323555828236814436675480432
789144882946339858123042008026
567379605103731232563406961061
35609654920444861318775849675
371270393725673434642200836596
782852621213173562189674842688
525916102167189923573302412180
790897191250291251610302972120
662591041070519878625283648806
145509022628937362682193868028
481897919738448375761467844380
827900672895663761170030118312
392743286723444894649088621411
659768128705145954567184792572
480856188914368037620070809744
865799620504040252953842872899
175867742055906873345031685588
778152507626033512373880840575
315589473223709233665589709271
204351657381075302568549802671
347597797014518402047995970852
202124146259471029114309726668
47318809073623011363942221865
655115047694583939769792306634
240214016946486103937731668354
379871161185051874985785791216
492598248706182791609355076108
596031978675536998633666222466
695745005219289057785748866217
497402718071509778450685796378
108858629067732828924163473851
624943092329562680853333939315
846058868176231394155618078208
122340126381070170251220055564
187457466291584213363478192141
654957843157378626890707624492
819203001815589296995456626510
811626136662158682429957675585
789641570393960515891222570719
312530692091132166914176290166
693241534871425104937210429964
187062961142766765630894217145
931959117639856956559314779905
436191914536776909492273216485
718089400935668882460155483400
598991280843206735884198859657
505264073943124538435302723373
179149925176516875099228343384
615372199009663517444109122029
927768556890985073432645134429
496824114216461387822796230308
659964352780649808854346864433
437206746710081194067643798943
773437751977423529479586004594
92455134883099557795388338184
279402291747565994485940459939
397973034371663776313122250357
548725701410959097369823869856
687732104534610358236955388849
549759971815008236941747149859
60903176502730628248287687888
35110942863558961942317545857
475037847809978683200672105162
629277647587365699249945991164
111300340752997824871976299570
928762586939332088055670715339
246019710894567583620741126088
203958190843898655656046108752
20491338957183644078786017143
316348583171096792792650803036
245542917746172258462619351959
992547388828501522886288184015
991013511065939398476988054096
932166258634692177854813324592
708245139813523703079136233907
658340049628936197953687746693
270277724374032614093185307836
975193097483725574484223603529
119097843409977655899456568701
37951625942095662381245500388
865868008649594456731754803407
770965583600312235449468169917
29069958592740194602308279120
418835767234557210218632024753
558497722048808496082693977918
734255293876963204857892562166
587750873089846993683614355139
411893302503484114043188601200
785199253684511325569829989470
300682461697932462598370458477
8753113527664440533315685919
715147174431216707081137746260
682251548727227015788871817620
106956874697479205947164559931
770254321097996023817020301934
738302605831512704704345950763
511352083300145688842090789821
957351312118755933989064794665
749513872316216509883696348422
987270708067299635637260603151
426981210652985141456700984472
651162322969475788579389988234
250077189543320523123439563616
416701509515405733118790423294
143097460969301042730603697508
564213661488774311862334631272
53402548032867558624181081733
55209004130386817647248777874
248666177531709089023266374437
48258187722602034327162693403
151517944936896567650347547798
958292603929938465829156499894
113173723694442343307176542332
104069601259547593633018194931
770635266864838269568575670929
212954865122462856530943580147
855775131841339894949155272790
904379192835847965578949557371
612725126997960984818645609525
632942713371966872660444729390
811181055192286422781727126817
192076722226352167940309929133
69387428480468865686673588707
651712103769816077124738613953
836281268312591432171849407624
969112182518169484966529572080
688297263612077360776485070567
673047487827888436025015676280
841685201623660239086833868132
598381505271466443024096294850
812529356198267281360769601445
171165218852769288314157995530
174879929527411658120620249095
104258025170057751390203578353
65680069027953431348841409708
739105673226157908065838182587
416762440294269873697272851524
948967997728407662754499833756
589737231334871757211036837564
324166700105612340585680408702
18451614044808965320379913524
159297345213103180243234278370
473552244978999117350894705758
263190945668694039640421491660
108730908286433754010885480516
132469942931298376718879105927
303880099659860003667822125985
511963406713952118300319797468
696381054419686497643079835926
226054323439008027254556073094
497614517837526076033728152636
446359344418295939033846680500
317806487717600971972704657040
21584482304877762777115481375
283766044311232340891363145290
610109167802198847405213134515
982793852640970861343161283859
416667087215317616433195591969
425630410500072005687104854208
910764803886180508775336907956
290919502584710050837167802649
982845603482013023347825364594
16747422221311772489290474889
683034103656425040555427977440
923890927056677032228368108830
396558337978729389591390445524
778725118586280746459066093650
60748183747454008616807462509
487879907240250499166075247051
133802048916581631922724475496
463461169054656859262233788280
484008347809112802811450816551
489557645614462212029639380088
349635604806640140218867169104
192822920164190557918680506168
774561471039905580852968948968
625333159307996400179637976151
167826712277164742290545705179
538081990258826407338906560825
15416353230481632906637702268
768714830281054313272272950789
925361912083563615959024858044
25972733221563836631169141274
126660089394858681737330860437
621748149680496287405483133396
614380055349783560242912260165
554171699603056873819419453727
402885599241562528714670803481
954955805893906906100460519538
785665363250077488588515177471
984318247972559070849858532719
933472102156399789324384616422
310134102439160596862504888784
422156546456937955713999709704
319237614287522545502618391311
945821331506843961864426758009
536386526180448542141516577603
475408382219517768553474969861
853801397515877118043694503928
29659094806009721893232694864
523285091311185780736517532333
791078837479206990203191314767
232415411202383517377069816635
470188751446609152203216595488
943651577607510954798327225529
958200970656120117044655604667
874056528205043718643928132437
230107207774614140665188441584
402343234999429346925967699253
913326021648788497868190902891
696294721421344648229109273748
639509526443258291588920727017
893234429762372112095665306667
241338060903892914481599088697
205264124208447577093679448645
534221393057838013649874910707
994719299085368575797875014402
961779035916120897907306359470
83042703078369472692689612351
66119717479571460732049714861
594108580629463312195371669671
298637668859173424716726256830
892377924767202446096568344519
812363966107237370569998651412
735421509420737285646931872911
961759809187983728986770137813
157035977268254736180685835576
890582491756808921639377050169
499618653961845423852710041739
778740365119108801234168422909
793882892048094645422704521594
120987964098557433357550593035
289087844125173774712919309162
528744712939190967861636190172
751950344354952464175268410366
767804252141054609838489311739
464553030854554586875527808700
495608071088190018570701722664
506764158974130137444206375935
859541725430146878673091133190
852545970855368655881666707893
756619719594667624533494134984
656666810132160955386590338376
846370446495613720345081026193
74319721012051228723289955894
704825950162888327937752865476
603658767106012128109993672929
198286215266354372231741896749
659717774862898703196100663363
770475299302513048487175948689
939140476286478231792510559714
828960430286935569005662221280
479847866533768471932510239551
458454191767919430354166861181
990222719049862342262539908169
965367136171445709023352338919
423358278563706333517591484505
126274547529987871087755088707
885461520921700279980278896098
43324744561720724646715714553
962574609772608514057424671520
726297298557701784310648869280
826048823306106692492385284433
762907433726803064982371142792
195893978332310845407470527469
678874057521344861852102034930
775026462148671590332745176940
71541164804979274192307248674
93279808671542104119234253924
880333611220834987564416187076
636905168834780020230351053338
700433047035018073662228882282
216612565644669668301304765260
462295623985779841353081780397
596497339528492943769526664588
294977867720649095663973379057
281143834577474713451843090477
690957513932059770750827587709
407318043925126984964791059788
887437546107265392137751850104
3132169437229435675907329814
730173287359816053975131911497
930760247706662149399131286922
208878563302091597301960670540
787077809587286558427973367755
740801089649646326210687580285
687315635091581262728906433208
348160527178421954938983722511
224661431519012030548707718596
448223335604280475041138919881
127199807141213983499911827768
465372349131328205997951436829
575419837410093503243938153208
531759953309326910726720073126
984105038576445743131845435672
717230405035928884006478836935
841880991333009883518224369168
403094806390511543907856587360
341058514515014134762111885463
461468141890549606939555316679
537826937713870679228862781634
989137017484282038313940357526
856466359124427351321900088945
881371894391607984180532018467
565011480962010055328649113218
73823079591548009607779911115
493756951399823275489336669985
469939695541302587575863391204
574414807226190796615750311975
339079618146666904525439217690
66603263532015955973812628224
451188171558438227865491378425
65794420001175096639102779570
885777769885372234110792626644
950847708262255629694870503490
13252855858469696837862951960
778130077386190888558078725169
665137930987023158799006926242
816210537522448869654686350600
811302871897409841912799004225
290970153458870349739677739016
59967283540551342551158319547
562761583819410809226789973028
40559969684163079359882620590
794224598376114146655768028843
735302603380396957132072779746
160975399592862391912786661418
293384921902185663959606895855
741723437929384141499675598450
907831936097190348597481861550
113714856839943656511812576667
593865016393523565271217922662
106138980855668568001146817312
423046073730732947393966704949
748880133194513830709210631715
553780259346048637956276457323
299628409099187661585780102571
357166221420700827064186096639
350791859189757945882933435327
282231331595456662964664174205
136846634827503557560415344271
212003707119962797014355314030
827854436999961767516361796651
192603460895730776071002085945
234343333902900880774773732438
82605554488762187595612599956
529945430217003951578854687621
206837758162717650616963777547
457177880120568832185452790754
120037125755443152225211381156
551992981149407581628457257558
393535866421524034256348481797
545965610048230676203588600662
96584529440270813052808903782
482930558128672204076059736633
156722073008034143542543031206
70840273533622251837285626590
935400920888232569759891850462
141726447232102504640423880810
194896346551846695414402689248
110907174504305415606417235147
322809637911184546576527518358
789776053662180647085895724106
107494991478242358816279505751
274310418408003781180844991710
325011473035194407673958418327
508941497134506047873118669260
444393937806613748782716377595
131838494005549427038299309226
637300108234510744723099935126
793140253494471977402466408592
556777008581772333542506336534
916203463993014063605305565673
917260350593486252025418652427
41163084886924011308440569242
895332060977996625484955231583
57114300666940987324325739322
492111438764083389651466379637
844201819480228276190307360153
739798681889624313239294831814
765244563351139427999596540134
837653529794769372564814893018
297242210053197482964753661917
838932338217127615020245228393
662714027941400738108766406926
142799075941830539542240254717
496217867849212280121678654804
64836961991179657421134583668
970330439374435086134005788256
805565220637949329750973662041
913081115334266168867961650518
424285094657134575533098060267
103508665351821922979602290941
669011316526291455754609035189
295273121923134176058635509013
785117967122249371940657694265
848594326450174112902477643568
983245379719644170697529765060
872311884454431963885426496846
611835129454743204897093762943
317852002310871715287357721707
720874396060847249502439905437
678958341587869726954611562300
98755461273006396801986843916
313968734096555436031202725272
62132735105696424544934157151
55165503587963817212121398911
10000905826253099009746193888
730231964214581098450636246606
899281991049118587458443201200
243549970167558061210660244560
530918666237370013339371953740
998663120658519565118653655017
903390279368907189693553029237
160937589451229469869463973519
19997531755470210057014455439
10422961937648355462969596142
575284933533931526506157533898
144036182940062775751343889089
715798013483735757057506227378
763429073559805195789703272561
325365961393824670016083966917
304273575904074752546780558671
479250804727583489596295052691
373581671197918742260049397131
186898390128822110668713451690
916778275738347732249273822714
382381801649142867930344969882
522942260917054312665472652274
168135726044680170820243261255
17724773146218323847257049101
117441499494969230381128043474
508291993386223446660033374220
42304834649036133819099646682
948710990517026442170490779449
389784608230326558752693129220
375943261349528166592592718943
176159343285653285968360876472
53439012893163667460410188352
683627307630449232579457121633
904546259964502476616601900868
861836155819755144329688247835
224599855756120362772833403667
387425408627536715255825557662
480862442815005772877322705451
667931992056514272113542707844
227828027610702911238247712414
136763780070409444617877854554
989699769333544580671705820208
836206653602873644583994038731
480990634737620810579498880589
293331606528446602530061595896
225543703430390853848909613829
962896476813262210735623872078
398151003600015436652368637423
964603416450564590753769302771
875007351081113273230570502821
535495390778938154649972467095
510309901418314920582373169253
238841414054813551616399391601
829038347274209883954239667826
524659434495630774067744163955
227036609165308708435647041074
449360510579132579245467901975
660836493498687233210388882301
346981411883062172647065135026
815154616995942222308115347792
46742709738095305777196789241
242862532831437764988907500419
11829678514675645735241605324
646568202364549683600722204516
300288712342737998104785755442
716147554177788066071657391442
210697081294492503687368112232
480263895935213500250746576720
247389773821834674686832910470
147768902429725602956975429058
478737460128015236222017679330
803109269604159663867898888339
881062344761268508926039571580
237271345520626009224504067488
291621995363279524920092648806
761360469042603940711103564700
513777003093270452481231247461
643051102322030799520647662884
542286414962701374494997299605
501755069423699332071429666962
774215993380740976742582214482
525713567474050370109032630791
188843506664963957059656087489
405279319767670777521928510370
352448556216926081211878961884
49304758775314895313934009294
450356925932217706147145347665
198542276588866575441003823361
176776398417657185368115284342
299385239875965217146921562991
674134093981092175442133035031
739931699550477863330150020949
52120720585032012256376755987
918529423861468716844363589277
21261035775132079041625359964
556297418806623370670627850423
651869798703912850706502197077
371837054964485942009209828140
910247981541921131568395176370
467932205094819005412848682983
620459015323526269283764483439
980233906084151447348265340375
5141101342887772810162129338
396054607462699389888318881868
552693091868980679063556089887
300288647346939805572742288732
6450726504932448894287005207
915176423254397044695102058263
545182261982727933714589096797
646257734102796947681331271294
821891830232351621057524163200
405092589118939883027048398527
471598157722408108506020326522
561490593599832937700008863053
837946371546327364709957680362
764944475505843974707452947378
764023966752704649668096139557
508361434843877477928292182913
696611368709744534516823714966
800605637584920686585997008312
998530912631332401881399031705
717902139820645149630696772472
834473295381800791328066348000
310218185085543615423073382673
992164086468219698908309184390
998091667527793065027147550792
242891908059186982076779831512
421308994376949268459338102916
186745316871151956868424968840
725789335744153314353157174197
867078630764439412595088641983
906705583338311290741903987652
353494801207633708437011411031
196020167832770257045747701224
679780033324466226315810715904
794572870719566639598263147851
768423192887487802573740609721
404219901372667957658244828705
312533363570698173817445695917
640816784557067318476507207377
258654118183768939037563740690
864440615978488876135461135969
828048133101873084326071943988
788813382144596978903927319235
481664903691448995679678307926
501202292772015231078913707849
339717555619115557098349113568
375047879427593296519346787457
862499180503015762823257137289
962789138411788080533982372790
292678967222879722707377142575
353077589081695506147161416312
538833911110571133357266980325
358765096103425197369253005260
79759133945859024491970876812
296492588319352320182848861399
938055677329224187238991233542
632283478860345079888631426034
95667173048811987505643280320
688571076144808944272433887657
758440878210780286182687079081
682444414216206871170434260914
698013076412585562856757822265
941482762988964564300786194783
109062118687214522672472376021
146563006903476296091023536464
853340993053884293779853528814
419489054049694222364555050337
166648044129241934204624382521
842114185048603446444626925063
470129413055339660798983299046
712454884396724413817003256789
595559678512706179820449786868
602574574588005489248036917715
443002943381170301040171011384
131550316034105852696466405075
356827378921241180429775259146
885902729089477837224246433560
196897424541500816282920756449
722574854629282606686295799387
599292888142466166895131937423
460884438185233247683193163639
344685601507536222902533281742
579327073318932452773670097520
220771242803373969790089952179
465977395932890699692294131936
38624574023998636400577547648
936561788825784064268367429630
635049827759448659916585915281
281989398615867081795753528335
336534546057469358950647825412
335723701709855858561462105411
686332389050515865914728401932
472117820701321148771189994630
304739897922503442276673685001
547501948549375230146022607202
634206936174552549389891222247
401992642841792954311632871402
507790832765515020128707196743
915048011231870001543451071327
395952220859925664224478274436
385538493001578161877496661092
163895969338200749858389973078
838593352635964190025651445383
269627586739588220591086969942
331307284230825442151634000539
176041327366101950718142774747
934315471459694005346362830912
349429027912102800501551306393
985188933051065384196346200342
228878172008755228687845298782
453215151574881528646378887951
983267433602398705817280568756
389699937878247884878772080377
328712720217504041750031965504
218419667790129147605156199546
424973664137012152547170117250
586324492940972383811534631647
236173701713597230520301436071
275245244512032397720271929735
392072829166892886899524095775
870878177479038472295703248911
698021572533618271942339716228
199324234692324343838666323546
327534153223709983078817970244
391629763858709517374626471247
368255819005901197221130304720
950252647099437370826036928057
985665746452630215054666370683
940756707521810890788071087475
188679573197466327173037460105
124246936446655187104804413974
234451852119280522065791283381
129873842519974875839268692689
324570872431059706916363023254
33849039730412311284187927305
831997591952115669565621661193
861485277302876908553420876523
393986075276288958911888241836
761654618564720605195680965962
316373447386113348070825305507
463544523755219936587889531618
959902069717968382221252857585
726935489420090937934156944573
981383229047491568371624666018
106848796698684674461432250866
871197514899240034044297319542
628332263017253667313787464584
85777717746919836770486569070
65373806817280540399999781847
969444364077177799016080327500
357983870075169251965954650491
953591852502774193735981846303
411318614682701659095830000763
729656048665920468463697165077
531691351416754464365623096367
660365245184326450394428175811
814731960929913247773432751403
415106790160111246494405622240
505928272790564134913056875506
385030074819099747575632489712
509449009773610475734815651872
476207741622479314685118986075
747094514717761513804948423479
352193261705435674979819582084
149178035539541081335915619509
501203408468286993876047843166
102996985427964438940001960010
221999678960183459314762278318
575235586425352692303234083891
731856962276237888492541064889
483512848206894628823241531885
917808435112967431449306183940
259616237239023706243319451074
515051335782354077327497224054
494514105537532156026325507304
200177216627778271116836370017
614491688121726777504342757325
573983951447729591716768651945
138277926672118063829587534397
367918903398872362383926484664
922102348470641453134289376309
199989128615857895997886919268
361680127410866092900275045165
933069428938552965376547919142
488235946169856542724092065890
489081001578917982336730969685
170198833867927599999792837277
500703911836867467691870878114
927720668583789032761070418933
966081834017110297231272454309
718600204858843938104101997105
730302235139977246582905114320
67997993743919571962148846509
648384932344359380564306305402
652837193184735107000649814216
813778587861047751503762229189
680024666894286413578909334825
527927739163913819283403655767
412624035812656323946142529743
341909862749349253146665401743
673503914577228912465743890126
803773083443320980650306811825
504475610572092544665279873385
902094293566752300596246827016
40017520150670410062826806944
823629410725053957367203276351
216577417296812092980960503739
523963731758169186364222888768
939461919748127095102468805025
737371904311144956343687927179
287091228556691438804124243771
252724331627272098807921954994
108775850030035818107215301275
822297113539515850308152657936
614385943480596838829002914300
436810583568773323420540549941
214968099904488891975991643299
411065247359265129372473606828
557891745415512661916020709297
609219039078613625197791385753
633697948404679867862301002382
70835193660353502057258760571
158633307840250515226781097442
741677871580391929290139627340
797620047642367239258773710884
84519866769592583604814412290
591140886075736091074275420079
273846275043618621966250145745
997356084518914972690720340846
347230092204338272097654659822
253865346319403915033664514329
883014363661819096901143717138
313832948864540374059692493041
799885793882878193462504472984
57935498442502157245789483990
83226734114828704082433250297
670237667052572021780614899211
647097452408494726224635350689
205122856681325861049056206534
494193701335642216818443524078
508708199931850372169795189222
326121912222831318618540516212
164608951835502592099464671590
417840621511067462304557510225
397195963533109478315239613010
468147629621010857655775643326
158599542680005264800929110487
864898663890439563515415893838
438939876585907056704597576865
8392393538167851831858821127
118170627322482783085838275479
193270610327428486058084241273
339768788814149494728723629277
820782490139123254696826247358
395604785725587582747775276037
55605739924785252466407793765
376271501874123419805277854872
648541465115003212763266692506
955923908926179284651696384758
636926129918564368670655886633
673280627656083561532616579139
889401168965993142860738727681
503797736737444024836700950493
368220946730508466357673677129
788247687512566948179209730319
190153803426426592980164277540
256662282564697997357857024403
538414184763044957181356496206
279152260930612776758087187262
681910754113737845130841795567
4986513864863359724863621520
203574022816037524133738133710
994876186544291801702354754023
576147643596371996597461911139
605827364699944734875829856435
434942901548494163762378601749
106836018830242848527604779149
53975033065358511928415866584
585993745217260663508526919683
604202107633318715902711843738
499227467372633812519271263301
690069610971547151636324683855
708679215549941940061209921610
403054824115926496771045884776
824486070415048992989387589604
195502307021033468663661251945
192840194526746371584643601632
797635877100467990329573169407
347549125775698690303832028617
828211933144101181943406056377
991830053677428788541132189539
69515374762634914452274314659
754595652526878586189305039992
502180830019853750946114991483
541663891924949512492170993483
293509901991243651468491009587
268820367528057794324101240389
984063990722503599808327495804
384040956226089886607807731416
785845182362783824051213466609
180065219445395511509301005164
153602737041775140492462180463
425066308340303595041180336442
486883055383813416368063770247
23049877559986865234570670784
572609627374686776015906359879
237048926201076300231770604261
856250938185776995303836702207
635712964921315285803750226485
94790987561445846235911744137
652898949331211608283112723538
522559987123035363158795502544
216268856906786173276026402790
936353626627887489964940707205
298009108895774155417487849130
160077369722433761901502932887
202328850495556855205922069020
239448470689277083210441770545
4779792573043312664984225356
231694535376792346487710458470
877494441345434707371734988216
663204525467001625721824898723
334570084099923439389139461493
993591356525739739772143208831
440379490247212588773788990746
659995797244027493296399354258
27728786809786458930008820501
346568289934329015292035150883
19162449726781546957004344366
181260548021239642864577485136
870609158758028826814434606460
550636187441265427636128613061
989015715701224337224400227054
157116786589349891161672714448
501344828294107904090836075816
690910634825296754113243825068
999056371980542134549771345501
602392219228933983011958331888
86642691371855091829923504477
190827873271146135346108681811
861197831213117759907737431113
1538103098213179962615649357
911174352102206034429405403828
861134546092285443534255016857
758545180133453003855351486646
817598646113153934029395746703
839530410826631216558753047954
569044196445034380482200268039
517089772301652138359418254967
853322379850656027612455546970
965457955783016968432789065477
168244144430497399527216313479
23405354857752913695404278500
851801575757659055099109796724
264261783570904824630830006605
376939290702703987858452704943
368117676353665210524637260309
990255142197276521032107884833
58156637675727277210904536635
500058199364332823431120448816
510321785441326543953894442721
907711554136089686290386179865
691412646040512852715560835344
473212493085516300077011210425
941748957774173347660803470085
54064604707671730272273638151
155548891278197822323494586451
808368716816223762194149413849
279630823086858086770965593711
712807574577853620996631231557
369282666273257391281123511496
562821441935103997435290106523
496979961100613464088336628130
476656382556226285409245724154
619184751624553014656320386234
163293790712640053724133764243
187894805319638275110643321110
671881499487531852057776114494
809883486410055894505992085425
473289643179056957756088852784
412848947294001357502420129850
25529505280620877166524685899
974233857641970572880913319601
275842921841135574268736123048
471586232365520806106072604658
225846166415149400318924363646
371514577351214038137873960948
234871565469652446062582630034
827874658899247738736878454028
847629643994310553010350657833
234638247999594061182533119046
961351908037799075464571643958
313643775001464036043800060500
336963157138531005094399085783
889031142946541816900915747916
559374443438555813028369989758
611489291598320392949777395662
626595129914071642113880426653
570843410979423478490862950146
950296979893798955207694810717
559274052628551167773614684581
234382585999164974629880444676
14710298055176819673610055743
920213786633173982941258381291
980062442892018570043655759218
285160830842447423206293403656
782087981142455762260347480288
564380844218441079873078065862
167332680144383681137825284277
940862728041236275775410138285
921998937844602954414211520958
344571162838905646747504680071
61738154392919868856376615256
975159717516671205694777328290
866890154013853710977324505751
343223655029143649434617481877
115777061104503741685211903697
330388063996081727653546007193
889883359809281720840630005035
225526505262060288768454782902
42850642160944657841606782807
957602440901202952724876545933
378202943525638458649265915071
766225480517422426391990580160
272677664473498999615640910413
322969045115421756990243996094
289986679623563894852266786886
275422782851797298279252347883
295236083403905852191871531399
946912621465662009565345359125
184544718105927429299389327976
875399944200048953921860263849
962604119150162115398006740233
598197988147811274584786647791
470396653544061279695048436773
882498536031708710031159063590
836004741169508390955537768871
408836521373125728419280585019
481796923738669579051968319209
766723566895845813258952280961
243458138586509985905096939497
331879283352901192410063638495
182560832778830969985269855903
397636845403969341706644796832
447002147510463793684887591055
444028727867240099834800339011
567439738788822092383828722390
335477930120511220237068436512
422813314506762751137290389689
857726044573633821878611587216
140547265808711338660963129025
106736893800649528703288543083
814997339627028927862463621930
966049578386311074612991715977
559981975282949877389667912525
905978990280820724883565409875
615865414981119646837224530135
870711863134798466022821872903
637141198025163596422330583689
412510368952092772759472760067
277689825620779467408740631417
442387557505245816202448627372
153848490688097884375513819939
355729757909651400293119770318
578809184382919030190620678715
521594249056515270915944899128
315282144481063210400529964538
627793390767761986119342973418
629970824397530440081842886258
244916682423571882254703017445
617882314764679856521684026555
458758902913257126457646468880
583456141549174632728600691959
852473865621044740747114472420
619819083938710672747961560073
316650893012445602997202522046
832712177859679521589296110204
268354737041118048851750898549
576877620585910352989169106787
330152584150202035848149800794
424448202662735022717880104545
370363098681124659922822621509
938038522191111694600421575687
859918728392604924121954896195
699214671307649818476471547355
467557003558131522568584137791
618983776519107928686408353098
529756120676443091865343422923
840714779406695627468114434711
258525498212540035414331037836
781755529586052435123694512284
280790253428930995941961973759
701357709510470064619833352789
888048256315120797466752939265
960107537617671693582533891760
78877303630231072197417208984
945220761728169484434388724636
943418297810572180054614605375
443593634016104773739817663483
975374344658849568132874809251
984393012363930740571910007986
83850223267409621216684283860
458121239921680145469922242332
655451357747980508091567775659
351767932703684201461006045988
865174752790777305089139428484
531869921142987944054436715538
520752330544212017012475684861
792455121442640187487366466090
2301383018100238669444646395
144667321993222385873938157527
256809271520417191353231658045
857964338959120638725693917838
141425285176596480901588556225
625964831450683245958475498506
949858955015668951980633692982
371975352779931199400938515891
680494326826460972676302601526
370895066859606139683373844303
864089222025567921767383707280
878441893735526940568810710187
197193575251444824271127725687
63262395716103673472968685837
67714870420712473319670888066
146581891973130609106869437470
258494957709097868195616038356
714598886771928972756657389129
187872790350652599284448584459
123088296846595552165884583960
597095488309244232624205560783
318156901990748544996033220543
82731271783998293120544446626
166966206860514616763306316414
353766814648393944132689964808
891750766320333176842014988280
383998373123965520730519205628
957004107590034810696111964875
724464210731380297077378068636
830957780568397802931268536642
656609311978681213570783925949
992242489628426508555103357637
390343910860164974319753030121
242000013850548017920169221388
314437786027310687225939001812
630856937223098865002418648630
210274763618408630235453263521
902294795053726873857517234303
964584103448097270158065966389
599542743618176882822194029513
216430741779011350344283555119
898200615414992166428306043032
772219287002223686176902381170
368349737308068371469220287745
854642124173936041560696288504
469506821222850958090258736380
882243118594340125704813182752
893994783234847381034934226187
236095033023842571050555375385
419257850807135449609310833147
49104433952461578425346355231
765284051887812106711016000084
495088143448222139030198434239
207136338974991132220008023451
349970360282859370977052192640
109459878617217360077996088434
64488129443199788227284509242
497503847425350305341913878054
577229306558511278510518822035
167804469046703950699233715772
383360019511134485076774465535
530552378199333659179375983698
413486403171242878933877660450
560300662868392359415012916361
633288814414552412041398829199
548754062608845407374792132247
437092219075597520387223459382
561733076176566398983680370620
918366248964803922874300202247
298684921159936538538517532574
200257592424652890708267781722
550653487160187573153545746280
245669807986969220233194428152
531867486459220075721401202318
97235568040195975141802406531
972121943997809091231094814232
399192873847539366708701830339
446051419005394526719784401850
980083137571680950076914849916
507827635657373884662748430159
433156849692769123207813777786
2219538827538729931169857244
283567885977394947424725673800
863361186625965355803703892073
526851732931771896007936956025
247095631773824496323898983743
498917116044837576794610391587
418052620525332488448343415325
994136448462192599559391299899
558769519098128069394350999817
384564911669415379773071214430
909154516333783130133098842744
106678911918183435915719104232
493395376856159193435010235597
520882669805653874736976669128
357396704436103517171203612713
682947382744943979449876079742
351010925188831525491410736063
358219439281205937153032594434
267120140460111854254049836673
557771665073906933955637442818
96146928708107998179984841583
646806143364288983565089823393
519462243563050517591367845746
67961851568237740612104813044
297512734470585573420657231633
959554512760128586279830896031
697568667119699611076188683787
792549942465430502353404513555
886929905406915243583293457408
64218066143237247825344426403
15082480563266837160232423479
919835889404011793930071436838
366996110776721851665986398289
120126267839407748144413864815
119265682016741719514994092737
936830603538713256515189661663
934122197536047819292040773056
504895836405957409604193901710
505049626691958451340993035206
512322403873861345686651447511
869459559621595194527522708859
673102960755030031402572244039
271785111295784550948892327368
37252053516315912935954536134
148887284252037843179359411654
654863950037322186164401085995
225766998994972750625545514947
894863342553347636789632503309
873957802699391081296205111015
596190706279997741583199808940
913585900096791403788319631799
732955306243894033382519110460
989129192365740617712827158837
159577430433586419494761706783
2516694232258859126960988744
461585506224345203605912451161
808447897751685620393622237809
740286494411213508790062653377
986038528486414394873679287145
623054959809478156835797251122
939199603972578225974926596809
67598259903496317518482944934
277983561588523515744421506424
536994002815242122980206660202
232820369663721499047596583069
510684667260387826217893437447
209818356057397176251929105402
677066735041270348623296445904
941073134893828931811239099475
459982817967735257519588304090
67445567515227957575148527797
953436454839256464356798913420
102287888946596420197485126860
430742500879659608164785687866
968160609248021153472294657790
198168151488711252746757534253
480765297917581215307926794303
262083720046235618483249761823
239710345686741236581072863559
624571331643837557331572183103
802593789969351002501897247312
202336913345064697049391619950
73066217261164608931449597347
891139122359946422617154572055
369797230019512543765221059112
907463081358723894526418113616
973550597544132920802840941488
768405388885505326990953491013
321864973962739763239374256603
606380336770098139090252078586
870407632011750833008468556148
561438615803399953343889586747
106233618946624633489990453422
432939797534994969259737480198
756577882492126286488601566614
456961984345779967173654898982
802663159042978432340943580465
173355002812609476903781358835
733533655343817200766983059926
515244630683064754425192900382
911901038370751086428134899409
243875400944419936231090498441
304883938680231401346939895721
873213630804429455063947919616
968262166159849801685396594839
363484853341096137103576186069
690336237464178739603309067955
740919599029350342700559918829
834254181182128627924744780874
967472571999814988758061161205
69855640737168976443589043576
667726810587916642365018428378
77997289834392672691319386772
86453067453940046842824818388
98697518666980000919328090335
437390754985736286043637284945
535044780969177926151266792071
600677850781849645774526821628
508403724399707936344669738360
813336862536998265733716945109
992423984680853219593477929609
427733960063618494999778573909
245779597144097335339707048100
279295388626999133394629170995
701297757056197968128330047849
185184690153212154959185050454
135839907842794185962379103082
295702828420894382845341509296
480257543586089163862915033809
670682390164473464111751893632
231423096506783029937210580200
330253303802035832208464276500
929328982988949224642035529620
288466940410490657951647384430
847937557062962850137217423176
775311590187816917298202826723
349374555708237869243831126575
626369920629097715896742980611
796828434546485674074660217049
459543306425770103803949651436
663363209572392837257817320222
260843290720844202553598525229
337871237674590986929197211098
514382029360946360071016688624
415350926500130196004285062466
643908949974868039169510949107
267772275030262686098661491782
948949014289820376203076342628
404766212744378538241308972179
977510192573814730538205197266
888392976843323611176386355439
883174359163409584745909922563
757225461325401553410822943846
348685554302520172814264598506
855124078915056556671463010295
300503533510402841700326307990
738043520582642650785181730142
718136743813664273347366538509
437323295004854810074546647743
794697674373039794321808528048
386887729423154592740808999915
51887380350418540309086079894
307173667197442572054491836581
312312976826641117354623655693
727932028206722276808004756329
501341456282200239262235724500
854843635904698882178003189555
871366851592956713703465903486
576390604726991192176227225656
89148097041904919244268804568
837029087090843750966111274227
358789385104769012442269458701
74083965433608283709655789316
119056279538508764001036903002
336826202527381470355101419428
650741913844888256890149755839
482224330702031112016288080569
86325152027984472481407207148
635649511929966620016888919238
133279294340298714816122465669
777314618790886157466882240972
388592892603042627778955525056
342961539883525236295978456846
742825801486516208916806062949
28261024983365365707026427463
821166764924130054271575684937
858275732993971273864021520371
479176149724057459734609341248
839932326272970404684593129225
782488628532547342959988188633
612660556166514689124159044967
562752125996242588388858635397
923560301254982765652208032677
674835129080230961767867809025
688885343795042661875378343093
949649019671225671588447822236
376852462045358925792636538236
247893689498258055489249056428
384086942335512517737203505393
555029452600560082880804821648
7284331176333777786630478173
34737218388641576848879005019
820338250779756268022580007317
520034348906965952267671599185
68979345386802055994327075888
672773006139756724884390663451
851557668191835926604816457223
53543095260451388542214602222
857859566032137523217065682105
806172734558239586499191637064
870697839180839713342603963988
786289235288250969334247113072
212750729712868318054184918756
698209502420569701709436931470
597325619047728844756364453201
190893169116991955792611196917
648679920765804736882357053818
918952377034910866768228470913
336804287947249804517460059111
830889412659236708587345137502
308164683358719632553469318619
465840270076685762769452048752
982934927194818042050184405207
418504090409208928627967514818
30138480006935795355421598983
266328281267694236671290114546
134695534907505290792671987277
811850958515891393667680516428
301047354173930644535728037501
985277247910856718185037517527
104642551623269899480480828074
89148301415879478635897026928
539779039182107996978664130232
130042855909625698548520139550
978112094146000011155040023131
381018650178779134889343597496
202414547543845963625746251061
962401594368251521218034640459
976595779223701966827679669916
493436836248717123508214949452
71383612230629450387950679914
645138802738282266176120121135
443072083221120770604910261311
605943298279487365129669912565
534705149079983039713623860065
379454860201814861676798134963
953877740886105551603818130273
952720212274980403118106511715
566403609250455928254500107792
597381181658189198802195290577
774620726853876033004489033078
732410260776547641357952654264
824206405864459714661332772911
235776573211658432901955982703
330450533029776083653810300668
236286935832782597799944689678
271064360982984934260922431687
593617271181525107325968211291
891478536641930551212333119624
982705005426814103862803012112
877159991463114286084694503620
98452970061295394575816284936
680260292133576368604161118665
163634564169367073949671770391
892645452072713095921367350081
334455854376873771158736789610
178570788030584414376271717859
200540550390738866434061772629
75812899185005679768258460083
830474707821114691281885488998
292139500670785930523354907320
633771247632882455696796434957
335076585908652990946094139648
772447634096604024627350088445
916110486221727858904425682671
783269408991051431228124053872
187718480602181497071844174922
252600303238071378369586145367
596346406249405415409780564684
738430838872009182470425215368
756263555146978254449928763149
589651768505709512392220644151
446793799557870182419103235052
264011633908927207771788916485
850212298514663634877753386541
371988757540751009341230764449
862709700701462457670195258258
737131838652363991828463639710
565673895007597736999235946153
428684038314975070540378694399
446999422068765121913934929501
448755086906355993677498258353
776672768766587690677220486274
817469816594090534564950514228
302215911061176341357709004343
346608843211478844305682605136
787620164294072907063899780396
258712520558429491505861568185
809454064270292636746242836205
99536389088431462374948157855
473001767086202321837281693050
284187205923587528574451483687
591011959432187867729548494334
454595773964295622989666638598
557448298970469422340008003072
211670855296357731496174543376
696448606510549822527145362488
543653168936926163446303635034
442814230184958157713008683046
251338700248919376617105853017
225551716635292936562017791427
376434821001910644500044654181
52122939406886594997529423095
444687124153070935925794369724
268695033527880035165556722359
316673017223083446329033256454
793700810717808805203998941912
31741581749418347659713204582
937770299028289146943326274622
701069363099557262197006680899
341304753991317497045072467620
995766688811445604634294660163
758442183498305060464561562427
486098781562879892180869602736
675643240603270645747790777202
117990187588690557237250796688
492718145568636664360668333308
75365951101860434407225693834
295811356759581402926456441950
544325788954597451576079045998
451887853779706305329169423324
967809584240954247282913656381
515168440757200872750704750238
497301622485668098094790811848
597588868471378185262071325284
911625232801156810825936033411
801349681777600366631029031744
795786545760897387986767824656
987259110763900266554898896101
201410539546806206475988702797
557703964020424680391913146541
304531104826911377014565332026
523586237569838448430971692007
48805573588043622170907659474
357021724713343476290581549750
537804891306384342796348284441
119837484175641498627488689699
531915066436896757291733525863
444230552562938275597543029366
263465393828334747872739481117
238489773595984046142547247020
121015039801824180313057858345
98204556100333152550516052396
129673119968313765467898621112
554862994128534410571335368221
705558223992529948260371058253
699901188017695438392772140217
653420912741015562208928407815
126468884670836373272662154911
510201020820880485773536806662
815952460243549405703353273027
640871570537987924686891525659
65691291514580915983902344032
661716114563672061378652250282
955385532532539316757587668069
797169615804273174869632954328
748464239973768636256097306087
49923369905526305111166338663
631383139899920744505687310406
243028264584309787433507831129
85912888589270351287198533306
843239010444339010417919307454
677690949701507450578991067295
629262066588285381524676682634
505942322956582302970374963529
834558503573853193008419371769
413035760208826940021499839463
813077368935297703632408174012
400208477103545643422349136192
276958067406554853225770710565
136388934053711627583151893332
839525410178635237316208151283
283839919109237224497502638004
531431067068735647919261925482
792074755735697582268622919908
203751393409439824717786758747
196990556904860376281628252873
197084854400747493517087643555
361180581476637217408132857812
826207277325534675460370346672
411619732611508060764665105318
987057198234008259113124578982
263706904561034642566413935863
371118184222745451582908059780
589399170781677172538010153936
33995816578942982873337978821
408939726622364653555866382411
745426211841241820530048402260
516106919216926224459877011883
240566015468886106516122423196
348422500388500667042403681308
879354807596988029163524072227
431057256278408592972384886423
349586799271902278958505776550
916446059826786786813405341710
886726263872354587523613108016
100462406342311025426971363057
49412995713877747624994450663
852696195934278962130004402398
651810502981425799060809948084
296757425623811548349122942138
844803687190183621957482520218
289369031461196322818715644421
101186111734626554243777868501
938530999757078235531699927672
623830100725829966501700225654
890219046178408276138907863403
78243241771215527535391764598
403798484288911421181743856049
944305794103440861023401754162
728038000758637509648025314971
908024696889794027431172773960
443931247356349290519133881542
49917757061068377802654830916
18165262407355849077004102339
659726790981800466394273871667
639004490917221445079311842037
397797307536850463358171852820
709780158905518225584689098283
170530895359912621788048148285
539725707638082849121619694977
881078859679647042363366425351
217482706556951710444184562180
576116356365641107229232898306
24178301455723793890216483438
584446788331349746324467630075
773021361454951236296582529712
344775246155194186475372170182
303456995023477475751736644708
264298913388203318901937692646
527874441191999686337940411394
616223445893305862152347976476
410985167135352536386103131658
686344909080481021221374957528
148433365296497103468962513154
875180605701617490286586954314
189287517132919341077988847436
492262734599533421416586624834
998417240366072319113736915575
665164400840337704923278358629
377634141005638742780966534890
896671236352721988538053221324
37970051407119609114645479854
460744772270695936442765644176
180588787085469179410568405112
842779861406664857647847430090
616695475249040797945113589411
537904644584093400293213406780
499558196885642351244932106364
337054134669752407916879410281
689849314847035189972979832021
721989682863478420306835456075
807400148398598847233280660865
426045028800240006751979167540
359157240089596208096995654295
922101569052057186645108068363
161086141637566715985312282546
819483456858951662539243835614
480172036112273125656119481289
204695874223202345088995533391
905757868109185505252779970921
72559152464338638021170358026
880529949390910474611690506028
747899833729407403144929516659
632843120497123497945896321684
972121817086153048607763102708
584565861989878541296210238341
469605683432841256286860976611
360829257649148723623450025960
823972801671269799669524075837
93220298692083050704581048122
313986736403487907911093321371
421306127065361548948883708971
821650574333145603249966324580
238639681866134765960934304674
235222533674642248451928987190
176424932443121918978020910589
851979320870757008321011965506
21322070504918028524005300429
244187869340129353095994470874
767099011534909373225967367830
577585046912653330027405825406
849931781009036576527165302852
78985098571807680616097811551
873127925533280199679917194629
287204105908539582503718559203
541505008844666419590268035656
171903821977123559494354117596
793082603602536345249261498751
947472331829916434541125438147
168479616609505791850250826174
864569813388088368183105076614
916581695649157316912645090639
678963680557496312639628609609
522082348457140193982597278711
514038694829900314991946008170
151822267817884993147645564308
506861046907309759534585205124
726708413472131334445584761513
953242281384951200054130575539
543501076591341811861574663625
294837834661164142800019400554
494838931374191144107195663979
209499382142159929043901437213
620472891914920729047296725488
685680112675470128867188216236
477641665158454458963250603898
655187085421494781406742703347
473923455292060509628286801293
592598056405021156241806071623
826519200767940922757791925578
671867523085607868471850202404
90983475914920008982300265517
568853300837035574711809895833
428058632188863424856594284057
728934282842479448909298863665
390342807106945746321933629034
783014034863288982224289822969
417826684396235137224373972190
729417268187551076455743218625
185221670713053140471858418918
472986277568754999753259925208
464364425863129297661841858950
86791956214027648292989325729
235647545443655027578240743087
520725167443709181036297759259
35115568915992373604398516059
134172936502490651360829733973
319633471950527164736661853987
462913268145290582991750933717
231352099310284032640225682208
525786769411562380044039354136
270226615157803287444521795032
600962313562826247797228064190
240492944959325832933587612254
830293295852153431356966681497
496159754017610302058168609534
189175058511895925875587751349
807533216826293143471113790771
216863803113639073319675252820
103531208504285740618058974303
813008894351927086442994642780
690355512816400330198074516316
60275729950422197372740668185
198978412910966934660554181885
165393555475390664429681332956
608749091802592995578089620823
863453863466652141876183948714
815957918081317236212080011148
725903691679362844298966650255
996050565697719528182219617552
23309096530229701323413881352
220260950104900995294499739762
192511907747616238302256322055
411243794070263914464683585746
238239294562988046941255923031
190710913734611322249854131869
456077069338078651487509560738
436333051037910160527749760809
924913584211404236083831522084
159490511031320070617681906562
950245321839708697557093395836
745917384129742534160989260023
954835031089502136413386240647
398855967772738431132134840414
421910066647638168898502635261
564686466249023102819597509535
375026097130339846163561910353
942320396721752803314593084608
200694947918610408384274423597
588073779028849137747010152390
561593162386574798518940546288
814061851964458151567947749674
326666393810738336433548933551
783283093508907188412501639211
223957407504970882111391035281
76645824714724954075989404427
965150958146001752207132591597
651742338268509881089102914015
23374940835363216499326922727
608292155649895765853771274615
541701802181603554843352213606
82105657245754085190750078234
288847796908631922526741264954
340539416999857999863527897605
411259540963065055061916538058
969617200871587374443099330023
940558844602918257250587825165
169985775545768328077843552143
936816682445518759554234670999
683387189105486122738845437339
777205274980604887450742184184
223216035707270370180268412450
499437673446937869567697151817
720824842255549321278883078618
583529384576155886893398106335
296037213369831674110435161331
74643447176705746326447696129
761501378980217275905034343041
137164286403889157265025711457
806919218552470840843367953770
586520697727887197379281762355
192961936249513325806836049727
216658726348861245147137976260
667045260439918442180082858457
162484323486130362895381756122
501981881250375750087705629404
391283506108627020877598269952
30611686327159731688449815496
231240615500736991552462182109
592298592507068638202096807140
147469973482534497764450846326
667670530845892823117233794019
926132826263161866415468710737
104388212528927854890145304645
529731215274884764769427227193
369589872386957700960466003954
895453790308361548889087781381
809823434889428809424678769939
136086222013517062397683998547
950648020736730171765059549447
344484235565753045045471594518
84685240726623832137614220343
628126423366322451305011943636
61014441243123636978893167228
458302307630916372480358277134
79526699052516848940077809600
567463338492906974335798725445
719133230607376928199287689146
153201650920948923887765675942
331393646816511048702212814113
250330883753205842182763663730
936033415576652273920411716609
843593706665760538363493690028
274127100080721409076377743069
561519525828618250300243921286
727286427798465014094220543922
818665642528247640690220864406
972771071090173865872557629281
747938358948864950752437883968
655630091566458017083383715089
115047836803246858332774230039
394779336460622650871450190348
210022487099534384218566928390
696998048171950332530696758254
938721400243866172336523072541
780298357243348817922972223619
598779710649315544801199616893
96023054718660909330251906618
679722504086253569880344560580
506375195228557818387867133703
454409911604362258202831400743
523534065204968310844377928333
129064157238708019556303879365
129998569930203626262231396338
93125061469340028432249713476
164597200571470867443856887740
754440293306880531043095250016
940061229289494467732554223449
316474078528038745874401482209
231517939856828893536037502398
295184296599079704483802125264
369071955547448885704535722963
371888418396370117394487723325
491581511326300230307722039168
630487594624265853223258250096
267113216633107294394131371457
376948428684049392587267821463
680249549207086704492644086605
70623698933411117431771842012
738264769623926243394507138914
841997478725614518571624731160
890647966479852028746731796504
653684609564922798697626498047
598954098049701795069224014708
259904543787784058140443349155
121809738764705917166847447650
500660782291004584481009201219
820293956780133065076627836865
87359777802671096667079829957
573452884725725793536775706641
935450474862848741944406139601
195417978461214487114423027388
950234464330199457227444471688
436655368927262744475802540676
362404276982048214171417545572
923460500267517445811390489976
511743443106387151416879994159
320788891923577747122051458214
582369516743348386217169614753
947902896340592008708856932079
49137441419605800164430582356
417466502850420820169350614498
209953559510124270071149183069
584373452936748403014394642042
570777899075106700600593052085
465238710496218530049679659997
589366993693953283359441432324
618417265519167092293294472508
750188377461037373611676588060
936168758677955883609075508313
16320218025756965477429473042
151946248269299717283543195463
476298820688114595737364564380
726310315780654233939944543539
397292911893398247731483115835
916908657991251739063701961645
182825802196991087701294672389
301504131112782145774294437885
57933576438465507996499386951
709508898567489089466306161642
292841400665174449373911647227
888553169929035245321081416694
725159104782973488982835079982
11543467199712903265395532105
170284928022503286089444772378
875215407676406998259830488788
811071702550425216804380269213
742150157758763422940317334982
580086866066029333468196498280
237554504340482219911854540451
889807307765225190518813515130
560060195669704711458925109240
869800599308254925741073238270
789100633575974323749638867854
283904750172119520240131899843
159004740610330468266604046727
202783238555703711282839375949
585190436221032698291907273492
767366449171926363556733618584
981418353829400628721466839502
299932891960868241918503011302
949670932014647338723454374830
920742304847162661072989986679
228901347489560199562478188440
281126399745749717623322182279
764876756739508706167604190189
519363089976975741830947643898
288604918417641541745667715167
319798045175480667382229243014
775830993742096158359782454248
226143330671839321810822252691
630825039003770819341695239915
876774783174611369642296932845
185448948566409031589806361659
22294755316890316649316086018
123860553011366935568824079611
549084240379798582941647151434
607294867258957605646433337156
830074726136447248394326262385
81500044022661193441262733057
210382718688636180712553354893
304029497458923333347909312805
3102558733592214837617256845
766965665878241269415562461123
515004654370727850831733187371
821258401026376813826820908533
562805896853717263021337153013
160348315629968689469378422502
221712069857211431397173689097
468114843682656776027512982907
522089311910920059756920374370
517972080793677821900026435386
650717572391947111571512512855
365836964955802534902139556340
751067227278811239549626641536
316913223637340422320110950610
905660712215132362937946151025
29765514348057784754552812574
497114918883628574724537977006
178313209174727111349677985365
287442999053994879554459406647
887257015205923261836339932929
988059293099705020159180320161
603717315841649668545275097957
903469498958750218618483671512
616379244619928722633049375858
202464015009876941756854071983
337048455578757193310658523049
568311714875824468708224604788
710944985993360504941407486050
438540494965710778537303388009
97404650581475001246102496560
483849929039077727256708826067
438666622868094926901713813498
701231160907314097143417961722
381071008105788179751011257225
911715257029591811218525152861
416226459519491905693946851081
46191259530518062382447571193
651082654230286936626744913979
118941394692387708976564322597
110510129137226613554931954527
451286834193938864484511271955
718892357737075739696052204018
35799288095982061904776590706
492451748412587853452656538727
280945769833726405110992769147
239743342516264477315486432698
621332935041766826601194896028
974111176125717122954480372755
251106729047929146192088266888
773486639828292769135434395950
273616580231695744891311004472
644668339191316535520786348544
969191259355730543581774847495
829140116773542626951089880812
660840841440855166699319778644
3575368036699835200423555196
615264489311296656706591398921
705708385852188191272875437378
552869406005120624856800908431
284397648740792227405735133891
855350702188973749163060891952
234924078269056363334323360371
340751776470006215393842607448
214531455011233357806066784362
615708651571513356068245756372
635069178200733110541719175701
410381802481140109831717122622
351101542927956594801416996633
868108404799493389454368398723
521031659209852232568711675733
635918829254009502052617701642
135033287989503438168637455783
47373841570428809018621191013
995104056747197207773455996267
673479996633697997726327173002
696950150688607040331934790234
970389956195424319125341155535
578639296898244998530690779756
88025146631186552968061828505
994186363868475849745069274980
478496697329587510805459069470
313729358118181826895951507955
995909936189386511048038379563
157553138402292171065997479892
273795843566070021561316567710
961093012765012165933306933076
999101318632208254182331580729
593440009648034432271491056663
538107890500117944149548648452
769870816757582204629979269568
269828519847472935229606555801
410047007285280298765387663220
11138176522679154184357865535
718782814914821877348689666635
472282204868445191691752541676
492279068824695972187923095602
382686441350667596220325489175
219469631171455538601661934990
767769734184256282997703837216
414871414235900635100874400818
295954182167678855943864465593
421980951376485379997010973799
87306167866351854095794670512
877111110225316124607206755544
373151874748055706715618435501
995504970900363869141089648667
316870793649610040409767684966
451170297274018403721720365845
669870856208754638056792115889
759217653827513962514739100960
816880508690639027260930557936
679289692052979099398019197347
310346690977126326286599198535
606090831783415282148770651038
433137926035514519016569737106
249242533922989853752397917614
87409954917025417630656272067
115177384547573578653805852925
269032986715057733905201940798
346241002869460952183470716034
704700396629628763287844286325
887963439420201064130606403729
223642229992094026511650012107
913280316061849394020042675326
179551048551867485673602511605
73689241818113063114435160899
311901081258230858407431476331
514892171796310277186940336954
477065517822811721373212656121
146567191217681584887830763808
421289852678578500581794464615
951688506633532937384408267966
323360849862057150686515005482
718770859742290466729719574959
945738225203309016387314562477
514214143032471717527981262081
998464835154140821861533880536
415708223377552632562164727181
399500886276758183870353394351
125629264408071570422008302827
563037998291666103340314756177
712620239141645058523535463248
425391919113932275866742499654
508782260095092900420862671558
25259100817040680990804135820
361129309020496746042915197910
131076836957929202205643236272
816572215600741957016999638404
551719508697244555711842861547
564552053695988372812420910384
238182539684980507341715855107
153923395568043216511982306755
490663849560327930579414652574
82878701845390741253679337243
83505809197009951380563428528
47469332651420568608839105245
2043380356111162516574711398
72795148639118802604243243635
883439843147215218964683154347
998341296279172958188413635052
106132071234492523498468536410
353811060170295709967596390212
741053542222549444055042471772
377893404889628834953113775403
695058417563847487630558914040
25998814456560368357923490267
325120052234403998026130793714
812443365738096085966121902984
383476189561183019065613860453
925809094547985511908508745449
70466363501103520799760873958
865833088144460627686983502492
502029728418677620789082026827
484195839106682521690581925548
40228317985647516786409534189
704741122611755732265266212377
868679081101681406449713614396
592344628400562742562289924484
713743295067802595325123451521
822390613397653981257656159333
489071343688159288528708183836
954926702684408722772744097252
416012781204420870609907200788
801322395178694160654067192899
97323836484451133145991703066
299710327797661889130173015293
128979314736842761048485003465
551212705336562407363747754137
506498975515488005351131531478
340678236889047719171711228559
845395688355141899185718279066
632520428877380020546446418640
289901911651173951721320488569
936232593984779018678661868228
226488332215218509458252334598
965614665128129346017207048573
254383537809422626686203915765
860832030497849182961362886688
317978081543747262445597169929
538556998778837245458695067009
885679088058904607901279774419
731670334422849875292453945050
638417411757725229622670579210
741909303328215886099295745800
296818968235633789757456738245
307451720532149543357387324677
439305531149464011958401866754
410472828032904758082845449840
522689874089712920274863236379
52259887028315030060290722124
824502910796683444795738874758
509322037750106787000862095363
353708161166863008562285331492
271132426004389671055877297585
603534179941091823936702081417
732022676646393736957778980919
565210322105235075566395869706
502295675685712402527512113139
355469649597223361817509873479
689939573493193529641022533359
515727495850199889324849417866
887103122540501179223958492047
843946177763982368555547704248
966031467326400183826893834836
64060893532957569524525918723
304629758862484243905291203269
161783465902426854483401618411
9836853892446698883174838267
650912067888830447653751734355
631289937627127247416997159350
221373854183699570168677647856
752901412524356499741413887019
154594273411096445607478604146
1582038297455616569313441348
91758289081599157273039105317
272151252670210566523539015813
364659745104648439183500155729
805038043933928552758013313432
129616842006841785169228988359
859164978137042844187342034250
59047390470532591532685115828
743927686424432645294332899948
387206670408785296439026944001
248660034929176295618674000874
199332326851452190645684135039
628411423242997712781300710587
760398060665558398006954243065
3542510766326017428086329500
689739587514478363664192096232
632250470570249793674504283792
396716254336980532542748802212
520358284534026338098462793033
437147285188322625072123190434
277443395782025197277122238707
644326652796246719812866717581
913658669002562607271502147560
406241279852002383310699048884
375468596987705300371612737897
423502944900444539651054523913
274696434675454020808268210441
418387271539666154064421493397
917981815275773142620566837111
304446904937954551368437507920
493918676732610233272486770180
6510165935554918036953893020
180479704343731613304331271570
234124914583043207254833281265
215343627090971134340395575001
643384701769898692304552511308
224702052274583149074890921
632053501913250782913853731818
732865946869003282592077521852
663250072700721306281531547418
111559244671840855848361139505
790993151653882595878298496516
977720159280895554329656992500
713921319187467300919819500813
462156561105905949227687755784
826142707864242252587840543145
289343597894034267475119211247
389400635328157974160871694097
984628312345572205802380923422
254941621899101842212870709124
93819165509844617524984411372
104962455994146720182590612144
905239149296450212514464045717
631247003555774218115068924968
52058993844770325456838126826
664516619005909455338788669705
462182095991381280155529579845
221532702531816397627087196523
181973094803239577954602062271
492226683600979051016522705254
577611532110448922658678513434
202641112069362342746010702759
941399844464710212693410190733
299474405758323795951104343852
928716566994207498125204009441
401598401399705703349798244646
531148001563468202716392751867
90370149285113228686850723691
835608461098062068508923371216
204602513005028146759864721949
338377719480479152144305003131
819832263147667501052324413423
189056055729388861736033216473
279443518295058189478188325958
6252863407525782848798863879
698618869822167294206658583557
891268547032285527903273502100
186395016521053260092256785215
171255054063333832261544577961
439574751689024508794549135168
830211184469128805779182205191
481262147253237095918118718736
603434449766941362961082056799
555263603304877378251572176304
761741339441580114164420897421
88106179889838571713768556542
265805966791630260163781430138
632200423195487136415414926519
488626506003342083610235742338
682152856009759234688649170294
242759920199402209896918919505
469755047691347537248417685035
951712598243478569014651021943
172180199648364692317858909844
262601062067548288020239095108
151960488635650201219544914338
171524098297602781882845523512
874585773213707871473077047703
156939456202610120328781128531
417203036746010650024844479773
954803207072633139645670347808
582581427436246220984141656144
262662389103589894751148844059
501291993595385364300761814205
161364653388317725717697077800
616089453520711445639833410214
934072933703518706637204830713
106325819756908737304059027923
270350355898142766581077562284
79378758572208943947617342580
647803029939618037583237518826
431795411201165716360498563498
155866191276849621132378575634
483601386405277656334701747633
921282202955076572048574027115
148209770263433490159798879321
366721096667832339697716481921
871152013374694989430266872723
311182991298716142971237102731
45846904702969824400389240026
108282263230270550007171611144
456465092603639071790958994785
827663419222939014320727988129
425346112384626027321902255760
255758105150961586079980126422
450469997743719245098503399097
767665779666313645294742275295
695659376798576671562661632423
714487155095451554084041981198
373413348375599918937200982916
805597601163996852439625512768
554157358406214398764382308706
683119850204636539039564535994
962397502742531867805372798363
328191589475164699782685578648
226523443873462934269782818470
880340321429544294715150856325
495326541074294669352851161702
142133348274533547385299195813
610620904911818046675537679778
726711768832471136929821061376
205210766205967140789852023361
9444876607965755940104005300
771656923360408684686033874458
961227568277844091442205456580
750803623728127095230786706443
501161407064573753453794295126
521104153071587424167167477827
315499817890738542393467811383
137643803211097671531063315199
399244065513523279789403587035
998587365352179918745127116018
438439162913773993582924297453
540015128308499497821832910697
139512797281113847795415320361
811402692472276933341608476881
350789186226436185400258291310
941808575340739730990226317242
149530168536581415666335697808
182046453887287442677306589638
783971025461808100178300327201
895154880040688054303358494533
300520066658184494108805935128
941536540365358280290246254506
753363035761667576803308321984
949223310169126974740397727870
247063901725179304703362529776
859972724380123938000530871941
205507882076386469391420463701
23465143401431785163500884076
924986621151485042416001792133
823602313682231930734129228543
66586548909792114043131430879
99689693521424780162780667364
694565898167875823742247788710
305993893348015605765671650482
269239583040657984191423508342
707441032904488146189779403812
611712487134272635791915094840
588103078772957872759414398151
52857532197682790671364650826
708864336044743831676031026276
127275071194130612362543451567
701915216683405372748616497042
344341380518506446035847126660
801275412818951125656846883161
56053105171683258339047589840
23788451466817572889544590998
819741448461727685250656113759
714592614859269295763676646448
227447982621570766479552293530
781322741831709034777119922751
966402805785661523982667540814
25712038064598106511020071152
822616306372017798258631660280
608256532934766438187427271322
823903325258916731147463855534
128879097501891174902551983284
980975853216305503480683918462
809947636838742844823803297994
145080095047743708820557418200
733889547912310426549078853305
456346566499440463641206432927
658187094920974247357624104560
562957208186506282178084633898
51421236938785172389645195904
460864548433178147539055839406
443731481527466450170230145514
820667338697930013072912714961
784942598788809911776489981604
439783492335490326576888454088
109089155123289623862936278505
379518191724321574359779373629
569772385042304916307045391120
405472608015661870848825314067
332266391830689888849771128566
622975105146048771931864549047
404863795922760082332364860568
896060670023704194214128233122
89695260994945930681690251754
833511668452959185533962408368
269544931263087379722293524477
721342977756346205002806565233
910077391545624489234479805880
242047877788606442502065454023
164199063046421540481875940541
7165231468367186785961675429
118171593418717650558967368284
519273750425519174282459160309
400171037842215691958120747898
405818186904217627988483982334
971670349483012024696041325112
619176729453146437820749261532
267445653259920513443921532439
573403764671252374429790153355
503619507881630728701973396359
982310925497554449599498661593
317970381210014459296737988333
513229491214943349860067692097
836545949971741289307343116302
224711805226184866353588690217
46303918997347061427323921383
804253541816551597878041916534
452434448886881927183504372973
744546445220961923284104837528
456980730509064632721851940312
954423381580082566798903412284
654032179562056426288668489330
731339542161161340286659351269
699918209817171628924331395278
191390385613142206004673128559
99736456152111594940386178606
401411387677990561468679301001
282556946761284158829118981145
480024234736259498142797237576
557988667517646930842690396246
496777775252087338877471386867
247586379738587112710890191904
986821216649818669687481422494
342859835866840222798056460362
284454928169584699623145349215
934241114510795716794261445824
428400484131792562417200951611
572122429109063064150723122171
370644406348993184220802323526
331096780322648027077956163477
121953924070575668626933002958
190628356059657939146145589863
62452636118273381649904821787
247870406011951600437652824833
650364893161742943531310834336
742872878021580514001934897338
456650341693376801580232142571
830918198654998080660591291315
687673206866904194677233862381
883675687381345448620816061502
335961678318743247426626063497
861925715763981931510321369620
319489583392364446183513251286
578098502867728966909299478029
354166871509601877567069551027
662441476054611214339662704873
85869781404799999463852883255
28401599879595052147875011624
732912911506119146044583449498
691460106206930803122222889422
797264792771699167842573282322
716031411026660394636362383718
324641026742008736991883811454
594468402925804603656008662837
151183274110096601942145505483
607252247028432972467151113478
12326649203767016672910904298
881903363554695344346816449071
444463288700652552377056863144
407747921119413704854660025235
372074921721689286345341146376
388918947991311272356157339933
133088463079258935847002145556
852128523324520420297904814417
292888424367501337484907091443
394041919014491860885577804905
643123166630904579631351449762
878759935676240488959716999769
456337057907129448258896657996
104345780011658760689426885386
225578746718668923764406126257
375411390497943297309449524056
58017325016932799123066863323
204324228337305196527859317688
841925614504025995447932502667
509545592499859937367029773878
823416707848920500083607034361
771931810668911573694654844259
23369681597773010792571675439
233627499412354721660617882137
707403652075352698695831591623
826462451341847999547535302220
755291335557877070313912406076
426202116371644745619701182077
299393544536915904936981579315
832155036908770052054672046642
56366308978225752575622427370
613812276632025993799522957339
486556691275587932087553911216
587065274756987159879401081304
404213229401012295019794068112
922343263461338495927167704931
441030712450439437070596600135
867185241335392630307677012831
453163816831332291727962905327
822573047002042985308115080920
432880666158183298034050046525
230869916171305078172921349188
944330515005169159681077384689
998965471451476572611991447278
155936859236683815982298968985
817301089368464181331064635430
94528376089821094172851906697
491325967442879601664742937541
135048325968481793319194294761
135653697206026330728652131492
863398904498653008224743369584
708025722520654200399556130415
468482898998699527338004904634
128116696574659674030223003996
227920622959527007852861276767
426863788028099087045169529479
637692885484520173283508554799
913628113646356114106052024092
476389979725407971126954110112
303656228546350059976378609092
719001520842624115543279302638
543409289544552378328923502740
652358137785590137776888098363
667762000865523907327206276145
635512735233588822920755023707
404248961621776392324794468266
232313205882578189097471916259
594126648851085344972073648706
103740207929235537827719162486
94827045280512929236381331550
169000087354985010547695052915
280672264794925603048586889361
14705824872171573796927281787
320503714114779480915766854993
677395055444147168471588901996
766032100816103102119257313192
760376325570656081248152599802
366010382995467620388094515591
255968303722674636153966779279
161729958494089196537708470428
980112444735836894294900293644
857227782598916301984677015083
788888530837594803111792379336
507338255509611843039121756839
483402395551991234499946454513
179952909036257275325362231800
789082625887837746841858841755
168916276497391900479934698292
497641271330494241985571044
192617914718503767147199421336
340438157040844853635679605498
654069132940358775937691920640
400158998525009830993470635849
176811539390148483077935649312
678535097303359273058199744157
13290561351365490524098526035
783632031475633537170759093724
65111509048086846762202667943
66928381985843599127551975025
531521065967002563186205566026
378348201721000496804461466628
391349474939555076566101699814
564348704335460943443862829822
839677117378868042296586942098
932163367935731707447485498620
714942862246236196543832818765
624141874324786234903097004759
598273105501606309891556974862
145600068091648785365287342735
79491727512009192700993823278
946748484494126818809544247744
223681044430902555581699834668
725659923555245443706254836155
863044664463409741524868650246
571748539641954540073507305699
157678749816071370340940379638
231150540160022774068190521620
688669428127302455910552174884
486297418972081375212138638266
19704442884321755896210982826
406857570753976579650495799174
722914550993096564622645071720
947753808404588413404036939638
424822417727367931889234749824
881298976727989212587087426677
521840684501199481232071654371
768162790576926978039741450626
359949394936368288108602858994
191659924867863693088463953935
577659987877512693180155447765
504089745606300530897048955118
318900623542238415221735834653
903690648111067383205955446964
344439165937623307285074556423
296022170589459021653672044739
682855208404122030415683796097
894664296677451369155331750463
613971797606123367625723004250
421644694214186286087814633872
646515517398123630672035272214
168554158913992267443708826392
901769678509542517417750616763
427088752331965086792649435468
509068757039669659462498491226
901761334654245034718252715323
563108024626302401792838821228
958626505291294835577660180586
911569765308892413858431851029
976986104375066578036244805721
578943663958914734999562827869
196767556610973181705978566386
532265503486400199855111178854
293410148674444117429007575749
196107449773956377941059667697
393572204747706778651218380350
341489616163678252509524640191
450505098992593844277385047184
668923210090009583374071798727
789413448047381859184008517469
349905202956898138528582364105
531834380434486236323822988327
544538116382835600849831178360
989666214304646323207255552199
572211098738886733617443017408
969869650577445295472562853012
676034545229279268780578372263
998587232935732225842212927323
98122172723577794946503372332
715221755720024735042824054986
304316484324011111910901112215
668836968650170522604766117747
941435405014946309645140099358
635102840178509222585566686146
60023074145897835534688165652
90745751372619066371975812689
761772217748323752583118323282
811223000737760547821095890566
661584829203653487158405677834
110415955057340449217457542652
637166591214403682429223312529
188974455061467057857081705856
69325878696429001142156654793
267002101324876435253466416460
641520864231984277469569064112
362544979022449247880772254719
823949886628966851971006768337
113274940683948287924647601287
979847000029444646348545998571
828981554487601760193972173998
413397644921418357301689188966
384201597372553465105158096768
203694781758876181215318512731
236741660549387714962674326331
515034810217910668982729568237
168627925117394411795361533282
512021971637498733101649842909
105388447124388341876433780954
525904715776378881985186081905
551827189381020154097272942166
139866742320115079658644895690
743444563818089292818716236604
201069061517330320884898721131
620913492499311909876957982341
29861298404182452591495285423
313905412988693241846556255326
155951442407450134029471283402
712105154824511750749497548257
537362306996332452758990789303
53429774391516516246423177754
675142153305933580661777180529
510751675473948538279353539321
858961506190627628431871763683
761006803181176607650070931910
118606304030230072208565726798
308993957448171622505189856975
40969138939997254223213003356
12945226942878992019893032696
809539524130197345065129135548
892739690393668166136092568883
836531275185643934634610992399
536732321420525774688989772933
876835127018450449292999484156
713552445430393749444242739051
256284770820903735463046129604
423529777991813220927619222200
536181503677928192977092390383
129353205794255979944848502946
266811729487760881897870092152
303101717035982710196504297612
129838521486185012671164417024
981574871007350342444734476562
40427301914442675202164807209
104665466386266035449753805513
483238519314778456681087730794
464344005934325879606425874913
286635207660021698670230323521
269946721844899846081662750163
541155246636756203721525007435
150454869682158226984322470025
970607175360912150220450931008
117127946659206490933351664918
446879075080000297037599056663
710721439010098525134366023950
85990860013767639746958482404
796427341751806198345724037491
490035127965008553303989564702
558111941542080100077501605359
903820835453014942744566540042
37404214786366072450446407576
834883730455574418788923290731
769063808037830691802984776620
896747897532769077689039250426
460397922819510561812655733051
526628879348537173053348932137
973909740396091958644176271313
563213471166462635330453938985
550388755812856792681252299079
333783067090244574362145224475
557953442837554723980806046441
772524610909786000605478326564
663734930229606262843271243546
419150099099657806432816277409
282017556199444448925273921277
255621904479852227804240551888
355186438141158530515874799311
541080210866563659868603793467
89861784985420582771001290081
15843536402373196252422063293
181063758759033178551093150478
442540607283146332410275346071
308434723103944355907379285110
177200114792411028291319178823
485799034755597879361880426470
290440454609133385574686161879
220008345835249464137167481165
480713708615524640526077532207
296697446831203042695121031738
371969549181086448970577533858
251065004466177104335059371980
198720409632067165891024738484
779978509710131549544618289314
959889970257936864334603078827
589464240584840042325261326030
862826365974553130501305495093
737825507936438131872563202938
965918684185992311106142868075
107875878072609450822345643697
155419713651797778433377416336
34053166838449039569312830747
479506378901367928801921240832
352853594949488244874475429931
35960356576859775934124769754
900224541380797157186157245853
373372530270605957910604059097
434952965658747859608129784647
505984059441488805355893627523
487691833158919313478977322087
661908225532015500468715359731
576016031910393245338834150583
484631859629055050281918299480
872716667304420766759175663213
299421696094688998147306241281
523580164522386760045442255216
190000306948781818625864399616
916933622751046017819067885282
126317445747368788818238488411
294846669757181754345535805429
868474411436733521941516462148
220325864615950899405903111913
990515536981929849528565389869
141597716606440785840601312223
346608226329099307693667165340
791339608225525551443821124860
219553290544250257260871046619
464430105650997126228083361496
276976129011871545179065030394
356440741649222297734268602831
259948378300347327205900703877
38290675448075995966706966528
234743060473021480963973962047
530334205517240427043823216479
375544138760232256197200364839
18064547185118194069154800720
200876647524963350901678532944
570541734346448168711485047469
428126758213813141340992869084
782620683410459673964361646897
810023671304929276064145047871
143202247947054635509590895830
982931948271790969636285594012
692078374712750345791972042988
167093440781190790201043420152
288719055714335741019449415167
257714694621053648334910310186
285075411963170633683106151986
652169676638931268624579231962
211311847628777879751771059380
249247318345095964472353878987
69185911181324402545189200868
111986537038573160404343167604
757445541414393843549153801029
874408457947837254318660961113
234718770907769417611907759647
824714847332107808547174838686
995381368526412099111854915567
773720119085500359121555724268
535128520943213638822013224862
654855349853681585691543200956
585992211008928656653868211178
452600734267029398348991622487
590284378351783229599234466933
99313493577153570370778839663
651443697615980735441835054917
117825604062769320989705006159
266165044046229817730725712703
916655967907360456098166808992
299444817329739702949542837079
400554218919503941642140526893
214170593192015755828241685907
38493574068793669296622509796
331215274256188323481903547244
881407460244520326375401234355
679832638300405249828944799755
282287964749651372545908126566
760228568804296915351672164751
423279787650879856374529791405
489510807667001499314798100526
133839515463118269001098177889
929639421492634332516410541195
480895112503247486298393781210
519947278778768657832154053226
850823411227430124317841465612
631040548139720947827951775873
547017997215502930543945564292
361194162177147806051005268863
141460634054228938803665893109
946154157731060385103748262830
732058847127860485517780133105
678061642656267257263006311934
165665731949915913858279685551
372356594941998765606665778848
185496553276157333076005181767
3370888006231857126637569054
683167395570163847639892279202
894487991444395113871257666124
754680663586147474687087939463
262213626460367170059778738519
284705754859258905930500192404
349184871451114129866508814643
512719516653709782556487361949
716965239012799969243554126092
130393448804814840940837541089
271159815526673156586961300047
643654636616559054535333583857
566150006089391841740615287105
458851892210927647901688781438
73146775572825743060406838344
680517466690715736950382917007
33830232247067632182765978796
711780766734044689369998531953
280829490263422061948108660483
417163283541544736065519458635
25922667136147328396851979113
688149890937485800196593967737
691060615018619710337439084442
554383966186779400167494526086
482460140620405690784997292307
288365717080297974542321296950
504044276961072753392901583493
714752096233047498613643938574
383278123007464902784968806119
324215450313572287784396593080
25754435249170319136086642523
462092584420940878348803235190
698798725331211639619489107487
838474430185707047220365028461
870952001857313415557966770458
420880204742772606589769927004
162077098226464665257273969490
618470557107363501783363888094
26896958511706818946890737066
660608019024693560137921329840
549849442332612421691733592371
440454535461235963344558289826
432525830718242183137783552639
585633467221154757859083347340
803034934009382153264250644164
821122492674865931953589971103
661705895628561667336246391895
938634251003777278958744348055
849569488559421398002425942743
554847211532474329527166905216
638242765704325898125172009050
49039176397185613060443257301
262211503897628742623310762185
479619871448183466174590561469
452736575944648397284977709659
297204138779521032885402322557
196637277605212235374413003103
990602793993117965095550276696
252396914586656953877030249460
741088542949493262423535708120
919819634314749597083491990343
425395729360316403649283871801
418511665285534926165963124335
488877508702476334575060758227
434657720826441749950724688172
880299699780773210997296234118
934931764828688475524484634981
489855004955270619545388811851
891375393479108929159606996021
888489836804609825921884315983
276729799173435621839154407949
214872461392667577470323558143
738151088375949205001511195184
693308466474689994829164368885
205956822280733727511186913108
742927467952875540444538126219
465398297552175683381260091749
636542299855180737107526976868
354325958536803532402250426065
946302886109285956161108257734
655687471904873664884694608358
730830347185224163834847530432
403556126223618560414783062258
943833467399358748281720391783
541067339010545347966603334015
815105929623516124077582098393
69363472884141101185272017196
769883380568560444807727654046
78085647365592357852029367609
81638311853726345928181971211
423117305368948995984299667289
307698787172691905655890965690
752599800549003197939036061525
998417521415315175830819782119
51907284158866744361768286983
102852858937318151112467613295
911693235909542939812271203075
816189211936678099714392494627
799199096484068311355838431821
786141497160948677850205273451
140911537700267139478406975212
898460804343001045186820222757
488358617995440276081654250878
412966306126745744870409940357
146721670795559116463263333526
740099400852020198187086272876
686722836916477988350746794276
277593910011995136298720270754
698790068201714641301916777517
496434522677778348548804918892
60391009902522865243005644085
225090869259845243677582038739
688007096973456490286511932680
540880763440640648371797953369
878237738700416241708985900165
559925645702197581085968424165
418669042969629732449509244509
968836993075862913283824791277
170617982634430962316330787062
427514082663644703405745532972
529112248971227269362617063286
468266204388848405333562220644
129847691850479017811825524637
844169713590762689466674936465
776287366416301168046443658757
948490600695262314767107470815
115791280305776525755649518437
770688886867747715737175004154
634224577518289262075610719064
220284849805441852909391478571
578317672430932563914031271621
566214539512180765964173162952
483512966951771905154762624144
664723381021247571920445433360
137005196729694979246250628727
754919021598571041720196995946
144747904707578945127013049003
49012394597698107860582665860
378771008299376495839233732055
299497903182047643990461883098
141816278521032668100418341175
144636432478011259542189939847
345773104529154835319745468876
349310448187034242948984474085
970577111000571969133201482964
4373441882270254267257754313
50055588663989418622748929914
410825037331579822482227849505
210923302444643590041156423285
594680931766958079335819284353
255842044657562834629852962417
223253343400313577635322113847
23679616919507146895749867681
263570492267032286879025778595
642812721069229115453872561171
315952265992228559493487553995
90082087913560067866533858117
442838889170932419873625494320
876939311252559649745039051642
295324513002015868744213798463
503085131020445720604532617264
448856571737776105897309037727
705904890854807903789522999546
702934104608925334787011533712
739736065915611794769713045942
470951013864138326032930150036
118525750406978729953441562974
737243877156471108986543154710
679027796695199906110833566876
378128688840223614654585624236
186007830295801435451880761543
430351128776960411852501253033
659726614979165051445025364190
995217332260505331534105100179
121917869267140809501206424514
313025320079543085627226879186
230038204399579728982674263284
697955481381337431565897145887
267333392007144985083546771310
676750726420742947951007753132
557566494467259772100721986292
903162349674409206190496658796
76243335130388291874836756660
509391187147164508945064664854
95571437600736249395373540409
270126437869593821149253716179
273607239559553445601019790039
670190296849670554627440285638
755378351650978005537012003971
342319206313132169206777761049
985227621646525473503365457442
915350562122557823798742735258
872561982422003495137334411965
3283635218204784536965299824
128281834155345997413288590962
797133878822587906413713964672
466711163916134336497311130210
235047043520892808316273184222
570545565487998130717351601967
329802852223799668720993941497
983838166039929124949071882874
875214103242648652018804076892
568984928225431181215160921541
723929148918085976548424666615
888990010595532772476188508437
393325179403629491854419941475
442946346563971040758778395055
247774206221907676922641491930
835766869820396041795791856479
696735842537476735207407748861
199887367610558995539688918653
635044577045673921178655225919
975645460575556415672035190770
417575407687885471594708516534
932805993323662534310341840581
369067360800501465783950790210
292291326827267365102514077790
527169959234854581333151015437
506065037104932552163124812206
961293937341847060732546066252
330854681205385895726784182020
412235846407916875253725453456
261066412449447011082771859715
345945507139355753481991904452
348961506710933003513529987430
972598626584950483001787979677
782710968620248274267727200526
742825263259785886593944891767
432540842216951357279447397392
115099259342437449458683826650
561206121200610299629498227238
58780704165531828324173454513
506508264083699876272123840880
910978478071749021509149621341
751819952031238474838898763753
86623669176185083441686778379
421059494439705747785744435093
723900957041290513483841595918
820103688104177521064753310311
633225727409427417075107091216
423212457006901656173265933752
502157301713942373189480083574
577478196595542777066078671783
824390164331290517703025804231
806131093441430054774677032813
977293650940131433153467594651
312879096826082216608131430058
113376944685742213387001014065
244828260103817623848994378601
858518898059638995826353135599
381336629226415697332208877070
918211739296972204328092190250
157135391298994382426890265654
305044095108618452740983519372
763144341940056563291990733531
675323239635422904827948691675
324121604873751761436122272666
177406774921663311241727752072
339828527473080008170101985499
642473154599767068607829616997
545639251121904296922988475419
991944289384223607626995352522
148034592600093886592451169105
871837738318304736182122419890
523053232595794478477273826720
580178205296579868602209856437
327642648672050955922424364902
893187522367355167180985372521
31180247912153822793097344026
900059483210328320583526904242
43575957671755086251484843041
543999001568445293647751673271
375798548615323338591505811740
973853485474372230630961987357
123938705263660157437293015342
773099798493466954162302057317
171560154090243187289608795535
579065957668870766701687083408
233552815933562072887925258705
733129758514026075758733944029
177122552292892464877782037706
574875746002096597910125043077
850772939884952081848300392969
118729039475452184843336494658
20340702568376058420932508832
337160060880410712484611757927
552237291282644045694496273901
676009164177649804569529637906
96749375428171026130938939669
502000459512057153465612687818
757462517802042504105530543403
459255750756329982847745434719
436337872227637740717956345293
755601325992815565334607534771
416533075565343425712291833251
188356934627976701595267607461
587044248738035981819808845546
416271793397906198100667026854
595631592982456658383038919101
351709118220263361795281993389
319309313476145172671505208098
702834428440192062341538090497
294364705901246368367958712861
685537060918573714920351391920
513702465799625995067449686078
278247624395734430576055693245
959382297891884078049669953281
268038808936401694129775319210
170433464233652398960021230428
362637909885462821764705367827
521310492857311919691531947185
96892892484640021392836876743
271706049281144567814788450051
543941674924721955896679121018
541022860278596402971626197405
896865874290558859255403457494
261698824128958782969634947186
325393088234471867863901818435
809196090882672941763447615611
738628908589744955501163346242
209390954329409079905261581085
127029308190760458562922401364
319479501985984411290261319118
649631896287341126855315663215
374580069436784849230430056371
794301921030058753498288102505
879684380822773056011255972785
596660069831843493605223550606
322469525226728081367541609994
527654235485211918521742023377
505561865689153757345115041758
596926957092674538240226013496
87175200604955692687952199345
374768213522334476962995631135
561672563852776022776710881679
582558904881351660731361548864
634433763591012942047786967674
227324274218652570303929422966
632319743687238734019735164322
535904967956865360273470941511
707890051333628135901738865364
932348794385639086875116223610
509572579845697753470930786805
205039526409116309891149539454
766873310094202739800486632329
840968438147781576872159597753
974728518896469635915390121886
585501419519748535879539424825
203136488082407276623937692690
923101195168679489773125680076
672635890762973054187240175381
490069810906142700314878434939
886380915903789750386711410962
89777042969656043184806343502
563701415793667872724114854156
645359403721197187349010337000
291821471252480903306136337314
122200776262080983450942449949
47456065327678283486084789287
152164413967075543260668519025
973035708145737737017183845523
925500661166351882376956968693
968912216006654705430943090744
131392353493816295827238634175
826518295891340857411835864157
466643253477910724076611031910
133877174049611871885144912946
808704997331755358046235549035
438691960948765563987622011553
655953518089865289522104531473
219290573692124703236565068724
36252267990271196492564752284
379826606722128994127991399559
454510705687886316090347297874
951114213493736437240624407139
816564870755119485571471563955
289594776440087129332291448194
855397859147469419964031790774
37996106541807895847840148007
637103556078773141583848836316
129957291856232171757381141544
919914112698560190893870205025
572535280829747991282788540908
619673911770271119419842415066
808692728369407316717099253968
678254598631509770770344605258
139874784230296172586219229431
185815139693979304409904678204
336498737087116370823175653525
202540123781349433371684681543
396984398233139507474922659542
763295004353377650915957748539
362145178610250994298586393685
271396906259905077011850960802
661753984269337374022337235427
777915124820989566999385360878
492299112957292163119600787159
71707609335045888108055992382
378801355668487504501831917837
13360666733964307886358415804
821112765758413913911559744111
545448748936210501948213711179
170875067583768254776585257981
520276413350164720740114786964
397304310169646919993268325257
553923596805708856032830458108
519693566147966413111391233307
950944268559264793133565988905
987252383102900963119532233298
76712492904566440699960676176
695543551618925093857351042967
911771360840354119033667108760
282132073828120828508841423466
613973812018002328843527589697
321457878294759001179400242339
88794289510238228877239105925
546045628116706530160677590189
148623279254543018803942349073
848452925492371690903161654576
107817632970239376618688254105
549628089129015679430194656503
61581481377170181080170742802
427468836800227398684569689079
988806290896043333491314089731
960736427672293184024923363116
733304194902216649958996783333
161314836719175423628105625158
556432629368846537748373067521
364685338717102964200334971014
225160673442537546568454929099
576167348303300655116090654987
730399761938229895662071925774
368099427672361044690772283565
819724675301014767885759136390
252513517257938468228220613764
607167183645199309018169757433
607833420165018514425730917191
645108809870087577942887761194
155391571618230902021115027862
942802414434274715190086084014
165919250394448157671293052690
119738466416984185640106878141
377925525398143376746146179953
265909890726452160570058315944
489745607964335687088415170374
543009766987337665454308467252
651971289542020715185413087590
562643191266297941398308416804
641001776756210005874942698198
187672948711325332383932194632
478582615471413741788019530961
752565122533497785693585020409
255984320201903468110713327792
299774701329126201430082627561
559360635350742991191778278701
434536842322238972198135658069
644799279868142172404460669902
859932344596807784577312558959
77797081978442637372822978177
377814721284996451900961812193
880538463941985923736853523903
910110921327608893159212929376
221589168652340501575656109933
195760954966216542374464235306
808773629875409701104661426661
673978229786432001292608034575
983961148240825857171768495451
122197671252049222477651666807
413129890293378252704403100507
814134263804997899041346448177
66798001433351274556815300828
629562625009970647365946543605
280727198988905344831586173936
633739753986828733763725755712
522612987924280779830587812118
313447218798956010921016144599
454078599514885525834826528971
246579886358150368082898340803
268329209705934989356222893948
966205755932841021952332873606
656735869466526778820349594605
102380045436792810460185678296
599465338280922117679625743419
624263521239488251149483216866
870505296207859838109705732164
847701350947648278713355928231
507200925830108099309286395369
325791183659376309585907371685
733357197811563551703302407348
687150727880497415393756557709
992473954914254832729432297801
537527564321623240018848618923
403580400611816507250555382667
901753535805527757515169390725
350020287729968370665152265502
125998894915468050197308547454
582638837857985123512147147623
524827934350388831234071877248
473025376438890208418048253551
485327323638843647260434744962
806562495458580801893842853357
411898663941392460035353738852
705918660795374519816888546276
630909205299631497206915543766
830501807892442928226559255174
219582434644932180855666700797
306813469556006955675448233945
835462336265985487203232724915
63522504009620113159389770786
659664665703257653637986786652
589027219160294807188703884381
955702998763311602734418401436
812006340355678755185640315618
727527882582523356794541190793
511295612979145383302079812778
658958018722441049141988551053
740949835450221627625398268903
473105423145779719734705478110
291981475458826944691334220623
148353761031363471124792442119
255068054224043404572210669631
618605940180077301031476300129
713125699428523200432371346047
972611839926523926808732924964
983083350639407030523073869233
431497521835161636501005530960
402888994288828527931449540692
826407781077200271053639173271
812628814574638485994581137627
946383760236915894861012823544
116362320629151033874309570394
765959716485806260495753110744
106141388216723369288013295107
16388282699125216819947766734
538094619907051190861627433996
791519179365414631487346400447
116710761531571963089405911063
301258125097447309238989136852
562650612787814899120237676398
268924143064727472941756565162
27121517472755994589228141715
641993585649966303253990549891
617305775672589589289762664028
638817309918357458055508443955
843311933227357600259844733391
377357324003839078811432746511
465945814248247909008346115677
489461878445539986345478340809
394246756191623190923171616845
945256686036488003905173821986
903590020342889276383180927591
609269478892679763554316166093
342169282049571189068737807862
792115911278405057302700560362
710605420058153768275739523877
985665098010267269974805150609
140775117294458715674524775138
70640343193526737821543840375
103360793107629232552885038266
813091466349086774131086714228
335232745322023357087207709049
441191959109691530411754482204
197938739680025000904279044660
862295514631502224934329968971
266651016014994304525314079056
919990248285403940760841485497
675168288947124916933948566520
391426134543106885417499594347
808059031436681047633030729662
741019479145392955016154464594
690784763179869553291366821916
38083880171859451460958246695
48415238280458304395615859855
382835087400660269928223656245
344214017454515283188640124563
171992603642363262953062173571
943385158544836935001132314081
284690368263193920521528615721
756466206774495912350947030096
764129151262854075453088019381
234287447554772813111646004638
28901134877343528921435207566
252568690904704428040029854469
461378194346702650882896201861
816367159620859323651704245738
182069406687741240152464550222
333748643936144085485522181021
649126836087163228695136896498
732194575669624967991267446720
438595446919851478852974856905
422101673772442429829409665290
57227329458838101706702820101
469131473470537223311095379739
20698437887251066279231313343
959135507711883475813936959245
569731514666890581823607845157
628194117981727126163805792577
901011709966657421046395985099
752243267741311829016333625051
990554020243333756945437219584
386347750509509645808641886842
275897630478790894415887666616
152548650169175743234067306070
778605658389472774449571341867
521524107501379072583087531059
606553692120805736060464144886
373914892713137594963532760061
588578528796830152079350666073
598471427262436651390265643351
882879702406049958487675122148
553086552489163963000545755415
770170045996320587553406428185
950010992148327171717807499513
486918323289650619586663582486
384133794080113150713590316615
796903098185974460676382594901
845087059796879149969918078966
961838195906588553373197859393
370318771073762229343430061378
785227354881208284527365380273
375782151922766903380937446806
548242632887603331883568683102
337977337089084468192204097754
762543428947490250215767729027
3681110711150291637162947158
185901750812084883614273820721
377378860374197949304672254356
797776918114651041162814996960
361269732218753098001402036994
97084127479377929459381878943
243855204572201284988171592639
349843678823387200392066002115
399213380071294966493001046259
209279944695826971152984493304
392495356212436707598319166935
500880276210406877313888210281
750738678771506096181964130888
747250197325946051871414043308
280761689528107833325237338159
822645799636088066562570316537
235570063724989033573347415375
303230124877126569441894847187
544684112056578333977542856628
200319438017268384820980773283
790287006025485569063304792621
201424642670390835116422410799
973270988713461936261617910549
729908850939894487682763141273
546633057838262989060116455066
28399430982557583874453000144
943812541700085847600105827666
271332385198689093818774531395
790215832786434681118410921709
683075964514872078919054262580
931462080325594696019227107959
290211332813108611521488574470
165258577453799337717009427757
521810006888277241131361979952
414199043688850198494956531371
439103156616544071300244882428
869118970610294946849777410263
875563806851586314645755336468
404586015317555854513339188639
446768162957977753300035828998
1870783139807062027547258767
870975079291069338158968821250
189043661502801872925200441441
793514395947383163127789932978
966185793841793900982748450056
355357202260687554759720393848
246533623312939306418831713129
742944324716919767021995307497
19898588776286228026855270283
384613587447754140869538120890
267581040026684828417660878149
349254916138046804389771959286
38323406048621026440729325370
699372770964962103772115911618
189232593663007596068544707433
548909224266652042265216457664
727670734987540229413783864848
885538734891036339806203727214
428278591291786892228012913746
499965683426898192938385454175
114023868220211358568358963210
41774485866040106784057771638
291828220324121265943118786715
291314843779692397848658283263
839239462361547086812566618754
49581034389825086848020631243
880909814451535806552240256828
927343583042335494580109192061
513775059610270033185066128022
702400720044333667101715659740
912551275706102675328538202412
983709895068674882203258650339
653533721978810381868438549620
38659366617661584788793638664
182005770824922745668500796695
672525730035174902647779456729
637898101981648884769864689938
237122148825567088987819074340
446037394007885077764569247769
306289108815153439263819246511
477375459172485825967946647654
145301071366542910702768285399
922654981877897708041027372330
437623665853270694056249440049
38911324219892351267913926087
658751142730515319527785286253
486490385766725894817777817300
642035347604770894774745880376
988398579407498468611122075138
48603732497458942813876139430
401331453103653588787205312381
691322461518829117082679889055
806979980757513585993770585762
196535757858190736341123911505
712580064525447671367966850886
597853355342561882336037320563
208259402511212501479749511055
320203353856846930229536144239
1731859867375277528804464197
541078551703551543554182681616
131920680236584297852039727689
776509964048884485712056165540
713230283161794111296751702934
149763164230906339904155669367
956891997458330307331713079229
821368332463454355717170178339
907687954623441568624622624287
623525865967581334287722572996
693820849238583677022897561804
434259729721656997344284452036
171968910328085955983169729968
954275127244211156367491631604
535315277832486678554460954292
810025033438324772065979745638
657883469923665827716886634501
700102000797377967730442345880
355779142898175259285297316432
712064511818067852601792552742
377357789480110665846538608907
473666736794720001737859244468
506113296728893673829706353877
951513091624989656394162016252
181266097728571224327575852468
411935536066370162066603245531
887676742202386540582154777402
13134332255733899486506818387
614955922641169465388988931434
495649374955290667346093349231
99587405459084595857619606828
96845880779718078633953402955
756016844191662205918503982191
966810564578757943308683532703
517604654308927341111668465543
336901405594781487730355696026
328495078909020019041625946768
552788375685577916683073162455
51951298666045189728945563339
997048670211119478921270387421
909798433035039763463368038748
922272852285115595602479306711
551943918026210567012058458036
80795467159480572224122643003
36237492917433190811626062747
166194321844507238220319357022
357814506936597720772742291220
649054936202450141317568982743
388224083951490455639243216049
770793172674723699676650104880
374103114468538694587643263648
28479717489437567511952289688
708247875166431975602334302208
512001108044153122738951077930
971896451596272081565595597645
553566420863423138011970105412
289307743813348918838577054703
363942575761103312346279989477
340437813552726190506996681823
670440379804827331521293170484
904714874530491438466205328523
143057532450093211146080565948
109566947115994668159724087822
769949953622994564779256029821
540470855920619326080583936383
905947821029163670805800106732
29205315015388461584735878696
147389198614229353013420255853
666382427468707347881138689616
504763747016748650664880558870
83809226057643239566690647183
250110176037814273069563872263
554984047265717412605494514413
32275169830921476539932791059
901015561886271867457417667093
274726522268959920524495062243
46074528064617325969048753322
330788372269639480678010426486
429222662894773316239646326591
634568427609077610352839459150
862895782812380224929827041265
122754423290003702640503217370
1229157878967355557083361265
938833586327879796916741669850
771204744974026776627139849021
620915099815358416603365818854
497533104841299846908038995716
990248002746932651639913842843
212357238290253044423860309297
684272647514989133047654228070
682562085249737423855749008111
399879613855434010602526413867
192082984307236685737278642859
7509049942967011734787190336
290006304290264580530413379775
985802453164631464304023788114
188932897892657478473925900687
662099120128404235649868744894
3959723563812444506301525880
631637344346234740697096472009
471683995405841041831624800953
257928150412841655239699233580
631231407259107721107873242332
688519243999822788654416162638
775009001874691977934825042234
40326240225939856770980241172
720736992207407694488236013229
129695610396836151211299030150
459713153907250153560469364897
947151652919887994939957591671
378046955701257461773786755925
948084643540605268009270966962
682731041436594809888138838033
314922606852115530942155233683
528356094922977315368320693778
312997872675542003233168250314
692917921796510326159880307452
494335097341937599685807461256
263960027849447005174313761775
81136446595353242761725045044
799789162871503077246877842668
160381872419620606646067368712
398336889290951436467764604632
759549009752670588099708819188
814995918133685290616096921532
471588555887997226604752181899
291488081900235612581779807985
759499840747507147485631051331
883919537402756922077502903562
267105491188584606892481741573
378713134798459782903663594198
175674981228529782021717454331
956485980856029354482525063600
981248079748213122915614391440
626605100993281719909323856594
651427813533987225032577574127
645051098828780346060433343397
654236240008427557100372962186
743082417163891904092319735394
643073305596995779490019175907
920272830858476663043064663406
77736215346108584930275836359
243852282158754212916222161377
331777273439675684543932956142
357045478787257482214400119435
665306630216916396650097795635
656541610915154841133881658231
180824093227597353414830740408
210548226125795391313584673008
438942389773770651114228049676
418428312965810029232914045399
666929526882546998034024212063
409832276689807514317768601315
154716287826925858985679570793
447658082502285270532533017189
365155595063184930896488790026
248651676529136652841806158106
597155119396725419408005208639
178551955535098240223778921289
825582384367575785899900207451
576807945934471131312073409486
963134608025331281251674232757
869464377824457976717910282630
860554444250227163812074276496
899832649000651097792772752636
241163309602662730864504065370
254444060853874284776169701202
124813061999592436165727934684
730325094810618993878234607308
912500574530968274936228669529
278996681653941652727793487635
921326392246281614764504642795
438451145430474317873987015895
550911955542383708182826231581
700633592112387392811221324543
55783189474891115547390714738
214128813178903770180960330041
458648699551163350515047281113
88298802153299122535159767385
276824595370757619316186837104
271960647270198334985382806513
911081169087563932728524621175
657451973323735594787635242958
93400144392544010714216068900
350067088140858887502308248233
818022182725531880152324139342
864399930331610138887497716049
178958095139499079750234004398
559265898197765378719460793622
977885615511329526511345095215
397635638865098569440785105387
435948891639597113600711632862
978353864901480129964176778179
468652863165074097175646410492
527210334309838047057517563538
584338530430227811175852601785
570421321170989068092978763112
221736354158367852587264648124
649630619299877651949895175107
133343275222283867953966761524
980407624354534490136455271887
938079568984457574406621690560
509213815938330234587771990920
738782960692555864511693259117
265517939699800246549699223673
952362471766359961531648043077
830568765501072293315843298546
561247105989882381650950238119
219886692405711146114290240503
330216060662302007806019412003
949187782627257162686250605505
881069360134543145169957458966
111666719568915173097575082385
792763103236567195449581471799
841015898909096277840314778945
682381094391339939442469924188
287212391352332681966790587591
556906907282426032897927992115
377392256221128591478799653871
361150442132449818282020490772
989771982013397836089116050243
790117023748723513457413628377
465056052771348088573504685301
723300352570147203656234096194
670078165897099215978574640061
11099222305224277976537623492
27534039122323054042915994036
663586806818507395042799866456
422221896666964218953282654733
639807937654295819726169179379
118724679454791622638672275735
257156900581356586077324609577
564806140760233718569176972711
625003703238717969131310636716
421776514318918273388599508727
482127270476577196398478153270
208040695221271343348547856698
917405824823012633704736814658
780342468251240238895224449487
482369320158616133447857910675
637144836978583517999759513578
834273911128235771763678295187
312580813689285860174472029360
994694502150414009207005933197
449042994812406382490371463658
792141269878925136580376250863
149607510130136418586123160939
660127720585587785180737024875
231837834300773638333095788024
407271243501375258022043891071
170297309982016348827537384992
656956425695401810770662393432
136109776862072812226940534402
471560991969886053208561323134
530024098378388912585442274133
131945908060687040009577015849
621924069249485694321667660442
498084558054013649637129400503
581750115477454058704321996256
711906567978696442694787211951
216751337879630433061563691710
142424412458680048870151485816
606017298435039351816625033697
373490604551280694440839265940
614867011103216837274821081755
909358864967171101708655610267
511944786334277573680515254201
397667124722413911497942699822
757654263688137672659306698864
233861329105654051248749898407
971204338671425093226008603450
546412464305669421949512853674
337116799740100864079044324334
435284703521536921279767039504
82183973459037251186522375353
380225792960895070452989677483
525578393985393465526443952994
380227550392971892074029713916
375332523000083021672231192182
169362523572534518410336580973
98709336879148959129454206715
655168488080450329684251671587
777868016384928185806637143614
540987802063377989024962696019
640072482523093659046490377445
847916293868739892698792787428
134954722035652462332742065632
897039761871072172832598380649
769454506348062513081599472534
497633182948187245667928634754
156155471347679728793471948277
470171610055186128660364830427
887369102746711392334694402164
626242028831430753453450324973
913332296228036324671921726381
8158539760007696967237217513
334659793412344664388252610224
356968522870682420652703005364
820261576756986828609448130671
504750783330327353181547721259
368228964926726104948933304462
659075725120471711691039773249
274565125647495467354654353688
174782801037874732923649563463
867890743169813494318565612859
952697244486552396566341440205
796342823106749168077213509584
114832445218349242185872288023
130716825403198471494398620338
868245387793467670480983146595
670283715776583646775587010087
179688785308660917434390247745
217648365431458343048768277216
903444558729276588557194723493
199138372857878044426527006654
102984249779454854627303697303
519747733742611976529579797051
991933854645759405367156482387
209208162750294357787143857792
168765405908351439014670033825
310080131197950644301745101369
578379294697851512927817158808
404746200158238655964542792677
875568193992285751065159352550
641565857138466175676589720275
152431646363538555823140978472
737922071549657471834755621284
187693021370848036950451229828
38844265675226177708869212660
684772732910718224036172858969
545994951696003856178433596440
794775358411672703757725066205
639677875971977313007781181122
423803076770921922140560889370
474959769102778342795602106363
265878478224841548971591048640
675623068207584353817720785991
707441879730130489162128846975
349782943105594991355763491018
394021806164070319671638750763
166050694762934582205390900204
286386379678012707682452738571
135337061568448587196851623656
41130454392444181891863600379
47339077319183270256407201414
582060703496048472768976028936
515021387213703252503599635660
670224919607539748626496175749
544567671181982985142665924762
474732353345104215019759779254
137049244145456556121010193110
705599451240777675648579296621
407356916344769175015103483067
29288656452636134948001516781
899784705756227907108602967829
661855121068549520178038007659
345473831698576209753484142530
159310587796069065039321988090
771093625381252880037609076451
251822461966451330915793788276
231310864712669451653415449349
154768475160871201180329704621
736773886934735063281908833349
682658505549926964421950129782
107871348840470204483388180043
909890122356549969140896783878
258569562128921325122352225530
693806573185475975443084252851
79928723342514600009887380086
214943037902266358510897391453
25812365127535697569190933767
600156439678052010055508580234
614886456972948620967572405831
692571140228374530092503408420
376462158046102165048285915461
579308698664680475924199211546
334629829125357439607012542167
903008039485333293748178696260
316914426242855670429839255162
945443144280900879566914090627
988617851490926681356447230651
484318064725586834161789173021
976286232344929387522389920816
145092080938151206753014902788
469080447119616001107734056954
50444960995088500080455607308
683959986115908888439563630574
706936006627980031810921384477
66569425640880630077238459213
45292511871847278530672121836
527354314606684492798926913971
27873514928367894331501006006
271754387710085164324557308945
8046752598994133813014393072
149225222139308450472039223972
268031990637808137548206705196
597816543396260535451995402450
838005110577424098913307593478
923108483074913786966465502696
855212933545365956343261495260
916084604780361727235449270537
969559202766842082553690179446
29295756318867537393688507672
402746444769938489437226652197
894220480956080797529022294058
862161633311558906374949779114
123597497002711301257204879495
822491700643479803534465043068
22816461365120296854709701613
578034247583700602424627686802
853442981455197245479256668651
339073064257640498846422579778
353701000606244654362072159684
361538644258825938602440057510
683992282707720050995813295345
869543574610139676707991274661
85337986555894139076279927934
434260502716840542504988765032
893182952355362738931737310562
295852772540269379453857622655
592148148312931527780423757019
699196799125573059703189538785
960997868029179066269452439114
657131014256073824133116047672
16706389730158764317054274813
817061749196507488851326197463
190268315599751828851164411535
144895814601159739427075538854
506336985719744137493790239395
981348728293227927566777003741
327463902052476533978714471216
479825892777503977907036853136
827157159367331022347169529456
863602484668948021028783734705
221344399241220000336409970646
71361593666727357078843100378
493440229500215373245283428623
463118272892688835819556550222
445421198386763886425909278377
699973157601060709816181263608
982805991256925752225851810933
626112839284353819708090459504
332847513879854355929420060421
137265029526962883019009672996
24284719822674348183781044458
780946724230382679144693931120
609027193329378572439982488096
261869697083132621371286435361
673213200279198887477384895585
576198579103623708232726996356
292288903783604709080035579321
471423104697913343010774308557
909195082436437618923900335097
683128438664064276753192928409
947630737713850000096020720050
937129498069167627216347821860
895677037168979548186497588956
534718250364447449833569844793
209242537367590109330824201430
674855209265985532454702125268
77244571853898531420565335174
252637062555072452981307193626
966430899027963530019262528488
844702110819284065683121754605
945279598218150015718947422970
918774872631702692948677311021
584169861541671656371634933441
437637525080708419496506871313
709188836635986231990467553056
62311089679938405404796619851
484152987675670652687716758046
474309909557228724387808672833
293313517354116932176690428696
473276349352545043918081237622
564046693732007155811322940475
457254739178679144094164196120
267145746579073646686877209932
219843613056147207427420190178
572069999681238267651866413420
707349944031211445548331525706
370967195751478611730405025324
716234455078285244725816166304
346900963069664006853623632052
552664376718230168976753240472
274740719971029841330809778590
448728758156766770357213596968
835544199037322975981823983517
360932085283899267401853278440
894664719820372077933027108989
467777858566966402685996283951
233124333051993726304075903834
530058199398798199605843715742
878163816913869225266590657621
785530905273707178331517583131
780458543086449948008143959419
595321008637438882448158915980
247433291057073301566873700753
328690871251662796877122076812
175556247665675615768450812159
357953983211134015115690958883
347065904055813409154707566822
995844365554269771401017394848
910813759944077418721075393094
162891518343004554447755985970
97171843453523811906271964240
800584317019937553217112425878
703658936100587926939254588795
774151526522565126624753156433
553742821452172829425027714614
588555928215309103127453040567
932841805606944878227734497774
238378306681803905097315237635
779691545149926763592043329319
788617107191883565550011578191
670719310696072373923384607393
458744591940419832191137112196
972734118710716448383995937363
3392676969095023405311805292
793454196263468783091990002442
344662555227762091095596123232
955007929356381516492212675587
689227755086383006056071176746
663653990988854491584364248978
371494681782488675390652425407
238143703604403677181870356378
364410262322405801552447803910
946141676145063537518378876458
610551092839672570606314031062
117572015306492781966043427343
337387329057825026726341093623
767844970632564842778217339420
594679219088954236598150419444
205028760280373104699412834928
550521246073418608932253847078
377145917754894312581918498703
641949519778535215021718651747
751863051693652888994897944046
435617077703780845644707169734
384947527220106834648990084356
975112442124192604433171370516
514928999780757598643163806280
155758433745572551368391725530
870823220480976903003017641537
425540430387036988855279124852
418091839423539628045705176261
990859125112089250571871171313
806058926241739237363424411878
129158712652562340829155035231
337709373809628722431356520302
973875256077778606586813333705
706616022751073209310377474924
280758700605147334531825470141
63332985267930434759861627327
930410072338530994103943148716
959154522670612299424914080216
746468640365876354389978972091
867637900847501831760829688077
650809062412729944517970643328
477227385921899977092564629288
941592431304230402463186793605
78825062519892252569097875429
350663741793753478349963415777
338353425943415603876937481847
146282169465010757820750605198
391136709320596579097692178525
327908538617030613945401243678
754192392472923393445856917272
802265295646067171087083239349
437148209762586250332564062000
519672227294995295693302839502
629926605915472348647801775392
803150774044119473602632122944
307514416064672360567241245197
86476727711865895434642960590
590649912379263550938784846609
48442422901897655491188961349
445025178568020348977646563612
761389386829684209239749287793
474199812802533624533277413869
30590242082735332652032404718
673498076481572872954475473106
702709415420202970563013891561
302915728533520864446203825955
481028646880461476974115568305
633849727863635231445660434335
911995527598144469607061093990
249508057441856729849766051746
876487603616072100959494006284
464996655472831410442155162425
751581200399080071811594455515
461892766553636709028751109552
296556382295304956616816930650
699981311030622481832017950190
723526639181361126384348008320
69829092383630637983406156518
127978216635220747223871884276
800214175564941639464115554246
987655959445191475035714599055
172597383691992627480153394846
186662502446451290420747805034
292044300191805523180422184672
264038308041786224650552850415
226187902563799001543888737053
594229467559240980934412223215
877282225176941808089029219374
414931667365189280044365870541
779147350061036396483788764603
261982797108934147151656826705
678183807704692236777014700949
83242337428198803842105328237
883207134907324916381376351512
959629801141734092510186955643
207275731030065950612299743753
803979859951087080601242199390
47029956385095434802569554066
617266940469451811476856466134
110559054255863375490242197698
794624614338660903685949657201
634590474881447739157491003187
117159235295006233431194120813
393217182467941934395314112714
120893510199627624730382648690
511360122426041463213249741117
148147907261723227699296036425
430286661438257705633794285813
99220918075807787177823415117
312446101605091204163964156863
511874279173677627345175931971
864843814776873912748131439900
501849093417235682694370957568
265569186013887864869355118822
194879834054745997927012464146
148861600264518862529878419270
889728776432929056359888163022
805212363776318240826578532493
69014795167133347971170243401
248914079280142462724857878527
496278717971163911951910360131
944124246688730961869455725128
891478544537784610897826356102
158016909041445345873942794378
75474422940059520802552032229
838669071516992626129407333231
311960879141238875706359929778
339161735616978740091388666092
232661444315254065672045345799
979838521642778420082687927462
408922413671572937167634569073
631103987506678315538426817837
317977825275020620501895187755
147583980281137629481817497938
299950637618384315398771599730
705010137121114398433566862065
525030377472668694338611739351
997041043338946672394963965143
139738163868307237411148620857
541793041758751976760294623004
114569334782661276398378520459
924136075783299156154171733259
130761066328869038421397987871
427342197197466158503238525589
548014295432652803718253464204
354745758631992326776210830860
455388403123531172906164188319
460788061713133309231365033451
683117671332053649906095240427
358052068832112876170149232334
320610423409208647823703297644
571764368864519907889334720244
680143173085424184147583937422
123782759979720615138052892390
402725345776209305473537013307
882498307271456234671919157189
347269800813339921659611588440
882176721964772678136254975025
918034648853342421026956950689
535954878259181651121773693003
659929798234418074176421421221
111507090290052210651817811245
59932288958943440027196088185
192178021325489659391093932062
49536581932592966065943008810
475188116779460370800280683036
860290514734091113020246208396
879484005275219446507486811924
369890625953554694348665687485
950903910006010300788347441700
330251637957645472783864670520
750754792539751973852417391774
595227835400669545738006449610
331752672181253234965127393546
9563801058977767104820050296
584032735454454668958003984231
115617471630295051148848534320
515472246720411816926202770751
422442268848411281515499064238
100384019052871793172633005333
566518863025062506778661124030
773232217892754728377758418754
578068122833487373214682315639
613915969260028455661095590339
39074136467319123359939696066
171493365378485822192185685079
799448561422734181669559566490
109489864570356174233332218420
233454918191187888623113296159
715708650688907291015779930072
782226781431467921909770871706
381645431719070721162766370935
204576286947364200239815880107
402487692191257525765094584639
96887199375255803438990484446
500486068919175417569641575927
274688559957643095402488101306
49310953394421516908524295734
769828457136898209725121892494
600827331641005750127919386926
141050649607325818123736642026
214908108790224118414833347681
177516042673402779784140335710
34850311631098405282005333035
62509191804514847576433198614
312159516807992856850188406772
962670586809217607587165795884
69222066191212956098762447823
2139178869979456034965766582
691858285984424885802971398203
842369039884730205055375598551
846836144075248829736393577244
347347630531921613324596607904
489545317704939838881686089272
344755672417885089101837435759
891563878110663725353763503713
120795591656606766687354647795
433018521411208838973689437208
514307634151193863263434058352
35657795871191793680886423053
64019787186690142578116762925
899618469459751485627668021597
441430599562118086396625833924
23518554895796622595282572653
110598253616945733054867499198
387122495750093873353288387481
949486855221957594472295476995
5232663267284009098836425798
224384452890270108572492216496
994708876654984534322460750459
814328327448486817056738444148
757686437879567834801288564631
897268648964751150913909983243
431137741350100762616949496483
947522171415194617154007112820
332461013424765436554541907594
80678545727555524242289415826
880038716748484714110704339516
475462556984508066303202025190
18907160539267791778794930409
435933634126982723582541196267
565516693464659580213447862329
936516235419395909708143683997
533149086117778567209896576680
69649591451314354500675656499
150801754282605352372144908987
280143657118266764576812880522
332246661398684213169502445659
434701425513499892679879144497
39323185530843304876551629901
578319491667296249924832071192
676689254723686435253571188063
729595352405208447258588634268
225474859652329871269712029625
997898525809747586747914875597
165937822795579222692801606822
963699716732121913566092365891
920906688045770318686839132051
701330500793584036226386654935
943098974672799210871331093363
474462374331578833135433944877
430142057466117398841639406995
895269692130225104742805061651
529902868375969828155868018306
544626828910710845412734010295
958917254278765690558624308730
503248140796762446229795543360
59830517744397860023063850365
120443420223665459805349217658
868010966483455562658756454023
200819792020461326484696071984
534689810640909787822425521967
311671779904287637959172937751
768869017231017628833208198710
387384212059626037758865909818
749429270627138470796245552804
962350262532248087573121559223
133236910954700821777871082869
531891795925112249578565308684
50086116029830765506420378870
194983752119817947068017582534
613321380030212078028143167897
606252999970557532485426916036
198170282274740961546833827678
999421656031628833668914140837
557822259522402446777928926399
351828368101981240464814987284
208049149061368683321921470975
530636019646140106050101223751
799676517842230179967922572156
512523187555210941255032399544
987264899939087355000613070224
706289150820561494065022855807
995717252695153089700848746574
196940790871767065645376194510
822385426215593787588175471504
543429380986089661588459685447
584355978290607685529486933090
197606697456484836996976826666
373563181120599218781141561737
177687962499424870670852122839
822851575993481857120535104674
97563199189462385485544929987
130613180231937694762516674756
326749887050523820946025037286
967745139365736048162514889752
802360094535775381256835271982
138781058917462445498419287935
746299758016034749495721404403
499993931633242755162654390189
693305632498906658437062294797
582514641212781933936755734537
597947986830413665061570907230
21386015790262340928264368321
942228171529239805127640967899
382217039568420089608479815851
764637021120898189452672189077
375693012728175925724501976587
734753399772329698994310100512
619539461425517572551581717245
826505396536413177713225171567
630275845231967065835784981044
857187957721266539422241446405
928697057292515278201968179396
392286127640365359476734751385
164246542260570618150417111906
77548747036939688783753700314
883428363023444559381469860451
360664078632561341326365727351
497860773235098838631400880032
996072996232181984034493726541
215930555406629262488285478673
328704679985726051344655214763
630236877009453280012235701851
390256067219922460328534779919
446046451101527701863297009907
55070404711403368773358618550
774718394574815739532999545941
48756696412604515708204729235
328103935576932357243893285695
79052986521111966587819202016
504838306833195189030844250693
368865750607006848595731135252
142045633196506594603807571483
445926028363400966790450516531
194247591541144583073826963359
859292034044689781072933810493
823768147342976133313180023007
669353067827033282515076198339
940505937460742433098921665943
249198542139769320956588750544
813878151383125782303033948679
523320466036323590245661237009
224219263193677884552377824037
956766633362531436008692298410
440097850199463096296815192607
214293584222101678973952538727
264902777994865687494480051332
298235078257835278801211606528
110208140478995852172678323883
637065919819957826852001589642
110050674088632598352018214132
830401651254472555643047835998
438638656131896832043673964947
528880147245891380411578627794
639957233402177145823494629892
774133877583249913772219548457
259525394360003525833843029271
755431566856954531608209768715
316027278001730025862174834874
938174977738692970328648505526
113311773443147003203445157462
134147736494239780005623610638
691112809613342969739586783346
951872905561718686124958971429
875120066153303469687668966108
36941032249610323477998622499
437745127026873595671293502249
623606448751747363036767183354
304407592382510386863628022106
869671711081550292554540399573
491365557429314339162912785381
461779623951834845468457227286
447505821969666599886839572893
218237297730770811471747724998
862529955350268298768949195741
243107331757860879353625625665
850498632098095596827752062212
674550052827120062075708176979
268805597472262168484277291932
719704320363124210477844135704
873608099071870981912057670786
828807156924623503107636981111
585338867672193974627483061899
727977281865412950992113730806
617511977016880075579680364721
819645980969447059220908741118
231392307685482794272297717375
59424771460671302870357590800
564941826338544867139222516527
848746869454280831544569254797
49991037801079577530679960219
694312449758905183137329456290
633196381279053369223814322801
101149742412939942629023803171
946979369695027185891340185277
511896240602819717589929105195
555632875918793037730259751160
312716841430591298261403726491
14981092179721064616018671880
206795234269712870421297408723
900617211811463611945779329823
238517317292409478257001365158
19024366874683511049036461410
119300774321925868248455427303
662628913590989189799663149983
574116237400340077535765872532
159128730497388854855700807424
663126343302843204893101341975
383746090067889497697905739074
834924459284861509694046801124
825270757416299279473888872385
796918991864203288051625878970
872301655862082221703844617757
481871773384271411387101165493
403241339448839381182835485245
690328623342297230835489775477
66283455047894353089280436018
638471573337589415463677287453
418737786088679726875722670610
211891132638128354918634828543
368850515995999323484288344353
776257796510263366096599434800
782220419265398545117657822843
385543063092369064204184316095
410028868799663210166099254390
337912052642317770682514189959
906024853797779220609278761082
530886206041510611586011475483
124516561301355485339645147004
790749925601740702023450614762
254014258611209944770366218336
91051383447613577265484368297
501438256503332533497036835327
101065211430291945099415568879
111391725006822562213637747375
521112954462404506512612615376
836821665746811522771950787293
880854150800380121623976710600
826147804912530823010736338175
152251093326898831281428617020
996439780039860977948462402847
742538719779996031594757035309
484507696714136562480218439834
771227786665277327634386786235
796493744773962967525897927023
754565233289384430065787348483
838179897330308737707252044195
864000736418961838806665497025
511015779194952060615050212654
19617761372516754452851659989
788866259176869415660667797077
746225536545436242484055297779
396387712603878610513107044664
399290681354864462248762349991
315393060753981778669369107856
920763962481331755841192007953
472188179408591951284069665698
719776046326907384284402321790
890865105284421796437688854984
656966373553637654997058938040
160548978323117701610688698646
929456874754520043911450680429
531414184812350750051846603902
123757924471171214220263507811
219358623008837720921241683914
71417842788864754453636066008
365409103893871494278924780093
746928679023268443835518241196
688985836808092145180607851060
421931095026929120389534988631
278437267004430459506509021422
902466589204411403598134096733
662941746045636142889616255236
412249082811354351268054884334
929264883356387755065208967763
718378780216116719238482836780
467047992550039175907182349681
260670067958121838823133544831
337631640581593427525423294383
227801494371194891922668847255
883218968829748309028306675392
268886154224189557619566077766
604827157068237542845352028705
445576004790987101827840646776
26903485849808943311632867079
813650202784267405950497398680
51558826583151894637565311787
83836708239731136526999077351
543541403572577552946291589494
568279543281352728166213975201
568495419839236367559526433983
383086330721069310165202848461
980270271459525370369237455349
358394217456638393996899942209
467894962235025860698739051959
802506423528908333176408197091
719359892836292821279391108338
745300045740208325763373940973
648967830625877418478919232144
948647468270905454562310468887
573897922930046761069023876114
921599840303773470631943890337
311318975908684683174181936161
279086339136585793700604773088
453175295494449059609804480701
697272686971719683709768764312
969275898138326481717549652192
153477046434107430510792369785
975105187912203807376005364912
217670440701435340157707283606
608129950333307298053715648707
2292564269932923139840552919
840129031124636740128463549643
418425516380485943792974619091
507622939396229372492216406729
709190716191896233077916052782
973126380485714528242424079972
318269205278489179027975333631
257032165442119869594710789820
268671851476654665614922196621
684259728999226532483286852506
301162178480352417148284675695
25419592215069599313644339288
204462882238909581436033925266
426907831293048933406179536532
563467639800520551351882601505
121304686310296542179806518427
685646523702107903924662981781
813922616353175006037813560549
616134226035630655384005734704
620504388965040435023143007600
904470296324574380675630151466
626290665540817661726650517021
158818692555946362012038999756
487773488254140084639166929436
692618928176918778444307053543
767226233946444221612015262451
931498686207900973953662055805
938912504922775192641783521256
363687440524938274778211191450
745646217447229449830817036661
905245544116873802529012110101
268161324306236549056284545778
257631981631109735963384494228
501426662164925808539374992124
203395442732019469565134762919
858057400161241330676032412165
331497360033359893057348621596
718313193611503599097907244784
189931113538978864296149872295
173331464222509316317306246181
129226525934895863418580639759
480450169763959581943988647840
608871415164579120734794720904
342121268449234160074335393548
390901157559377545637964566138
216154776880098077757101247057
214629625503752020255925284829
18393034154793158973901411408
211892896332857156282591712851
618156122371601380426811082024
236669684731680429019126806467
460502530715816932583465110710
22500614341554684688464128474
43567004126674517868640696949
964238209092670609334551922151
711727897885772558768746688864
156209006163079815511677459257
864044746796772774119016922962
544499578859920294319596814575
108570435818805648912455898287
673822277872065485252723026434
304907627458455962118650550771
169924364238409567352167723653
926915989279635070209298211137
787772816803369829084885343589
137339729434305751456051991956
299270417295916946485347940311
401943344907066579263060400026
624251364859962749131611028630
358073807166055066349015304442
115510942115270360847342392838
372719697045230968686644985056
158102914520590998705131958789
355686405796418646235844334071
628920100357849403054965889733
46613238112932982733373399962
640180564584296156941876417236
189834092706649623516678988006
795531695836610048955167582925
473467467900300967350693925333
561121571159263297118223822058
905666913581153260100538450930
58339919489246677625964200199
727830558316597014111558398706
717092444506916351837154015135
137500576836448791108670743423
334899482894597723759735558995
141559041743631371124838323750
830672586938670468929434647648
26800057819346313077025791829
484699365556936984803108553599
315875420282075621269826538165
695315069585657759172468447069
140964671564879445079044286887
390282411914037121684735406702
815279044796484623735077813946
656139434128328663448065798143
928568710366505997343976135217
196622225965238847521082968161
796042242739694121683559027293
486675935074579982204693446081
874826487117330051558063027893
239906007387365548206208228527
581800093852110752985454186230
709673147327608423312337964729
61419728978648777615867814020
927597040703928547286293541291
758149746107382309244873924588
402390685557980478066117191044
758692164420392938581004942181
129776437697901620503408877833
150148529889862962425184410090
497936288906592977795316359673
389030445826194756567202270027
49601070832368961719411950162
735791762387129299314493248109
50253341123825611689553189751
257862271209270816102254716089
213286748310403294460048998279
526310686329570163050111925089
94723272727851962404572433708
784573779553705631362722023187
997495561425982323107345870288
777890952714170178458468411822
46727487200520902185456931324
444694680163362152502232126495
600445493477543730977240193062
946134095759215368560215014846
367710607745549836591253861630
505934632222205235065867420338
750856631342022641317285359964
562587979040248197834320265963
643568598082632150372863660359
988808255182206832777300022999
130719215245232411179898767061
767446922389756531325593022841
473162631117928075143854440597
177687667322293192222902975413
375043547627522183942837658362
571882290057369578953150839415
498816984107556851810079749042
866110437190486438564652978955
588892219795028082513905197007
814369673853821520649850586833
383283238211397554498769002180
272183054579144991713168637576
300247694972905340986907272661
208432271691478835888057547019
279963414248819427057638917600
472583560756819977941408117788
422045997713288132752565350319
266587766379571178855837397386
557283905559294876720634343487
78975605969283788613606685554
576319965127732051755760120230
600464071816762729670921824432
206209440479903984939586726512
140662537846444416172399572995
372922449454303275524399018877
582079403221402658041809792166
928537159926821713924365246779
760838821725216625110300838699
530032296582072078962582686410
726406950017776942385010145123
242679359465221500500129505838
345254919236434697387560501394
48720870282034711102784406780
145553024180431001139112019766
135472884969484329549587778413
661775074023003658332720555310
693720907243288653262580033576
917567291132585164440520576260
991058272938011833489598539634
988394858780877176936484693353
965913981471055783463355946603
136621825922788945929043900732
662642195037700826448667576597
683495646686520841322701546745
671791026652068855495855555415
204413373908734513234379541719
427535170329998817714278450604
863518184527027127780681103917
436725143968235533441499373858
498710853451023996346432457742
820966784036773832102459109637
326096094819968615732666653150
757154617038587569397101484694
807657768918792556844358108367
395238728541909327735391286498
239103199170704269500837000022
891771951061152511184239782623
371870394252399697834112220599
148885644694877058972055396266
658418015150347829703141327450
510508968301080102814272771425
922750378502729754420503646922
704942480946072375298507660007
489957387240039127380280418237
72393727762192636307983093751
238806552875814134333755273989
980027404145228798246956703543
571374006096694601308756113206
351740128085020753082282828658
932585087985867898206705430391
865671117002457061288258966447
511730274584799155888000792671
387533707822470849811178567717
818048945907544832586791400110
383812396464081307276765435686
232908120420342009078812483935
144036108874197891032580597004
425670819229792992502025297806
963067165229044639446861883622
982419825447431002334967585032
566637544162615125086866458437
322119273118114960507941032869
105686711848074816439619783381
331316895874181765296965450136
991630227402014245933493306243
288887728526864376040955872690
212560368498092358444479605124
787673337023990926836735691323
536568192874657844802281253296
715787368241431624497514759591
388706419863216029204399053693
173018797020215454945890851117
645803701809159025407850373387
841470927313476981204173818423
389187210220869710685368351302
776280341262767794132559030086
721632571885942914726411294789
877006829233395515567171304709
797129114065596196391747655942
611350172729799923546157403324
669798269786184669449706574606
744985251307592474157683745646
184958374964857727360166557151
458964537475847426745278054161
417820476870786235713591563982
97679773536932321111942938105
350426835641099366812703221380
44161077093924844270508939945
440056079286971253543207393951
757389836940517156907229774914
946303569929022462239572736184
591033664222465935758058752090
116459727336232543049609374244
608563277748881168949703430794
745147401321191505312915436379
642149355346443813747753956795
16544264296846043640483710267
921282663098707150183644997625
692830540117378651309553908635
18450968512953446067968200029
510747480608959000648787844457
245775995049602608278885332594
361033982548222730541357499210
925831917422586448846347435859
758998599668108930520095397873
831043730182477970111926460942
747057408250787579269898824710
525978236568625460495790228684
366877531812651570934637106806
656253896773628312600104130094
806124755109382752470521877463
824657887752074015266499320412
473180919365540416510750607605
273882662722870752210148576090
899671750192037672788656371796
167183866270542998648537197612
920490910742979688789403431907
838664560202421041060111851528
215266820268276313342780083526
882771983876110876716717346446
972567672445847553091174043215
889947576676128739503814312010
142022065872085988878812841305
269673591021028685869982482427
475879207892848359418016242036
540095079371311180704446827430
632927658402937130145455272200
547058003025134063413727280370
73147155126352059784754029945
502392654267365347541404199422
510868983506696669046395775051
127389452296442816278172397298
737705745260655902476610524444
753538837822796728287928038488
36611405686431499985073117088
430621223371881388754072611651
631458808305545677444280048666
78447066835106726428153255527
677109381204313385179435994590
748416627420622072911174659422
318142960992734899323649450357
982001075449348405212836611344
14689748360262625205306288420
134655835941458297292476773111
866318063270058252082168130480
168503654064518694613745741918
452637654124071475884835121828
892688217887010096106496873921
867152824782980010604496297944
24292556368776285812321508280
165456180294459318491530364577
860306270792784382154009722533
24502567181984511635947586621
850587043873976540230901838974
872473986526340176962868103344
861802834948801913688193793740
994694528330540571536988778282
264210335741002680844422683973
672492897575039548668926623152
202599538164233497871125453605
419750148278070641596172628261
950589220602243453837520642267
522080339369776096482391917841
538128058363684452304143598032
236870730292008603709481848673
88181055413274449587458091810
94935952215132464217682175194
646995921291253135859711466129
275267875184127341561530765378
914115735842705824841905734252
893541383984536641338776917825
802988679926528043454570914071
169055272692699047608674730796
643638529063026441212426361504
325808148961845920001430547525
437910747984660502481108800997
708047730799597117614227529979
921196511006256523693617100470
255550774437751742342053963322
461635563848394738976897928211
288174069397571117133245453
712234046873814432457546726268
248905421346474952275514102954
370526169322431863319457668821
60016559830696603527555950940
452401044170109760583029167712
173892093488714814601147103526
650024839200665715930980869149
401764734765610833462482005674
913977185781242692325143882752
142346637341962743126511248372
406947687497467219400687135753
946753798729865098977900386720
265877332391861132544454172204
783198107558429009525239018350
795926720091638963416220763108
727973434101004534986367952142
71221519249247822442735497622
633185561152086999696202282742
941630428592170546345797121790
705136269979912288663346304641
117641437026607501505554280382
161587702973235562594063131195
237594474422295969145664676998
142675053589482594111143755762
164955920954031840386039037057
114179554397426061214097952925
364504632576329939574673082067
127825687302796344975551928734
685625712954840178383634138586
325501240604373389741855328587
542841481501098751162305860579
527475997735399416564909374502
30252589081757093230471637236
510490650478300293238094163414
805423727758698899511614373003
255986295825707078804098505630
266760068012829672834492389640
425005082048805222143421733802
288322942902070794798086581482
446498446375452181899905744945
781188970193584455558001839275
934886361190008862226043612454
442412035011989836251879669477
193139280202884929887143128465
353754172363696510085086439259
200633771088605649104176598155
940123738300698377596071068509
843197951537372119446139636524
941105113678517716094511210636
142576766536663216201829865141
39430036177995820075411315702
721736008833038791473447559361
443913967666975257155611182201
588489894088456963212391186353
970350391154624662384682370664
640593903909699169689146623943
844538336731425717665957438406
724063495331533771626791855827
367275989072936816330594040625
402756125637134817168657543348
633055762356810375342847864783
211616350871793020133869655171
251722119549917776422556049354
79204107218665237183194708512
661643478385110219924952850892
585578203987412737972622529690
987273047946372898289226638399
768298038755051549389936683009
366028684843215898076529085364
752621128256241546067163591071
909377514622649569403804078689
91366586246424477465537494269
75515986787805507422901764719
352948185826796708730248927461
178069146296289800833358546932
813486912056544592433712598838
292981081377454416453514441915
486400059855501100200085477399
92130884916003139690371153153
553205497529500391312859358549
55245154636651072431528480475
771500055969043561343934195795
779528495967176009315474363320
827715900944528477895820104263
388020143928577455690171907892
570955871495405037289846371812
968404883212310287562741705943
293785244615143401379897757438
423776878644065867461298248697
201479562283145489396446058043
396306256537942889409933756617
271283769024236547099843968600
575791095559533370673770298534
795095261629713808738853029218
174242102463462168040547047512
427613192930407445518498195334
9325818526726554021492619800
24363529011473310499724695595
702604672148923897674185752084
879668348683718749774789295718
813392667295457230254316180635
633458910290841676219946457460
68065806995571110996032896712
653267858249749342440648453737
640262395058761801192455701969
774514495652652262880978584099
84885520050008299492634760537
127054665408515522242369540799
759249879980857484174848057846
583374203445923525200312516009
756025257898200525880086429035
293473511451908129065419544633
160520894587900279862797546434
813205198226359220181481609175
62910658388859414396175629061
717400006633278077913593525658
586919572091724164546439970456
420248972471294108153340730780
744787771189252462440367919462
464836682964126890161462442922
776609941658550990954436150301
362436139590637359668962678813
700482062834845727095897239609
904259065391378767387639723447
6865241131721682570951308984
691817761892699692782167053130
285144108053618468713697302037
941005913141371226333260707602
760370809203481944674761451539
647838760012369844043109848314
892864106167474160103837095204
445891791464432492005279533741
714847249888440011599115172807
602107835657226778058689432458
752173728176228920513282224258
727802890546068849007640081264
750305238295204165206638941029
253980332423334004671056779543
723279683258735075164535836147
383325318666764128688658288694
662824261843554395006688918258
184635946494964941017409270019
527582014494506273867727128715
186516981831307950089906756878
913090761793701182207603806780
725782700663170800600415893106
817251051768098514582112516781
592963342733307089668577923249
780362319747344233683483600452
818259767139137079957593270753
516625644992093361964294509841
533737036355236336693860945212
787339962903181968510825249734
950426831826485989699235301657
41086157211409557961287962922
257610788028321462860932116698
860796758893354799491753475988
125653552815293139883176089948
598375562325521785265223100156
367699361562718798824847023013
224237089726591549192168485188
693759709684138558653112114428
539565907550976045087312429602
422438269674791441868769510757
724474261736650318511857153195
104523526528791676584946050749
209662466131224610832692272531
475986954725421519883842187865
290605514983258164038499360312
376746517878038743144926006338
329193591127237571710369696298
932924591742434647625120696590
864077132645314329839184666441
482911040854223496896691069832
590072426420485597948971290507
979352854872554554677003991502
190512916819688615851757321739
152197790121747315256742958297
482035609063160305429326160811
331712767581535091943637724397
178504184822006493531501450103
708303552499112707878929758955
266559252396721502450539349973
845477650422766258549716853156
735383434772643043233147844859
431766778495788778367332218708
493947557882168654885823252195
496386703720583976991178550034
984357716084155969021381492282
770959767286470160169086994490
586887838997759612627713094963
74006917099830659235673753672
713197413008284800056825494274
654289177253159060192275941514
525363366553978596779353847290
151138693029232557134081841262
701861392952993834346658461482
824068279660450305864893210532
207772046506980139906641044750
970499969722527173226186261203
49972433067308234024102357440
839723150062343429138925269473
144304967382478844729987320897
808255884441936876217821251477
306941389421817461842665503617
128730920602043621115755923752
266514416109247927098204515656
12573289649437178634523505626
319449063486003225393024465536
840216809511486809490834605753
496435588061554883747117668840
677276313490135739761810127192
484507840505561836031947613154
360682061100775312563752230105
546156480005388885746939898090
836673252454073246295850316773
303276516631568198590085372491
951080435231047446073004877580
593066521530403683751786404296
565633671668377869259717193248
837389319151740631858033427521
505763853336119465421723318818
160507616410986289739623470259
939962650463033617288256986030
225488910328628674490887295794
452843499259338237890875094244
262734522103591572520283500927
143751184343975956273499240321
239275631637482553746043437888
779624779356109765732343352679
605910152918562156578455709008
530037660683843650532279403673
37003797755579952739655390425
713022932772302792536810357015
533422349697675802545401904897
774015549484033312504781422670
923593532769637218806247411290
19919446865427504637998000776
700507290512090282410101403908
348374531297825787741198266315
436655284224356069197397284123
120134544660557033093923478351
93166797990728473563708730508
303114505389796064331946841020
369749735399985401001889183141
41945031151286178885306254865
237715308438654938106471111180
152077880275452408560849607662
417110426510030549724307009144
111729600949743661493857465640
921971185321854118198650573522
858466217488173244648418773504
491012105538179561073305314673
12629824810587865823086389976
805804152893367108736666025523
437940209628453432761652417320
618200688028035027237237278374
515207251514546735320736612293
599422411390497074904679138922
657444835697434253858376004679
112851216055332966713353724069
569706162182729953440151322759
77023083626556880727892303598
903125318101433448191710762062
689366622148298814649637725515
741641367560808489533573252865
652779182625960346215423641871
101044178178821961074989300957
260477548236276816967932848624
486180271541409950440267524472
307716813259478470758414994152
385642083679799080569049423054
102005288984375247638347229736
379689931479465709204309629962
972081668451202753356320193507
585481190062721214129894624594
968386692495161703885067013597
219501808413370338479818826178
40453683846743571298934087263
718691266519310395590266254318
170428865853713888069507903204
867309499399112280361383940849
823913122496769570950101649647
131882279023882108157194240064
847383378462398489568153450395
860515226601115289795021964617
708710765089091538661483920106
660893524845161585582123371437
420968312833857785074146067011
548297102170994833443189203590
596268230083720008231606080790
50294662687550260278496347947
287965617386107720699041939315
246589195341855751342454004686
828828397954552535995958503254
30622630149211623213667755306
97951957088748037063736069915
187025588395664471962045067705
735573279856272734193758049819
886260226668308603705831082697
821771334644003649787632172597
770643780207900277490150830930
961779798454097846498146486136
167433724424153612975313935244
445069157732026487112740606787
312042653645409003402172570045
496351034867316937877854396052
988652335887712983321131856857
887970569540741826270836846524
418052233866505003230490909674
196924200543524732193857152487
786253177583408834012324454130
963312636758534716899657539284
480165650375858268652886714370
317583788883632945462146064198
283874051772588982203204981095
253511319389922741817300004756
742359377381710036984294373820
883432271184932907719670747697
610581581145759885086612845784
903061469219820131187494113920
529627391795184908413357302334
831454534104374789849015969950
176559617299938295782874309307
693739987376348129666850852796
966657441854856426556797604087
18409698744516302631282160299
482015161444730379806501889224
537539055257844892999514145677
222688470357906395513638141242
109753425743928229222031819948
521598791486672846368742613651
835981115007263727956542442699
48446318056886420592330779148
567927505250136163800298008992
742409310626810506195322168256
622882557701319916198690201140
455521389866841181520576908244
910029275866947847417754371918
991555299544145019476659618805
864169513525533599782919755828
375876550311629322621377288058
868054668998804589895109757850
833697374435056787828710325944
68125459308437141634381077505
705163459455465838536206944585
476488414951206033607905076710
318908906728221099358137399610
215718351792484287541339604934
357238453450521458917284049374
961614603511567164285404342007
343576162369324408258868149057
481642361987043977028026983048
256445152633975163936438159668
798080134301649077144318952947
319688115399462293930963548560
956313462211503451268879560374
695758154541257942327081383937
992337555697119901580016436539
885025255282200080698105572736
360942980866648501162960210357
87390483489826065145495443165
593284210049865888683008789233
149272263701379144435287504069
567752135805956868745466542574
414521031147559322007821475003
917891732724076539356462277431
394173488931058991210094757716
719778203496227585285723316525
131717273903470468867321069332
91091227340656732470465380850
9568972184355848410424297034
269174927924292258845054467309
698751326555048269177380403075
547833584724173942314382796986
858210590501331260824748492194
636492017828916892624698555761
179790067783075527316087457445
245849100920671091799319718508
784171020238119798299768032551
19705717648996106672537627638
585095437986602378981922561640
843501435467915977354711439948
970801219364820702083241799330
196828265654035131128067551233
466987114001672376382712433756
490389100828107153153873792829
248966173216033696109317357338
479027260101348421089017717224
639548508348627474773675598917
636970530239201049898482837463
791065526475201659484576840070
475066224314294863453736290731
882324966182651859793135418857
912311485687090980051440896041
935317439773996381224395346108
827949309872621349839121769139
748593330637146696262143411808
573858744575562866495722388293
327453110832778761841122130003
384776099309222785189156617661
633901321686597370940991298623
963806221263033870489808127595
542864229147646738322344818143
750791390075194649847863718157
788889674352173150574830104280
587234937136334266581818514810
205139115813212954576591774007
238876019493235931055953633493
267615889038449133808668393646
789898968483907338476577142646
943254232531558834954064111034
540209709719127123581371515070
901630905123507224013189758094
434112996516321696029824692569
927047032800105064278044162031
21487262876210968112629206717
219373987938437046358742541241
836283075479523538023458670550
7011506893569513890498056199
48132499591175014194880878260
907528276787020061604260096152
402402308949477564890349580236
779758727871767292757720800032
738184802803604562727624814080
910673514089896055816688634289
103959388417196527955138020238
691579786337020212442491113512
50952036848584497962289461728
928082628705657630728643744558
98769497514473172859817940325
968081602030045374499269544584
288763383520301910975969025142
799055663909788958212748058839
842587445321047775517409815625
923897401593356547503197553794
423647909154339459414013914376
766818060092717836217033430737
791459258097851520277985531923
178847161979342044382326617632
971176109793268087999032152805
59568768561793668664824361792
72830370025748791376467837581
679887778016307018030603900161
397935205893095402582764127065
549670048460385283610100616050
451791696313576787680588443686
25098140371313927845544130888
853710374787414494207041296280
40404670671426664006596208130
259893545097329876289375503937
417101910184648373535981549144
564173650374903352526126413042
772955891318999725891796954464
666876105782552534199591154944
235139040032138853642340756321
407388763811988594504005714115
246002741772426399933179929379
496150708234939676303664918327
358363927943301631684006414342
650915825499032185102885056380
816636750651882726663505035166
684987875827627389837575658999
857706542597140559190953531606
541437050831907570339138900961
472734388986841821421114291140
66137425522510875910364405012
171641859453319610816915996991
366575550438332143050935166900
80465215372126566643950953601
776250895973644899627194708163
376933838154242243244574277209
279125212268782519707314557030
935602690562782473839396237341
751104355119928819310397972204
94011275663791854004024756052
723134911118530254400536822937
347678006838145729375476324447
124840333177478219689008531232
192838341195126759426768609611
517243096987565076859061109611
926342959897678954400839802177
967835338900220714469373447667
631520067960044919736332192918
992991716090821568271275952085
651989862002313444096716480943
290419256838200092900844336803
267232007002241356980560310588
123999877766464199043466070824
11034052024393615875618098732
949308678737180698238673027053
385399009515615874705898699825
758672111795030565356508464770
132686397585356680138793532552
259231012476442359244308096196
38253463155391956316550806695
747838503614933023032335635915
341286573010884639564737354836
573145765320845848007465613420
298025645614018971955686841476
471407229058864088489073136774
313212961208589977122237126080
381883670860594132455218792180
385136460322742740253937332942
751115772188636822951483471518
950368102936795803672161401512
626391984368508070282469314749
470450700506832323462095435576
906278980830433854288585072861
401502308222431455539291397842
616653628577910092552488825566
216586894233823187362075647460
184734344497396601134260864730
983048651521471675318331699649
392420204244015843658669624252
544022180204520489246236315424
578950018196446729768649931706
893999567499201653136680443052
45147911463906501109431311448
148687336487825323089988788844
639773083813086658868895190457
855557448723458180230719004624
954838474194970995996920525724
52937865811685829708957300464
61042620242412720874567395392
915772893801842518925471863201
990711302580207280162353983417
403991431181345644158176332059
593100710139754175347572537293
132881000793430268858910437813
542085971028319402003793308653
916141613688459233493302115322
433919067731251701292932177273
259172371731605211430764945088
399320291046214145829439625298
200008683082990226224795977377
806449024270069301744496724428
528375204273455890576263192228
84889836788590926746551324383
862738942503684623349802929917
32025659592014267001401484221
825495873169185794369373282935
370272686629039753660968006242
767831816327038316340526439511
668114775420144073579306980876
357428105412692586994063699831
28279944291685867647363469151
263003151634869390836913433993
242931664793516283820171805779
308081377864529713909016564322
359506753498316716705174676765
755731365511083443965981836424
982696906475224691191382653057
90121562845529177701364997290
966308289577356883480165630052
844224421972082884557569049616
466635170840724908993298942143
424984290341099893072393003056
107581163064316207662771154373
270102010715229526234545564562
791139359350005017978382082048
784001581155903790860853685927
13515962206297258292023932654
217237567929663410492642422947
20935558909487636176992639392
267417702799693955319322769403
423140042359385746099552676720
192117683559985932224083240768
952252474470340278271002027067
37073828037214168547678238772
992976168631948138104113267217
992935594249784337419063635273
183405573031952470716820263763
974063465206230318859809416065
837315030553610820021699304646
154599947386946058369371302259
344805625031140957111403741277
156690479939744004117714238392
152287438644658002958923665523
611785119139590231366382176475
651312032260090941905123964486
632357153694851603214773228958
929633727957266538783030515683
183073502423947298351538301288
76531182768504899227689899106
710778322237459334745688315422
958701742476307545121954497450
368284752356188580691693005732
462867046326532420792484195308
683179082079014909579221246350
686218085936050541441423445740
369109475792416340946621320711
913155758105686500257693604522
527615529336471673206770243824
356661567513400751623911270859
889153648952920894338604725805
644996647937288242457850377958
257693256253009925026545210223
67492102962568891846728502067
489641116121629763546592276132
390555172313331310072652889609
397715301622730382460121727164
639209908745912472887671271005
788314637151874929879105944925
419931528719833918322359260339
750326684800447292648399739572
15808598689925523267562267202
543197861678912650140651722336
614115109677370908781615532742
501502787411266356592526794388
539785949349055685763367599866
879551411317352146693835931507
532536277199679073834650872609
883667528216919967250413153525
554686096703196111199662266353
642337444131647385111585541458
255584318646955440446926661029
742390659306166819279857472014
926251040775053583833631230132
901200101874452152910803642268
470343416271156649884540147451
318880573919938806266750753999
366018058717746720658987339725
142408545623461330141271752866
129544821127502985109983196667
840871048575908679694890076397
93132766213859528235095126106
883626217365397510674596496542
817048187145213755286605444160
114455286204002488734160756334
149098910181640131506679621868
420597248968665858957584678134
981838189080102704425943179593
606661478822336935938718914763
824066614288961051210056696785
46918750268177830867346377237
834930626014451700271147961620
946411732407376740670036432848
800764731205642684898823583633
42729883279335226404481558713
317344205849984893954963237370
354103225753348318744737020824
5479970020263180325200327803
295924244448206764342811906640
928800689494994517244703082973
526814369902856384019825759604
141726400374938094390782146112
377968629252603614281348728423
938422669893636117390909831919
573332113460103133899984000779
652889318290658084985986510567
837641314678152700765072275627
499207026257885900606255189439
259381599196737833740494484795
226298259556360594933556798478
8089403272306940145981471507
39884244598647551476874433619
338634793557263219468616739441
926537385944685819315101008824
964346257484479209342002399691
979477905083924750375573901754
188125926583183902937982833835
860000496582684497216763507826
806810540856616387568221087137
588190425771334126818351394040
132640576575459415311091224780
362167165445798168785597335955
837916694215097806089627456720
746852729402259935641123730121
344709556259184681739564884248
439965980415928848284774536267
299741931620103368166578369811
439337380323712785017064782514
133746645827773302595708668753
973331939496753480908624043233
994912143761090451163902648348
111948073502207890931024464893
532471805603775198083298390654
772745484818745683975699398880
800982238956123056118978431633
824343036044030125105942890602
536490320228332930849218325620
933814102795974651134840887531
161228857402505362124734252290
731985923320985306725671861550
726862636435973295897999606775
48372465972880490072940479098
226895440349349753675429465496
824840215451388491653094511783
757529436008986759584773325533
327940807510870905640754671367
996752150302291239720265955965
949681335794225216480667201006
279253100836648077499056104022
564220561672959918042513139937
533345611694574737275516814417
331785698724298457485538866973
714531618530302202223902793569
410510496282839949738079763349
903267784039642683423740575358
344491699575366189093863738166
449524764037210618065880338760
182801668906701236042914389462
873890667889786046781244029267
395276208633995737298090675638
506573540555962478522112477319
167214502130868954664098902798
992354287749550499439345893688
73227410000865442766830098099
140902474437576317508068804872
620452830668521406485272407336
454147993478414978490195438769
495495945278242243761424866308
414546685199208464812401184783
282925775089595878615304441478
461898070130245444549336351950
249697117224367118286159288768
956737074036826504787412719715
919493724692712622014608455908
388975639606533000240325651016
927598733606031732007569749840
625977599759440025452163017395
103783360412415676953356031711
266031868873060995302768675868
183621483368752229568489471427
587557712043068405187790989047
249658006282840925427700027281
79428243901852238947580060610
769659376721447837464541617133
614336241792056498273452269504
705337272124026617299554606301
834048634552084358639422833614
382074876833869366122637114521
130340330312145689699873922074
699031934389040239830984670071
46348312723140934878632039051
950840261447678945732916320308
49591530612194545288190556882
473967193348330904276679616726
871390647136144276044703841472
234039793060945211824718987004
188318593202944090731805752566
821216046140701579789927914566
460022479683649817619559682040
9272695840190688122736429578
664432242943883476676950285878
665943239835880850427636243234
835897992142643692700088368622
39042913865169735541677246396
381819808579438659115359802066
273512685994178631055363584361
287648733348040911337046815506
652523116425368452661039709326
138960206816874640712940831670
443562858069161361067272169469
55581187719788217466771525888
183283897922713868559694139439
884709962120124985898277626360
652067659279666752120526712005
314655587430114558276164758817
785949406710933577591334291556
861980210911536529074939102641
102222909387735662637405451219
879310261514291275848565427578
815847472914293571828318537020
17815462719643040560513553878
869716862491013664706731978124
17876052271147606335724710988
563632012572441240773011690914
592261029821799134931066554713
697845827678345492178301039470
135120553422217432158391276412
669755479296781272454549709660
303563248552578909779377123276
989883518627858139143269297114
242403102952950021511730107693
545627583567607288445381489593
698544989852617390132049589829
837636802129243006046685541509
365424794217773298781448522138
185126573967596633859774592047
794946304838365189739269197750
496062469966993660505215425770
712408238248511005798711893884
294187808894247623847236682371
212463787454240993059912601772
400089093106511065738243598955
95731035839759874166581192554
486842553097352181680830103897
10458525168876055885706576226
900987321998508709930268405746
867321753511793418220956215339
176787626240376598126038048408
43557182449160219478258720687
202906864925082961349556269450
468351088112273135686568921890
175387732412810890221305910454
536599095453891310004452218921
682377200208474865838207554720
513672823983588645523416850951
963814601513104107481877831685
844477550686592687873621884107
513931556661719029617123887721
569859717782188351167048632195
509705592746901220178570931002
646821588925221576076337891399
578998296268250743041363735257
143115167900277753988366420605
775493343522073726878932280471
498381952419306772800022223304
16245889406210174025173673051
523138178762555146836175037564
192594030221841706630948927654
634468508447010823990734621373
959427323707371918643623308641
74274935341733086004075109396
663074083661145850212939981779
109926912979369667667126750379
514324174718825848929257758734
125413504236867776564796671459
313549776000209774822302965536
928955743629325590799085164622
217807844938843431738306529457
142911797371708308126164402435
794262227825030205613868306566
337388383788055469305424743502
12168024120895516756406654229
347003200734284929895873689514
643530485674759161355235349878
554573891595334468715661006995
135506287776818231585136388050
938277064222260320890270164641
166198728191010900498818059424
455514449075569796926605626821
290538140599508025076392046204
646866710218463751519325578961
493064370708458596598255106489
812615483412136660127573886372
432110102435988971300984110223
263736044489600793036729849610
667335389739104364620531529077
432830306403480375300256281579
178977321147775289203213855578
361474016580577491334259480505
843596154652715286409547783090
587764607731979435505371253036
210656492761753253882038876447
672200968546884274557187618255
142132272747728741326545399010
610052405936458656932249115115
274389005740474473027058002248
187689818615231400004375682484
434171009774575790796661115459
201210435263872419253662823278
496670989861245641025100040196
269658079631112686451090299938
583778219147393361262271183191
297644629864304475548840443522
443954764990325424177065836844
367181422009462094242618629237
880368416384294044538471685094
937176933840846557361117324854
785581283847865549318695142522
957575516890841741232177776469
575265314650565276207645424431
558589038948824960129639832361
673911027240886687252042667049
857521933910598730394496921100
602941045758025338013869945053
944572515516099994762125104967
810613506175847595195239560251
548068786428320907226834441349
440057414555491202086002183717
950242311060377948368874386215
288628844658441273926033970311
891996656590104686780545462699
110274012440304803467741943736
731311357765621809121547859416
729509690022537719084912388484
323142758810776052373864670661
580143346489946798085509924044
297411488705306690912050631119
610929001724049188841059367872
308225976486811650663501735410
779509524881966357767925681009
486435919223743889447633948968
644459056488785897774024923595
791125536552791019663667970743
520418536437828902386696747737
706798682625923004809399349290
663223365201375223918802245567
278051160111116287879772943897
15470608386724882283613477390
552433899126132824000435828444
618408776419772086157464487174
230808261281915705986503009777
192277099461308616409113547609
924504347870003946939055308444
351822610901899032830279782359
497030485988027635502014302381
400059681802375051057471633067
908220061955099529146020571303
470944440590082147699718790865
353746264421616879861057562492
863843583345286573773952150836
543976282307627375639452695191
761844316033592688310538084890
890736404553579902435517590913
196558181887263013934603129319
326027913064905861575533967382
753181464366558007706268279535
665616558591380782714758766809
498327867160741978682135183019
28074606603786629956909768725
656970445328719186585626305340
638985981873172827621675321363
971937796004691793487648370644
380702721436920643069061224888
431496356182331805040128756222
594242777568493895580375264942
138530233878386516083606775499
218998123174843084138946636392
323936000446265406315570111775
739565052305800912779638559303
624388237577788891011939249088
846176357790348468273448935680
272123869051662999648608353054
529478014270292204870990616403
727251766540800223082508037629
72434788205402243200949821822
484741908504012515050905191261
170142358440500782573766944934
722721836049497409097174904351
615175917937186983533484215278
741740842466529004545913122045
188273314037237853224363073254
739306459614742531498788536680
648711096354037423677233560702
582711450054424850829417421597
711629586686400096553709071020
604557842782131728888087364616
205471042098494283826602000348
768059632718407800400683340852
842386146227697422743858333165
581621910670722589609375978385
614365492953516425482805999951
630106180706767272814065174756
434176280005545926173865035660
621782418742149867133387120277
636369483056052371477287082430
363282455011470528795748457732
751722145911953170908879127415
606812087540322714968000786890
637843154598914104957691633025
244080020225845632915168683749
550721117754720850363068013288
130323781658247991713098669144
854827223458773346644815619146
34953053475555630462445788133
257554901748266469161774861870
709048692222395127211892143903
494486791962774227089198109864
953663647559947937346854795693
541029889691565273670559822277
694598446616883840581259067938
818050567735329855285251260324
522244752222650839930172924393
518460253815901808730898706775
89809897985458916373294158704
732623788680509711816917096316
463112570247321811224842338734
921753333560826388538409017045
755957930913886276211410548587
778990172443696923484415992496
703425600904764003292192665888
434968083760640444732681016445
174576835816347667189916378213
620891622287171384760091711847
432967673573637439317353826787
148285760463183910602839443947
639978593339874909496326213899
218001140156595889948582557983
291898728809109535723087911650
352232774989723481368020850545
851420436007426921223851736654
380216104047205920294227355661
410619363790105472816206504612
916300689891364696196700890496
78959363824890634308505672342
56122205790708658610013864166
462593676153818834564369853009
629932209472312572035193413938
214512963247130074693738859491
460775096565914896846632796102
407144985664253343411259587469
337799664490289844149738845493
537380425051989406938291505314
541041003663009729670104780476
734235119591883559261414620251
697507146854950214012921077852
257305718987486785098204080927
640013360017153575539380639916
834080788782454795039942077348
60156588694406669707137980315
564301470158419846748365453485
438177540996551550850569845792
711418321216535801514728770520
941713666234219504081190068657
66503567098401971210626683756
787613966536114849851720561544
8799910397103769858189977069
928909136118744091467681327899
987457464772189872906150793971
84300503390173932322169130469
988362417712107654466295636403
283699051058892503814185419871
47910700910586047466175810340
265886106401114777145786607597
603157452905575646955987204587
724928778431624197951722853624
67044272753624784728872789990
647054413382402744081667660040
221408503026826513516365124552
37010148068281294631182899704
912268999003238727755665860412
873164625397857215741998978514
618211645164356107952736463439
328622896877053664660244033057
132410936813872868473575420474
201642920447891379810646174770
817471105432446192988764569447
733233061990045926485493454797
644348810050117769688895930386
785610975226897310075401102531
951908220069928272095004617536
71041707347844524294141544664
265255635951220153005347276611
811739384263408828345769023077
72550355799448644145702625450
676519913462629069649871894840
506397160816942753417435061315
772443641390800287120301194670
384764505510269382012756446028
610803723419022808379986555391
202718623582660258123997315301
680822064084017267139015739023
150942849745740029173817642150
51260437263462606461144391156
240116272493208762339261353191
279556132006592718447115053634
227565989487198175307813331406
268825162340569158713560035385
355220200046013931062102936652
25851572745879966543428464256
714076786659839743245799045923
545194091889393704355263275121
637044888615533142836726322467
35611318136928366895674904398
320281639122849074401714729258
325021542715939563370748108353
936866239016720974856312345407
511826149752633113744209782371
548794839158280492804388078327
951682715434206374545130120344
504795311603573621258033744306
645220014588567706746480774538
470890661437849818462059257593
857674564897109611074463772711
735687549126446021521140475751
353502593863762668974623919744
560843941136909195143204884892
209133238915686381063790841176
491761463043919184501449492815
799868772018556871239873126367
303237188652302339861080116714
757262040686863223918053845607
302629881416015033271087324192
752360013195185248958345011512
580105764538078098115086048235
128020425460203557371431109261
947332637430711144202103284255
572505646758591036896984813174
225694526991416176640803721540
958274876385812457372909356436
197537159484416684911835105172
495123251411970134624189787746
156237535256909945909106416536
350557472651956508626211377464
151593343569025264042617864669
909590675106611067093581530593
398569505241566283069008443713
938125565503988440111700044553
988847804825834319705485625762
984404205575491740744283600453
286915742863063739906511727212
780624777662696445387058797985
397913820205828862597735087886
497093092434086568765090912959
716575052729005501204508146288
162432184088148088951249662378
1662820139976235898943665704
821871750598655581884643201805
27009588399947219854155215255
960598609522354716262073636432
198518941022095203078910903184
475454837831792895971822923688
531279673848875071065920554260
693530011163618249478712622222
599441351917730004650217013851
520480473694149392780441293444
288534121007930740646985156157
538247401770769046115007089907
801317017924464104260260654375
680832398899086757469370352734
227764704862548906072650538192
822996071524664394103527795246
851813649677342448198260352952
338983930150615621862683177059
402510558240637790872730856273
376409636058290947165181746973
496749529202770552058004528522
59134478147471181568095417446
78526899037425559252668000830
996551705117786914207302190040
818676930941431354470612976426
566056923648956786419984628927
632277508041397398239258487971
942329479435774242282186406231
78566052825509262773461430913
348091537006703339021734223892
310202837236356129664135779544
582269663844903319433484465323
672781239060459742458804212636
12711697518037614729557061261
69520620330692886112712476167
705256388062157200814230097290
937642605256850072276817289894
30106257480450391776538140758
343951708547300691496867999269
239989714710859091918981105589
97540443359139630900272562600
909377461996236534723645353134
324649791814899928669791470062
183022254104051360182587496815
670597570476731305522289605043
402827807811693114279156352553
227306454695679987781120955771
951613361208890000479914458301
298050148402523778052562966485
484862257212857687186907969914
891281930204941106054592884950
110737505076697158269938922523
96955854354788493300143057096
306051366583003523978124640484
105819228067837770574802033920
239960148481328260325058619400
134513954494095235378978096918
295855804420075064036684881863
701628677788945069027658679234
738149863373153996999207448938
75259314816310939426082583362
411899413537432122869531682303
217318390487955571361221021338
757889163120049582714164420723
466618182362653314144094625649
656805107458747056377547637819
233603974928838847803848259350
974121696072337063603972555240
493740059483144691716478222688
68412215515364596253451605848
451505378496363761281858889336
790546926309199181816080989287
943283043228691239082655733167
783383640449845916348579938312
132495536158294921290673479619
640050054897601190962944309705
911247179815679396354140405131
828696929603103550162244766371
394124469709169663393149198284
534882747830942530757256280202
711539589409529378462662306797
882141046494503352563177832890
395172619349567067749927882080
601134139901143079001465400688
848669869905674077049819315653
368238744751138612065816361881
831956605030523469001229852570
754640116086403878321977374144
835355615556209813726350983612
689600990288836029599382096141
822410278503460854217829414151
196480404233564779993692764544
92241961204819164399208190391
93486933422568503238906404343
164992025419047068690708137902
150741951184691425720448236422
327393503991222418807222032225
776031402367895949010343651654
635752622928509225296631668123
811634960825510508125069409617
53017377993330523053456628202
951505730091575957105695723207
773521567616224397166288685086
6006541014189906845816146570
566170395970664223145823362162
380784854016937564128439330063
944842690383394447909868418464
960562859550071679549241081009
422194339354442690973986112468
436607634439459777082244537985
494446586823139875774621339
372294273805972167633983440306
882421228238774778865539226106
656585846345483233431941177633
466745353658774062145060799980
375071040155147813368112937046
341644235572403013871981814691
242483938832439836781589695336
929831570369813191070254514307
68937657489777220700729884686
836823312972142681710749470681
330559093961691824692847893319
890775994277731614635666680666
705527067345237197606812696935
584376871413983463894435849315
890441321541986882701297723040
443664366269926475555815850057
163640493231896738547628610580
396924511353544497546179861394
309608217520434386605514348042
710678584654643076766508037805
867490754519030469873147485209
133676614655690836822663866752
666223016779961668948501553932
962634739462154575760619918025
732633879247200843620772360982
25401295603993792294922400538
863800665724048214278135711063
999218599661034877933213918986
91466396197623037384507051133
551583305263501038398538077884
544599339147655758905778602519
387524927835193831193068589429
984967412556744905227738257086
859685266177983996366084178772
946254111416093707572913324760
735832202696838422016486093707
180014162247818914159661411930
139835495854869638157385789819
547084350455692971065734130565
639623338513124347639823875965
322789211997408078051766292542
406661952589454016046516997255
107977160064025397078648533365
923424279717167055237000555841
330670893252292782164575480801
44574193956414809493040561089
781676037894057272995259521534
757293201795258188246008227307
652430616857605212995321437609
585030899004183271151843469830
24027412809633060168248632722
788321841840494860353232336323
296901835886459461968860161463
823534532272658949166635597494
389090421525013241312446690399
965002878215529193898574102964
861789861227376453394820105559
558872165604129364749033464703
693237787819998043194729590523
834754873382339892016067527670
679486525532857753031545963458
107757947923902206327210664478
32848684926719463148489923568
747562401712037240842758335321
54688644632503115281116307056
945629305484153166861868648317
401459630404474601188055188060
167172088008743257613269256513
399189605317169510743727446222
249104469793907466238388727496
687586587968304314087604746324
676073035071615760029996442510
392188910655002882241671631659
204460585243484924250195308302
100209547034144038739183607989
314028351716929761904613409517
711846777772345326196569926794
975783217922179799885832078225
462558235644742145274263967637
906934435479804246506266983658
937277961015520699993009130075
178141373508606916701394991682
448561867641199286804578915143
434020103149568568043565073622
996447853268843458024067913325
779451570160607931906615935864
706383362756618440853079102916
608854328563285749542301773717
158480920357580504030964786805
884196635765148064040627120609
361550908129722606695252160081
798743399783777742705287350093
172776105502561820863094177975
568891702199795400758461648686
513264792095668428081217160278
808584836275660012920504024878
430035534488249678410795458841
352781350171424976548154602408
771566097078560627923685892232
157900552957711119518477232672
706790454015448906318939704990
616270701508464166054830030813
728777166035279555021045819044
806603516388496824619540589812
27218050700215568811071164719
711643808786155816630744398753
541803783227909816148027857289
179927690896682541979521993573
914025443252596602759760034153
502602613461462071003586184620
411960651367135859186621462603
27644402437492606356771479762
932575231688318687209432615178
257000860691664583753055413414
997977286586961417984107518719
328439725306168268457760169639
896712220133476626073360598373
705140303542497456602602513106
777781392318165189578809002120
935312330708368468889574726344
794778205254352347563412287984
693733354535972424910458959101
789694260010910820543922367811
587938679277772838288894893933
30614290237314592769899060909
96494290511602337754114756434
299582613174509786613596162464
504150209570636904214877814815
141481992576185326299209732774
776238664083109139709687733157
116974164893088493969299297456
716807174463215268404191938399
495309079847269269783080356321
919333786416221539717180602740
679997038718585488518344978639
798592455028270676361385417469
353072973333699148616447381990
761123645911331561276642241464
608409966642261744455210667367
864165279268582388159370217210
557170789842108502144612850110
433643156831868878247007400307
771673809502018357331198596692
345959779336369507983362244493
908062613113172802501584781198
502896610426442511175410509450
785984307078716986501525850816
289990539838939841838325537564
478316650700438275565010485346
452285640614413388877135523476
157564554009662191314221204164
268843610511663672731355714200
444145559358085744336991231931
261298846109527981483623932119
439584991814744069177839684699
754722832964692057874212597169
389337177863617984493802957661
841212258576347049269038179704
948709353288058198498402039911
96201087570737838719220145398
945291367439938519658309817561
927139861091410140919724963279
509845036308860270911946548720
663173510477645986660969730543
681657307516567767969656163711
455819293688259569654719019900
35741951752194587047660273798
185926447147604992758889111701
682759531548887740724630026017
99801943144454176997483674262
203046676308311744597684073430
834824422571133698480260355953
754715105076611302278405909481
522251163291196288740203301117
350411393046394403912860734354
739402680538850306948247988943
956904861107103048461024970324
765589312932626088359344130296
912896931264560413772703977877
175699915194133968430581355444
632626960463414048479487040883
302474545870196151897299051207
676348042315811331953244080901
320925850197245499834135882639
589709963107443883304733881982
742067105446216821126411582991
937021850528491319541323252840
90705973609770302774121439232
783658083533640692152110951620
438221679858566327686754401079
765564236582920018727892186031
517256776294687750049264356111
50044012698493584225167848715
622001825883216488438341313992
207859525643946540628214954173
754035372873752776955130913076
380994433966640930850764566668
672981639340333815866780172453
365304047251432907240733420003
748618955893978934617053828616
746887604589861228248448353164
629418460911960430632792996900
572862853638980399738828592920
125837426634475471927121317842
820745944608715838023020438547
801100166953989317576517818374
660575853014235324283216637785
410316841235202000587673283873
517337268024146896544248487544
930601602297225368510507769477
296863084251611079304953152342
167749102738414115557147587639
515939329692867259014893320542
263587610931437461405505974463
451446859978596433657576809933
363478473691497260980662369418
135985109434782424144709824481
467607884844462988426303715084
209812608261228163847461682759
152302866330353271532989657701
599949235553855241714131149268
835974721895846137383062055426
846827766863004930740981973508
995659393190878560275530703534
562648360588871823285538973029
777344816833523087617572703106
910902896656963865579330251678
118221652524563573369859158108
849863602056924438295248321149
15487679326579427001200365107
458505790432024618400622765427
189256137046684031961110143452
322757845037358448929955539671
873435574682514318531915902479
403736999778925585276651704747
666870895926510280979235485416
664184103753672053945753422161
355960494356450242939522809776
21929282467236034496772894789
808049645275921674699412339352
900587734967935170805074222869
482570311746260108985038229314
445299798873121123512603503214
69228249047223443692515403013
261424166961346902628448137894
330151228842231172050677781386
445804321976344034447432287792
94497542923353354685451143767
525051874819044841707241263724
148777800889758386328670854806
698705255353257511658308213859
887154915883303905237292002676
425072448386208794666536889255
721017364612494366391964933351
646186006942347719570556217114
320974252176263207490020053655
918145953495586267958801130802
394253381704457512389188879581
947915002286129444136086308024
610850951696985178995114321424
234165233389677374193449158191
683665530340746939656490351390
370287532173218642058337740951
926817137869659658869072557304
655437434973329573487431175236
451949036184488561671796256639
694160518112246541036106849678
482207672207412808250751165978
74255789579450601790816320940
879754462418893485854565707277
849114026059862170858239562992
130232096649412454722349921044
514728357341026818721698809446
92608659751929589872771168806
454139519838202687639337155091
667660420407513961697743941960
680339400476787274897596608871
125423048256052317478108819069
807186677532496076432964194378
475777518954062288890581998427
605923239635663301178531031650
136177189100619106699866316994
868273571570375010418834431800
87929945250012744900804757047
48381885426180073932165622051
268636471496328238121909328569
96089397915417078904296225955
769967532510029854876219538316
132118123815527473259076422075
527638418778061938037796473879
286111094730868325052453261928
382324718251104755670572637649
718725023711455225482323558310
12110242678796007652345336151
393946390390150074311004688082
397740913728745863951195256390
682991796974319160855326426175
702533665510165006198639622880
803576400055370483867667622260
406401865979713696560553463340
514247002850199656832859468374
11168284233804533622634680150
623916531318636502191424242741
552818058798326158116459396386
308769770096271407359627749427
19269832232401418164950879224
121944106668097776403063572018
416406748954989192051650719406
746504353876711396037308090490
830348379128089349164039958422
375179613922066094351097509630
841206277466053730934024112519
727489603552465327130273258738
152600539864622996834068102627
614341966838620519686562407321
341873465202899152051863921598
663735686982110258098049300049
302209856852957093074891591708
95721873883679577790323176837
901699513580825846234719482830
282614545495994686471602382410
35400268865983623823443690366
717535399856853190556741916547
458272443948196008205433119648
971100046369125461324563938250
30097724955733870425473373331
833182501163215884426274715859
258430835610891274493032658331
285386752997767502676577924388
428152611778805444204934656202
180138074077005635237697923847
529435951001036768308802472882
290420146211583651111659725156
467236076399705417357229649855
362344277571161936397696043343
863421068126359663378620434864
938282984598684939015400915750
168446861401777738776763631751
544228794971015317634373333391
849324194160951029404970059276
994989897391596829966208799503
786253240252655937252032766181
624637364270042076930834115391
75662048456813756261345286699
948335313200821872734099748507
454576059184676045492159253608
257321693336586500500978912489
129572210658814998833439878752
756947873001014348303270114435
196634834196650730374379000452
476077942279400031784345026603
125539528684490617684069338218
615709596389402629730927267719
686498592632132658486760157939
522301274704646314158362445669
583714154263268874605005398460
949182361655785070189903014413
121081837712199350528353025190
216364729570755087867626498351
48106174146592363114745950428
352971945456291479508511736652
587721621727756787029689878292
229554065885359158309367742995
37629301293293877489146067975
465893882722936075360873380464
360481227319245822430312477594
921549851787317312281792297800
506812592553917683978185479585
294455278317125680082144088237
246795561258643747768574998458
281428448334278737961615449747
693672507334886999658441809617
901523589500580746103732771707
554804224442750981957400873226
943131281673468318088431856128
882326940701265713170701781591
285449020862978309969950866285
535446676122830859398167913326
820728033807682728888467973426
48834414990969130102832796402
298965220570108218506553003956
42059318948049114004707771489
674668923682683825649632486367
163598556825568207784900113276
50722109708930332134565241894
80023121799931768011456065034
139623116813453815032540029627
259387585137610753256273516469
809958326505466435838250413913
916834801589132253871768991365
173965293499657133354845828583
207829927178674115952153903435
295434833212197429494691262097
67751579851003144054414000737
879830056845478958140388916242
246376979886705932679155441012
265332324441003775614199461518
645288193677408571478363330064
987458030610221705557950519488
101975477351156335209392221739
104173323107043400728776784228
935211944051673206413014405128
790840234698444892773547398870
110004220099419494102990287137
991212441696980455275511306627
174236719840207890149799242796
237161149853959795170306546229
544561815709776848258758481245
495053409042147740650156788179
718414749015184675462306535845
142635389709788513989432317552
181676123758659471849944128202
899910226612902301876273804420
350929754751336056290388586313
523705061614387343857361395922
276091750654816239337966122907
428371208222484002794089280685
677172555129830681985169743639
396609162972464810318959244044
754968936953551848070904883897
245022927100494100189466730209
487144422972488942616107284391
305441485416961605031539969618
888639451219774497069238207256
52722164016707264997677217319
369171667284344655983544293299
2445005886541316512676587027
915270675755769161747895141600
911994448906476845827769906911
756042303144660158382304154294
974647089861505094124506269642
535629276413723782944543751817
697462247659733548497486895879
992890541380675106446201424582
279464463372882165766081850232
750129070042864750459148624595
327160264357574220066318190250
85421115262137859980087620085
194689138649308407527308558548
120230134880051556873627499701
218038798349895166390754024921
3675644722671246227219169787
612413862597073544054377952115
119226438219805249645327937332
296289151686312392764176155241
939366675015675181707190791403
764693524040382700931790252924
40196323507183612306124980214
684187122386951372204101156801
610273710627912802387158825023
941634665308962665971384061742
685453178120518770827394566793
14571799152199582818905608697
910220470056698644080055507577
634369533305617619273914868454
545744803811321361143392885497
343165275698484401515690832472
633141854416034126777020509269
275407885376174242048000329172
921643860098458853234988274568
227781491602641235667599740108
401590481031746228465097329916
249728043515256864534463355891
694733264973131622491732864814
810503804724472169883268828408
204561402477036014349860945949
162214605686778735769219807777
177034598728925995662648606545
80149306757648851917624617591
813886094762268558306663937230
422485620650538680265966214558
352631181505997633246666483916
382628039874429331809985161306
238882279133552050592948878310
573336432608840252451023659628
703450373081353176435453478993
87691253709403186815843135342
447787476568096880104746294
79267310673195803549951657656
439043773138521641700729517589
869711596518386278260723884842
995316803644175068775475667154
3487594920855233184599885939
605776037479465756159054052944
817942677030225128097024789920
806364539026021391772903124270
973912038647783692119254734080
105117963640691856853593846787
486926149605369752455485647381
690469756688480121286157896019
948551909438178325709036467680
944957202987678750725045970428
54196488388817593644465412632
528553050965534618532558396740
831552931196799313755422743262
425651000350136421480669935471
432309058597032257713266587329
418195651214967768574540132217
142262122763526111648842184707
569597511514478306526487080652
223042386315657980066298184615
827021824693069386808935830852
202001877083393313335744553774
912656558993590983292536839175
286040222223232624596769341350
79759100743386459471059256167
425922914516961985201504714459
821420084668781609880469268567
229043846851128961545301919210
838306559013188580051065577700
461542052511583254375517104594
183186072231423664367228023883
838744578978499194069663501832
72594669780367934275302978486
898082314329582739681377186740
49193933257429938914698910170
830713984304800542857269594302
268706768363998403298184192188
868302964671830635918100494485
66784197402389921063616402100
966409615226659713509729572606
798800583419636349450099393422
541722542535672429718496240517
343145518300787347010150777561
654796946987154735664845880327
521863561286793104038603262257
500946599969841388251022831764
879542246245334895907969234035
93537624320928916489067185834
568128650252598866137936506555
401700127369750193080598770735
90670450298886479495438632981
122226351658938541085587236719
442354549349734845011599824194
659068848660724926219015828292
981752566619172063095143452486
870647996500675730478904334389
8985213782220076461272884686
154389613370829455496976171827
258488402972274842192622713507
221804329531864798295207470821
856617060183789213098620172693
908266455462125382283154103942
344241912094434821956824663421
739120843791135318385029465222
949274240472978227677074948681
115718336687187711111124917391
233564572159662786128196821623
206866979667447360510130956777
711153977498542401486629214412
690148421350978922952436400641
117413701314439195582799675370
843214739486994151390522377167
572250527213006386179284333980
50016695789141566605568016455
502173135044785214750791911884
315305461683421785833506185834
303339565107650036936594304733
793418293486768094831704628030
305773343854028877083630346751
930879876916156001733325962394
1241694581527952294077845737
72976561440951175592041017953
749105157439748945246061285291
781971052578827046524923238365
428911382916287763253196114658
13833052484499103541300263685
829266455077766954462250079127
129713179505626180656898756889
772785305167789507315385661199
463641249754381658302047929643
821361351608255891464958071739
549642623237075947651524208512
116881124264589021206872625231
306147649070702195352948101105
356664521698068151179432759378
209279590545119226521078996109
573912435727227549660133332101
676194848107091129585870269852
637946005107246352630958926952
449608237145942269835877899127
722808634609277419106963783637
629474555498027108878056707141
296067502225316380466807197815
221772722363765267678482704120
147674869628875923088683255503
817345503222295367911149725809
28341446805101888412779276646
601431405448975694901698593007
377682535726542067866785820929
17820455885640571500749138178
959253279522872259468549215876
468768334445833894603735359756
50458019589941280785974218257
345887774367752803386276421995
914083083852723825863389561972
151587847662187602402368693654
916097419204275928580513541460
110116405607787897938703380921
112970993258610582877741094887
368116659347704040428690311551
480239460840839924281455231871
631510250160897791690458219634
808164307405676549393763187534
755579523579971521686867042422
466868350752906210748357496137
354893140602615569494117659832
360204318979298356690268354581
317049496173108840490245526183
138536098983932076105983201628
396312618325129382180977192634
741684831492210454865078351850
901892246231431869811806025134
546452541047834911701016911362
704689003451366815500201936087
858514822843352172459572758113
523028541713050256538397327536
562117440824801674960955648758
172171528070175911167970257397
606614214602817918539241130092
61863426318554793203374209398
907751238107271267990789174344
692111926207647461253934046652
66667372490230480141709413539
469759786400198812447553134180
899605535112138543434873586549
819956278124931098247245250932
336150534648869048132218262098
275524261270452404022901500727
267900613510865366570614655832
811075822992091753730148647983
201412941791372381464892995363
420223703550036531549456468056
796226696239319924212954651748
662261899728626741031544225016
123926704170593790759104579301
764530884773177905549655661727
503062670934610442709693527560
690559844817040686124236860165
19970222084965823525068649958
358457397274180167952361994022
336624104048748517431140196174
605551439414654464700128433261
92754824986796765313141826663
563668201991473192995432402374
627036525485134030023745860137
166732819828523251394573957106
16047248047818818406124091583
735753082595823191048306520485
104972278839835263047767721073
948612491946466884805065679846
775322012707648221210197517250
670523120434623970107486533952
123113468924701735058908997489
839048731316084306359860338752
778448194480545060065174265290
827258618219996198228016460334
719786118590324415223652934528
282120009895044889869991394014
178641878289228139282252892677
572664711004634223856498401125
300436659390861873712559248530
836036694544407026506984816617
601621610875070297064778382686
468730389891353870269054531622
767004692716529189906525579672
439957392007388543836801311229
403558085262441169575379876189
802934657770963465169451229350
94133550862015093433697173541
137127407498102717364176577141
618943443914953672326257705950
374142880507808132604977408628
621747523633814804938978542563
571934563867448561039971186175
729960672054353808378317628892
852042419160391543616873525888
536618546854332909048713198939
317318666544793964557574161659
274557058881631180313188724142
536349706097947860825849630402
675782032746957528296637849378
666092570397382893674127458313
112325862337761580757368194814
242763471270795019324462232896
608006287274915503615708287608
389764492175378022345704057371
142207479385021771719495555768
424002274512828817379888256049
674954627603204009270842516544
706710022052185393570797559854
565974994392046971621931665405
773747915466177353691537987204
932624144243670106549610809355
286672889923323613779269640914
141820421781096416608197829866
812807617415325078857340293362
566683275615717890877343306091
957236623013027703259817431317
556561923882087524448009533808
287822948141918913105656735547
999394309007162230907911848162
638299716609421658458703774642
141617916286009798698713525925
729388216659340448063504678919
565424713797204247827703610113
37932106534254873384643188971
464385157398819252832895281806
252926040710925654145693525850
417202740924223078367744449879
391356007891133250954844194052
274898704778871864776147531172
555534166689391078915934216513
366550740032173000576552008884
363723171064204600074319470526
258193967804862111095388385766
165913868508466464284262732612
137280199182650240189933646141
675252066753784060185406235903
220809305000909815670581035784
234271915533270284153728726342
283836686237430422051817343808
234498352491533309057409064161
383802080440963270454898169641
720574826322218341422635747132
332580365564738255646819454390
863312304396653159414263814796
29093736298634933886208864371
416484036107950895835056810455
514283242773246046955230929769
121300341071802188698170956736
752339570340272169910944426066
593297588333742518656017762696
145564978388096443435673174917
83008138989586772983911792749
386435153673295602553337462697
486968355002771288905400572415
616775796982819936714043019217
34623116766781345524879786584
51966810459968236942631059670
730568607072407465469696589273
79180044931846266022397956427
291399757420475072318853041363
621682531789029906032928907254
897923881732120962452814489050
761035120492156048045558470958
430756672882976088209442799495
776852050723336443539356047598
257482844168585846238338720356
15141266470143808331635365296
959082676597008668997284615435
184460901838989706738313180775
185514090272543375224407904656
192340779196105460315782771017
5827963152279864815160892176
353134919655901147812909837297
857202871631793939534574558446
383209365690277455230113312997
171008525058551754937998614370
507373251122230699751492906220
781413718482195240859405827573
979369915449232803199461594346
638300810325696030617543181258
158505459540800400959082573990
352691759196924262704261353566
513461102601729749961242179124
164621527547517526845776690521
120613096145746264981258545712
149979281624476380722984183322
2307705434637999199337370817
917288023120439515836011398387
592802059754076207654689030524
500034212391329618741697395455
274227256506486160561837281888
754055942344318825521669150605
427167601621808093487197238966
940724365006528611290635987288
637255834689840165079864206091
516933394447252780091520195299
894845371853393162142848359693
943906676964289615009762266507
630173738787724069574549685696
842033040880157977653215951993
570133493315533676307669159665
448916691893258859236555131496
351071720311279729067711488471
562859878193652710664052360422
278166903994690129813924362727
307739947829687491162444082720
986023558603493440659094462985
600607532802235852998707956713
37629427031865884877389427655
105365101416277032011272990618
221045578064006268756195792289
486207200458692518026442216300
982685843307270307015627613956
121229558513356606902543485193
498928856218948060036088418609
806797532719640235385665612162
971588309456748013585106370575
294674449500184439401822326337
64224609416381394067444104025
316767026626862096810780678332
534921387788038442446656652150
664231197446607938116930507853
976837403298359083720786974451
974761280802927081560375988013
891050842386707680957473863471
791194497246111270052455769810
880115004728123861406205812123
282862487848063499482041456166
293838244775585981082549152382
145925668921594654501060315464
841916844778420669663230161333
116150008484096736002710376522
101385845407380116907984679195
850858531090190682293330385397
824786493624646209931747988837
616058905747863909537125107297
811463635419001649229267515917
92055813726712853968629036436
784203734972937554483810950902
725280331065154452809660829367
428147243212108937503523218079
783300216306913791278107971693
501470818538995096470663820979
732017466366202270510994224555
946793949104807771768460124131
298710042978702236079716066063
465134305593413475260466012279
943020893244486058597853474204
752816580961177399966702273904
905256004469369799130029570912
890926395352229833744451910697
756311185176291553712581445643
530956062872434166014609952414
476339866829470155334812207984
767196222769246500690542547134
665931642441088655028809718406
185477344364235968554526848842
880622433672964462107180358522
355668422807812584114149386314
280773631208885201459654608182
889698525650334980485569474571
558452088219202970790196234066
489424192718940354444637209660
13321658029881535741452751986
507260117862105214144252928075
273268564003071060273759982094
489605318512065551396815215777
721904712825556485914541038633
729484602420448740569375021223
476221007709396703586509928853
543709721253407829373885787672
788361498008880002436848088808
39418608172253988421297314858
566435951213836564137321226503
887565767655024362623419381327
680888841963137169021321259847
664186358159935264722615526602
573288725677865295547751356142
763283483708833726005132629135
924249581291652398623896742934
111834337813279787515661680558
389479899692075485298706890447
467198771690465251456911202995
717459125209725011456886246696
945238300520890208505641355539
199605729456785088458234009528
176547957546233625354064304931
657104053256267726640373689547
498661681410308479481095054464
193484728653598473782067648042
988856082508599187455856629009
623345293243543399109832227590
973383430996515905531279583527
898879375425277990380427316433
304076742367743002889532171086
990442414367077030754115421413
290259289101857472998549711539
544885299966674695251020536284
104346696843810586394897451976
803085620094622586758399366445
455481089711972508865593886518
614993882182427156637418719456
847980977410331625218411391161
874835524169190840226472938573
414598033236867340603794531049
930334384943217207538099083650
286812556149268489444920598089
550615365568977938454208015157
770070524813263216527420374158
37870376117358327318273004551
386079062496674965145597204518
331485709064703174148886649770
932645020610400027576660404690
374966264720493469402662283297
253179165605975306112487955578
283515829021769627108002397737
859865925374412952352695477363
690147795434590164573954020425
876704106407167355262046289374
639022379473981732197927616377
534808086135183629111938397446
875003940959507682037317282254
81815509802446683874718210221
675866756800451000663700428771
374037244182399659419262629239
920411088052047644259425849962
181717702510257976103166284467
783084142961300119593522050278
1839554120890989019578177378
618623366002327741153650432979
677348893580395605299362780794
485808432930278164938894104327
568545480688831127660473560413
221777814210103037982391989138
211588664447177581779817825957
599327673748721892906086462397
554917249611726773254727063860
417960936193602709125859512745
372897847977131461283653429279
207662182585338439123101039042
493152694953531978247778420149
189800753549764313174499200213
129078304532516370674335730393
479995228475462443027696932203
868897212298547677315003461847
653204501312507124987852691691
951233545083636520855564027800
242690256530891541728800994203
534355326004487136781923110805
16167470687872650061980339149
514899324471429922070425909120
50517789887874021004174699654
25401061117500251997878836506
375516176360889289588223249290
561342246858298966478514075461
538492950487189909030903722750
831782476113333904360457794479
762460888335643636671667376512
981668963599851474678721083192
124320470293003732542186010022
424960152835885795547879491900
748427605377827975313187947422
380551498518369544987530138072
493249908619209990912053795823
518150211060505731557334328319
985796239783271884467706917024
974619193939737027840311510094
775790276373037575432230031344
502808209110639385174590239009
72249168518859029292679804739
713763236247232992817536731001
278909705426141675309742681036
298939430657704412688116236542
223530468003464368265489392912
358434023048571039335589575876
769528122730389844388218454092
902699976926785014905506747087
259240915255450159076124470911
321747301661921765246484794897
388557961917209274081039777962
302669344008184174213836683099
314937969998464464052555597734
680300191572770994303009247538
331389734509433013844008730776
677917770237609590358358288101
449874221523482913567157392770
675528797278700421345061083186
319532684699361336117895370091
811192425045782849388759143565
130607891607992606978689157011
715201932987838230433932570373
419954362738155448086814970564
430209163939327750921901622604
970659162427952753149129379446
96586772354332745040821714028
125832082401710917886583779617
180460311559982456751798811688
472624488573809007535455811430
724801753621794232046294174848
65105454097452129831616556677
97974739033973772363221875316
747076153682020063767415488392
866493775404162015536264320088
792509821432755030494280559088
346968807031698689419258674047
462245949420628589658839684014
151983790197958638775771218784
340211946981346760193922527675
346014606598553570345047829113
803866992198663670986900514967
142178439049493921589839150171
710736451140793087673269809998
808248808171933540511965701792
6152059239839733947404052590
477422060153981119464788577323
61347056236304744524010126195
603203898347904772945728799807
51509099351970333765389815971
534157288827535612992391417308
726235461341058195528102904648
96621213263442310302785907058
783318748006261236737062744153
958375961425645537550999764698
213714170249880529051900294766
40441704423532978435260997033
439109400082987813035106321
788831502085654456496270965746
472768478923292319630742949093
480613559237008213672493937705
967543842811467228505069655940
719696807898685885119129975792
909440809166110148881277083685
146390174456448473628057937210
293341879232039325924597642333
780158258677317677907504544352
632724518997323856379781608131
767998223005974254540418124184
42102101649361123326974308315
792681708291001727278734487273
676891296238393980982176724001
423027664730039319254362897346
25301209310036485471168453044
810325484163568013698824238461
544051431574249310749681892124
551080067699107866511737346384
250005117508850682121733639477
908019003476208384080607160765
145434011934849878687180360361
393995289842584646162428372425
770161316224287552624803851716
481423988407164849565244636502
211828508606363723196788553378
715427474168049369790333007210
430115150059225456272664161684
909939774133453636503977218702
89906234181282750229963351397
449724434348084222251853986953
434563322699018641586004335570
94406817573746486032808652165
369041575721456725483207497653
728638059376643297277340039117
443262651088080823103805025633
686313538884225007433764424584
478380445697380409420127338221
205300724332086655807999871841
126966144112913144394714216011
191915479056481446071979019499
849043936886437360366947425733
454367522595890584078240381656
829902207669942865007335455775
766328629527046153861203424065
566910034187772668829859256290
710471193409562627663344505710
575652375415629746057323508127
562742948371437787395079918462
247326398617805398609420629431
10275853641183806337313403501
578657329346106366079598407618
885483766981164163480792095998
629381016463237406570144404964
359559259038281095162138380313
289686572955475636853581556436
967180290397689677370488162252
132698975204380418100615708970
10556582528328809028856893161
713034267903607466149118319799
813820408444334633224028942272
490361370608582777101985534926
455218545930506435766987854984
604442876753426489090373912483
689516245988232595969792297025
742903900747154184508803632967
265147865846099053467480186712
27031114825663918494608307429
11221114937730477762220842745
160580666253282003154764423731
10298073373494343897481459547
662232328745120350717070288353
672829309080313806621431936102
427184328988821200189903686629
741023340145607396935006723160
664867232609369993943101505724
27956798630163223322092537620
280889397418019757270690208887
788483528054953518098938744881
812506787938740571260352385394
259735124597221238730049762859
474998864885476935893768863488
1006912943445341070352921383
854924368458684491619138779325
668501510968487186751138756553
657819186620039876417380977872
560217680293346055710198424655
602240770219199982456721000957
882908130874310794319043452163
628618494362187213364524933526
132768938916167005699299500370
764450397337149183332893166551
673276227343350327522340612349
773019671954746287154405786574
428530578833825263187994298521
592892217745854917729668459121
755794914561365009991579554724
63304563854250597061768804649
896166140275320123830464449664
333762981096385968054516663233
971553088083389558440442661524
115432692794263289418571868960
221961397090575025597556349583
607891429551705279273323069421
121768239059284290405751242521
244098668719220496628499203206
433674027397780030296653977180
250046967833195570268757262477
461146131698582043097636259518
74327555632972164228954448110
941146279739565033648741955861
224117170354843124850936675147
478607793287072392891951859132
675171861108119089158592413970
383113264983966189238620561372
12761743731908949839325229781
372741813621480177938087133917
516591654561054557508262987517
686176625208687652177747704710
435792243164704206958406132599
352179899298289447003096585325
527860454050946824647264083731
487338155982133830976810828998
96611604123562690429696490550
788789526705155137355266158832
988979171110038519505386010078
484706683241970155564086486953
511567395699473241664461203470
430860158132777677002312419646
482008009869212986621665143454
925080012664794134521802384026
980898102129484284668644239841
553835458882906720532408642428
974627900125599883367786448274
471381802007949460662416065763
226059727616747744463704020314
288925737279833895033614269249
987371531327965579797075025107
248037198664790782675192078924
299755860644213607758316272520
458995252100695016602009640428
357343464309203965318955743424
26224947076020708192838792266
330827457434319907007128780849
790951845872071323413085055632
114965479212739245526063524765
555890128162372992911569205527
123919752009782844523681757981
270403764917768068597424450736
402686462518657937212202328895
548114495021372789099776487007
184592881001519618913553209399
802137439400407273268845220658
248591069473557768845049747291
164925918921484232993139034644
815346834879895277860272837586
502100669055644294776559792282
464706263047803374621178101265
354385589974617110119479658429
154427258141911358174775556759
746977467111512754751413323296
549857811077019770009311562560
486293924993386130620082254458
367035190270948034187755898550
682730064581190615077102392482
624588403552634947386488999776
385781101335265614710211240473
457447247663603843088386816059
856349741749474093133616370466
152917532762756338082116100343
249341950463772273166327447705
844209974789081348497470067573
293024655754437406771235414482
391759731862063065942429804072
130605879427378074465188264206
217607054093263589458706027980
104647199863554682643894963962
969862195973165818807288135852
566215659304528820983965229548
708008259955881514397131517388
257282851607178940837029996999
971634814732260729502962498402
915212222036536344340501978238
90306905680221338984545796462
96426480177861784166124997673
296676806808687816519116384964
645185835719017028798253472849
918990775058716257525122688840
856671412204316562875413620188
656598586225800479259430570519
433387328377401055687786527771
211879455740637947023490567390
380021727606257192434483924826
80626195321075823599528737362
322495624495673953856974074798
113996428522010219757241542439
196009844220408252392461923893
412736509598274128094756718575
378523456852934692880700453039
438138430588617754645547886493
723132958070026601369663612323
292904727067201500201770141984
151250194270434072469641612481
43089100700416188801405237721
312811583592388783605914922284
921641611845373039854403771543
101572353916246060501683552144
899819277312980171576995384612
387263851380675562958977949644
577027482712232031875301804829
859918372177533637681000585216
470150531840272930412826616474
156666320808255416126230847560
335962687386497784877641493414
406267436456709689018751887364
529623543568980366228932659564
250786769724079485490681608450
95335248810770222831244371958
34404829156844686692403586206
920416205684734856029266111683
464376911162997417700480354492
383034013378138597389853145196
473582697378903639447701387167
815403292245659662126974599140
803105153386828648067587325217
608096101435174341850316465382
950030799532193479208186287588
160979562450226593235213087726
174449539537499736164433466140
495952807336395238978383778678
341795702754391275903846776294
207814373849956146354028975893
974597802512806323050894613019
548538954892763112790901919774
820417410433908475786413821290
530478558837009941798926428511
618156633213629598965750121747
800696868837957678820336152449
552381910478970147768282796144
644326222548148320213698982783
531062380088696419953228220406
548097191933796546022964804483
141167920039949777039709729871
555510597012633020902830479974
83721117186561858827684626152
608392398669303213906011240782
785911216637410780434274207502
876037627279255805493969356579
940707131253439084635872101899
741902512998653875158177332286
396215725065380993914579485085
842115932940437149742610446821
614561888059979772908107207502
87816410826318830495207119322
181609957438198823393768035922
710798199295879107997637891419
449015026983002535029342694300
417101637431887224580754136001
24528543129591776814828648231
36170040576125596778296080715
801805812326038636515371827145
781389696591977569343614770892
395820650795630181545708193358
848119270996552252378549706324
838280088431051617995682797872
87047538129176038135856006778
832941265255447878582939213015
600662196068504262939950694318
159074806001180573188458679907
431747630007564645414183585013
77516335760283583925088326144
407071799309026358776618766019
800869389243512728130568178127
943250819000987147048457357510
673300192006847862490847296971
140957647574555377879471783706
13334464691366554248476022122
412067514973961680942926889419
70446766370944283664789550283
8204995542198115572828023481
968934324611875439040223061863
886265026224147097317140438974
952822906351803130120814822621
531039201034578640632155179444
492098326512835035104607754270
673884319199083948304859569739
251956219925915668800768749752
131960122044229155299785646051
613606743717626027063113914128
765312028405070321483590502788
798482713435628795399715681557
345129240281532622187430325220
102601086255283723793327128389
195436989248837096033949596669
984573143581212625471798740638
241503240325552653796494562820
407943568288694012201306200799
31725696029560750486742797764
802561847676145597965490420678
101843425504234354526886908684
140075746709787361051724386467
456206777457301844769695168475
571024904861941536046226583965
455182302491221459706836204298
824968355031043813985856353201
727582625167693364209091183130
699708766491044180348011319100
382547596107918629547522771527
56043159689129650083392601622
954031980732386220342888422329
457541576774313634675496322038
858097616430631719426288514197
631123432414592825307739221621
852562995616416888610393012453
790638623884947816793223205774
717536184347248091666415034123
966881567882510717825413267685
799565772385614560349117743932
45045331183749663238378319946
843812876771547815298192273570
356376942569656565414837913844
952917983712924059571293236511
562560916404712075515808148487
468642661994954764623222314175
490409753764036157908680086569
355462556626595479193618763893
866286071581053067636451316220
944578657416050316559710486478
412003921815108223548511179425
383886143646618992150562643772
49162405456672899137473889904
306816358119535817907359497629
531705215113553518868612447525
951622186518798107696325993182
319084811000032823526908749649
831760758480096596631930604726
107297441343326460896131250143
507800109089306843350918970617
281199988696336443829044684122
852101370419098613370861079752
934354004317975240602499579236
743011917252136982834224738893
243357474993396959205966886565
456090317984541833371587280436
285761222857850778192636997320
94396275702731363927945421415
21097922065619716204821166509
139359094658172791680687899927
927815844643783275100182137361
788452181503250685085427869411
864158866011691590170618913975
333182134744797639344146836913
619921173415295971491356307996
119135661870136032554562508442
532100034810473394798876664175
391721610229264500586150578780
739076437587263670764219090403
793567730904336377755722165249
535008324233017643590507604406
385152933605895771708332425299
610981403668723564388630079447
920401361433506724164842547122
738106588989606221798287573943
173527857316951263833174105359
536677920612103596633291148374
368052974359097200751125325031
261955492043948894063409752830
953854679125150908777614918627
102129213333479346825819523839
893562874086753124487720815334
59008338978519607360778609274
159118915306184039951194752763
254476430147340840022537341858
827467565663009364779871014052
845084351612782164302847700334
737117101923106266758533114801
941049754990908447480278853073
109101724121770760587469660232
316233613214308727351182330864
631923786810114014537098795332
225414571404710506011309115853
536057126179590925578675224377
501864079765826253666187546001
181057929475747160217305051513
416078931901372979012295480344
5389355076302120372371272533
674626977474167687216030142470
863244674981741796410467529288
670406206145101549517505660632
25920776005830735421700260021
162761804259043424694593323647
250583457289408096879359360993
4450075464250514163090905794
149547635410577512062470128651
129680001616433338087552499617
441874013702431288033812952586
756818783239625434166306589941
571067039521686773100118625423
884996626587382747910704970060
151358787402984367053619040135
218441252068100072540398328747
484896004348078288896410998924
16967611227898066997351596486
856801337755927533447951033686
67605453747125474757514398276
496198289954681121220153870423
220608318899373124484375766009
848140587812942615138058103059
327824842361747147621216024401
895045741944943319283518164034
734461406010376842632572314811
74341249706331054592031723939
986193761295758140545205828389
344447592569377573270949495152
563062860490715671059525659871
533164724375129626605566423954
430376044190849900208480287155
39685832027288964831624207496
149747537013958065996761561821
142411552508554919296818420975
963066495093336293748793804369
735513460460014837027920517566
580948716063236370541683137471
909221735675258948711884321697
399379530289016899076394759391
843611312456916362175473733160
882813471510420667510248030462
494066846056430153557890207706
539409419295333654559692239993
851736889935080746631372599558
242274622602489067867780739997
9057816631356428040497664003
208624631226440947284259769647
660065028133301309423055793511
263886055957337857168083198239
922791002038656158949244386804
135236631365522966927564247494
28330078022998650756644800560
616879166966195651469984352271
835774320362958941197919393713
510834075435098459518253760885
94181984115787114468258659280
334519882620602917819200221021
547340493325077254819785473866
392011283942915314930153056474
733320813843594696829835586735
49707512501782971499358779632
467910026218005949219089330836
818273587340874731165551967619
779228467386751459897548855018
733570556439090648962225628484
994278202534510793546292064223
139215721380281244783663801793
177198102419833173276379671362
379459072656374734207325560770
808715840740759734407133163289
252733103065423770388330987690
609412444554317577917867501651
982614070920808038149646864068
251617582300835698051297396292
876937306263683702189164286283
299154972792032078224575632619
854470749964897175901857903528
134358770023921790818600911424
106477105697595663615412502007
625104815305758486839831038956
419533576240485041587781282570
952764666507052528742541745826
181732999804102567076979804299
364183383694753609233268251528
131411666635377969300077486920
95769249703917067584995118793
104183079805839237943555973472
654689081892039818437998768319
108373793839707912014151197569
164051976828750271580056396294
719259439522290971845236688783
679830279437259106713656392099
954456633513438078713504629102
50845720169591526588492138380
53487377170665124332528507243
564048325931044740295080519058
231577531658459042855280338950
64766843208331724109005494458
552807573523944841874211977388
498031268657725801170859103161
154105292048772581833585580346
613467610966249005120825081983
900700995543991268322944004237
973417775336248174594585704700
859269684824557505766802694115
913425859244942876357382801095
474116379707211004609480241286
592894193168978732979257189455
910334147410033059924794682880
568627990694467445138021701168
445862908218703776208446818956
486262640759378536966153039151
69045312121278896023265801544
52139039748103157430949424003
970523594004632791992191695963
597242197002619165924369955233
734802369608665382585011153044
676135708467197421515064638392
516821629248167463541336203093
104847682180575122744862802659
373017385420169171878642650552
252894100457020517283749226369
425987249840856929064311319632
282355631126544861363658024961
29561318125534543152126851131
339301328115563117734315172815
133351200390924426927049411718
298884176865510589369569132670
254224506213945740427455703514
584851997324529709447503329555
69570650850465554243114835215
249034412019118597220663421704
149594751447361394666092427897
91374919037155690093513008874
891000762458484305851699966685
133027064581026425643859117621
100915278263404261743955341827
376193203652632434784053630080
922870492793232198826744438381
239041826842549657700344442261
143523270474300916126051844197
445501224256478536757257915929
125788266710545168508852536037
976457950766757678926206710638
695771396200171960325971763312
231332409329004060511613440821
666815049270631473480645478226
968683430952470924366656638380
62463479613149331937738875035
628534081767078210971270204716
24097900899151308254533403352
982891393639229416349692108194
480062079773023739650202673264
169203103630647849061351887276
295685927377368836905521990344
600012780669196057441492176840
675175622500639871525885306119
310922710632053287007697433254
40251874117767856611169703707
250642822964013666414868334737
342100360866632479161760049255
638845494309717639970036921076
665077885258753301531900363448
455015245674164276521154582943
97985230775258272213516054780
456401514085105416437710862981
428132198018503983396615628711
668705807561600259331971701920
63301811521485724478508048926
988230685123132359372331538828
561630388822878284772774611696
663570823895489390594019193685
97463657344656312129055930697
484877389108954055556903238180
977205058455588997111711467535
143725443741812816212733498047
421038171736860813932502068000
279838215873495923091756740276
63571062604966317020899460933
142675168192955303610387189256
381725690825509272367111795208
40471900402945602888905511676
31489622591626208515547132169
729755611894670602770868715528
444565887540069947184712625233
68482004088958441307312370360
884128180278330373821712792430
403371145638132677099759851349
200954233857000983757107187515
454354637238781507304266743277
969110883478571049494388241816
590066998644278101179419625153
778649228474625262964318779486
794303906433399896021730968369
729279573366226323535438621548
137348496927868644516049971277
547040532068914655998578747184
775376665636137320590749929342
495268402651694807863582753869
137799629861136432617019976811
211380805666309561654000422928
864785849409918145566046970701
839672650922449128802394866858
801792306897533143574611091017
99218278092793726558134532199
689787827406355270954249242780
995864321291298768094962850268
246966302851386497724427891895
77529851916812867675893231798
247139089170456048000772289605
439291988508525324101849645692
391718390480963895859176616883
354028123962314618855664520549
409130205289785945335526665039
832304240792421523427174356490
849225699496550318647662318077
394812403299356302096811369258
775425048657456174497009906740
749733850317644451134751767038
814029110046734396401532956960
967728970822767370206437647843
444481604469069427848705333789
433084592609542266021135912589
28584462658779149164941940079
122538687017080539641479442908
83700151260649301182259494799
680902437164980663448732747961
37090705931240987980472345
876691221924817564389856779739
970735123273614547057431990480
999756889948450791195998726341
706508487823843992725105085061
773376157418659691593763132610
433796846911546515666631770898
268025157219984434103105655146
823279924612584328373820387009
473045396077402709271958453333
87663996409254712702609314068
672038650979346171176153973132
679416645101198390825953226005
25179807942714087535613865456
2715717885477505506696486082
411763931846225242792963479411
121838696757562485882444742204
764447514149714940909853509805
719277529098679709665950840713
996055003486368420070168770826
230616428497475944697447063159
913386738852291429672478949260
719337712311923963598941493364
384104630423974250632187921559
494698486994970572177887212923
763889573291378261090048735253
372839312331726894930403111823
868688949812499143285038998489
704139241515764587109943296933
103168044900441359614232054713
700596609066939352627712536701
934714654840269990630597940478
535788674340947742746134999274
979268361479025914510228459049
906984269971828642044492859579
9730310952865127530863830507
614444377919857195826982281578
129830712374052232975763744553
235942641616985083805042886862
158646671088570527438990357628
995811319083268228832563158325
734655395781481127184992923429
49541509047363521564353779999
472455120061685444782618912482
350067833967118834250899161899
972804216961624200024465344161
242770782545692307065692037890
940728057533456178464109731690
573082324189860074705648491483
271365341068031981612807063169
329643860720652826736341825170
683677292583282263859778701792
341355879547359641990696487352
197073824455610178604488536385
612415542837253826992595715930
807112441997781489095784164834
149271417452850266190023743859
25054711926274173078785334918
355969220918406501210660847471
628381956056006904080592227931
562132141184770494575774792403
487497225612605323599199317545
246220061149405145611637159441
539825171976421112832515277240
59580032616622710228673385035
518224451149411101159355032132
440577139355175942064483494692
768824522047610470391735017702
904466729517200290993738160876
326270996136353596155461089477
264649401627711572799375194998
42903968958649580328133200254
815606515691189581389742885895
559343544000352301060351681533
591164441111523016440544825903
348975058786135234280054536012
826832791758913909789911301094
724764238354775736793722565208
194647314420133896505066764810
990657115825428538163718157367
103681150044599252483156856715
806200393169532372952373181644
148740981561825710750294141344
65830241623586795076012275562
47270152329682962279886165095
135484500772520627672615739499
773568224844066138036427139001
128147056916903578380697647594
956038684078216039391345256721
168093342862214250521628534744
405255664699880889444329015551
209997202535711956906057056275
160073154004266488952760626227
106592811336460057179119025597
212320735100710150465770317641
518736849216525865217142640284
446199507819801668532423406652
255201260238693582494595311048
61528081782336979011924166531
21441086102974633061479785095
243739940658349990339604914376
433950639825547201258766746868
380780666611611738480055115402
990776511763594072661905107470
25322872823557331583651189862
432930833717438601606545119547
540803067513528697986803335803
244988598925940122846040242933
278939534868886746520878376409
972674595549878596048586711046
296712775696074182233672793372
581207919483555535834772535229
425036057230468962513455999505
836336273714949515643199661801
596516920382742662307977550566
985880229486927525805113031040
112392518949680996416399593387
724291207305900578717268283591
367048173676673377010495771214
588400099628730062166221933113
546593783282981525155943478638
211858309843955680714292132144
311278260772832918976094422552
800668808315804857135455115075
829375548824674112049130469579
228606060423075472175911047749
197404311030605456351917185286
294783165238037468023010777
698438747993754468133522685879
483079334306023826045192144476
488195740761402842401629643939
172035524916917725668072389700
302474961803027515676005631493
503148116602144050092959179158
405895506641270074246206894586
772016734534906936805936437496
389611936551432398077828068836
261051521906098171967532171528
19590893876601179236518905241
965266918147745518276888878876
318928337896742298037428906689
69017707555672637457051939968
125504474065607371748657371139
327846498702890845090264438801
829409957014758132111184034312
413762683664456243373829838022
124673633623685067579651907211
153531612410221713773510202057
369435118066500926295483198953
828298236005218640874479787842
303239314671958634365773380656
607888297566832497885155693281
387221464040278568875012191148
104773874127758735552903636362
813869767712984227786711678753
110668771751956109669829963256
870439931601499032593625295206
285004703624804552167911162281
631433060499564910897298742066
392485856424195021484750181546
813126212950885604369444492114
954455932068114780363175353665
587255010199476926490610927298
810792349517215056848948253955
62383716041184175958329236884
914424081062407978563725115042
246484486967544588730291990116
988346392821747654194634222912
125178172130038286888010013752
298714461365088458007387085301
43760275548699278457027618420
951444545474734982828620288815
22269702142327371928171222554
453781191241495402096957416803
817700188153455348408113978045
236250448879561851084301258783
368451069008691185993009170911
589066818808136844378722134301
926028770311848356337014636854
35032299770288582838236424185
992518786169238420626292478786
609734069531868813307592973553
930073115697466570908979528139
217213165611600490286743691733
308256059830658055338588427771
146965419575378665215447564702
116820699277533609811334627863
335343125350768691619212881181
272162150191364963061627033795
845392683961814168414072349033
4489238490449591470998540409
813408717407897755907552841420
428467325232456158126694125003
57649932131044035061971396417
361715072691910346053797341600
617356911711997855507092403891
556163887010872491090921083705
388837986194058853410619101072
305218572837164767908328122711
707130483641462899227464820819
189519341223309559411722800844
615164078494900859163222725727
244233339544918603213445035626
404308438982340045141027791388
49901919549066068772075073923
444399426107899660225608650558
229693264490457180750719291595
930603645456786374488595644962
203688423057311840883463806785
282704309800344413509547107192
550671340172875230374435556884
706466228886194000323274008795
851698602385851491315378068649
414580594802149131195574187614
862899824767598917572943623687
915769912680430868384360508099
917935955623430929882057996414
873924654335274194238683487370
759999915844804130599588865068
91615608423032860371411381044
268971245133563642640521274251
610598504068176746917596097866
568797787901972824774690772951
86979152824442177344847315501
887602910978012713260613573714
458454469682242595741232674894
844473484048801954773640296210
789600792325846727652984451924
457686013865791724320607589512
540164741579004953005945380032
176011552896818528092478378025
126573916622499020118825774900
883320521672964233988600024421
711982861911717956818308547200
866179146895247588523806609209
825540251340707819898344511085
25606040820688029996892682861
457773950727005048515863598321
815347072687555967222987760929
626353815522396376636865561074
896532717512140741634405969833
591738527056414088113590385356
2944955988223440957732395198
590484688025620865835104694455
116992978758204769283905020949
786912585945440991627416546584
973752196679375107071797998125
454038991112324445449284695140
952973418291130250712763110906
146302368736601690724186606685
539100945425706854263960048130
429902203266947680080169731364
344580883343764756693313089819
960382272705812173270380236080
894870869644005401291569821563
784140235876505281696958200603
417609670345381729683862006436
20814749070497284603330385586
725617604467345123413460973470
608922631831773543453736662336
21887175012694601564735675630
122052254938729546883153548844
342506796519818579270389690386
497286000469168818231796286254
608824153116630500543583946633
462288105944843322781225175117
236710176529289981198438940678
650468563371962720180014524316
34364632246754905643285032324
304810694448211350623114183803
934912823160768810920412143257
81851674713339713505505331117
202799915936379231326277122835
64149202413434615798478274718
398275926563688074634792763528
440644144998436115066183949754
660595218065786531285763880029
553067047451247729898571240723
606696053234707350433605364418
833803253242137801712525970371
602398582409339632417925200025
984981924858282957204237914155
869698663216001951339311154332
260079579241977208681307240067
817906240262859379629689927299
464191810221907907360180362614
573087634927697604776671714602
511399005291225114731113164277
42988651075877734616726695942
254839436046851596840223243232
28486233877981728425165435520
639772331973656074147756982336
551227338137754994486921406210
277634692907330887597291167841
847395962185408596372255719496
407421007246650022275444918281
432597960386056671931001756616
501428541943666737427853122676
341622555988982244864004351856
550428886132348894298146755354
340549949028999252232624344497
206516364184904534690211010224
612767868961977323670866919281
860511503731664231487101152201
499003655301955372541437087062
673103926433869299107808488592
219165698414233480376111538831
966052601217108822616791533072
367144375643509020250275578565
571542131930528837871938481797
989377873463286038485298254160
973671056447476449443706555146
465219303833718679319663673620
516762977125002469200635712213
244166444977051763808557968642
973620645945103385346864501614
129353270412447914027980438796
819899103060444145229658209813
959568436231990582003389759128
441269376088002730642151376014
271136960893705399961243718386
418623670195063271867710532873
387297978129478133061109083201
28455091874247847986510268732
599992724056178201378054220246
680038041001915693011009445134
972679456824760537316504471605
585036937360463763987580336411
295879601544432661643187811641
950595800148624460405675924632
323033268368848795242109201931
742183134401701804751105644713
360919745746842940206224773939
746297411768180053941511811972
593330895822787058343672476188
911186527158149317868615504242
206188499459236304413988431699
702581043036982855819580402719
213124828696893047568844496867
256018125871930439734048648788
254228963697787001853121744236
652870394469956701125786419197
673173581463268682148155098717
574565585081056602378841262087
357037014596585664339401933740
750580284837027176760955002060
297160250919734492821031381362
811392718616171068477753536261
93563293573837830295748159916
844058593430087446189393283874
253677360908006140620339893321
525587083776954825257407903803
721184711729363421250541753129
846888595503745745070139693706
448423436058613663074965513519
661984245036398451043993667609
176753293132032315099640201915
962346309450783814352671152933
7989625685279909754748189301
690460815636889583795151667243
429876547071528801069882290152
557287409706130363760468913319
645383506216629325613364072955
650596403513517799153460568684
504741453036608009577745460747
430204703839240331222104074132
983568317302887216867620111063
691265534540442620511261379693
433830322697350945893940666463
815528176557470326059924283265
911189706965331150422053204101
566320509350549783704756563504
343166111564699103675746747879
6398187961614221236275180205
325863988484218796103359604208
767029299315313198325332217026
196696708196382369546385882790
945234611716413651339514174546
713393779936402581894926911999
829147949264958211563535204185
542047983272096799055601913695
921404561099147627802917601512
675199984861640536297578407827
259334240366220666329101932683
798246725880346522623011459764
58197648325056542461023451908
813035832497347794108617821636
363983091875473065522709077611
512990424034965236996717040578
929258494418223600790133978686
753346627209844093699294036343
521972133347363874974145447137
530915941895845003060551236273
932109097754595462814934566292
769446923017541720222591121141
685128165047256536074301715074
397990487329943790794890572538
72729301888280159494051381041
905227989323536665266234701217
364208663586060952630447506847
443389409601835516688075597194
13570101156413263534324687400
888709927129258290074198447598
294523893246474371861251144484
825158509209774984511325254961
701491302625133303967691400186
54696814131685940960163780818
861780521244047744590930647705
170377458939992334992332475846
474840714239768765000821656416
186093418232778639468174101845
43753441688128600573562544317
861550050085741891757150756352
907434237871166709454198148135
50815154977656238374562070235
616963384939991732196775604492
127905347531221406993414326138
881643366534107900079348078433
20589658618197888179228061682
854182821122737830974494392099
64244581814267505391888641740
767936305428656829820481194821
980132484468513681772706035428
292742464528913683594271336898
40722494769870903556652351028
284349895651758985421316144993
356253161347840663372967551838
562058031440045650670107105536
802403085110257942090544240762
346354329481147376537412366731
428566650480798830907804915578
898836079684620283777771713102
719428120198959719297151961359
446856400531227425321680318570
473583578184127755796641295876
649081001153317600481965609343
229837626643427242871496756820
393197534979585507872846768913
876428605762482957419289741239
270306884357512584127373864504
67993397859600566471779161975
185747376275420210979139753252
402573961266320293134283713521
840351537949415997447094575181
562202942053980945105319408868
953918400917642476735436256090
308341961668797704870919580967
624169611215487264598149162421
301937900147777519263853168957
488819329159109858453943787551
648210621287186914396922351947
717108993370182308136813318546
114127144034980552186278678786
708745124904565421876905103410
990941004496060383161901456809
393064409342932178653341886436
612607967096117452673703764521
789051594268512354570054776648
265844023919960381508090015655
500566247681934747931739291839
885162821148588223137278530452
147596430373258054445467539469
240527399721618669518025950298
870046675669070922706320243341
406928875615768823697879146387
630212485312589878647887204440
489093654729940466351465501092
63322583805344315513884575344
316380803047602833231403512632
607463366327295386722483077753
178232296735106945699653376452
874765813824810016435013581293
686151461631896517306119139673
107752810111403574307145795310
359150827282903642779625755155
612759639107718747790720532267
789645013150953151864146625389
598955436137189157544694137808
540441958518178454848494647444
165494235001906100031844063067
964433494409716960262486725329
112756344653167392795928623890
819701309012017143201666304815
