30832761404587557939764054
162615053068340101307122028
422713881106453468091393266
449537033140522178239777112
459384446682401504496212808
471698570474715213604308829
602180408556470700640896953
742715187191759487141317825
807839607841573859999408044
874575387475320761105030723
1266021257564505438901740511
1364569735992976403947347964
1373638636137166743399740480
1462379268960166473299532853
1557684789465589572573542276
1598421961105336993148338561
1700372652907064022708874207
1912106157490910326437774302
1956914135497581374829968767
1965768504195738979475491740
2034173579607060808229929299
2167253871663467330532211624
2239265215174943864505715988
2245607100300504058140977692
2543849103504702432632502416
2561067175813904850050001816
2823043717307245822145717624
2909709816560752985098290914
2955162417502970807848887317
3096778736678325378476583089
3446600855394621444162960595
3527629908417842292845564829
3766993159569515147986327991
3772705524196084397483257173
3818943966118476885705654331
3856255607254583425720085473
3864794442572507185764791986
3952880862572677743306471540
3957118932077420995600859936
4140731038249372779952033776
4159338317653500251709626064
4227496470958972271880253161
4273720981746484469552191662
4288736706714467152127818275
4521540989973460203389951308
4915750935677874421182248826
4995125036432754955577049588
5005032768665331046027704809
5126361512834039037470399032
5799197992338697546467483371
5845051751649114497680590322
5867856751329274030061967329
5875732644257245704600183483
5928709540663540066568632147
5930073809420949965400029665
5934151380308267093281958148
5980042621055413819894070883
6018347734250733211843547889
6041335541872825123881666472
6062235861573582166799114005
6329065989710913051496586252
6361468084117538199628491774
6404942407048593896864851075
6433538259445406068657453944
6440701722824427345483024274
6600020994061362076270646558
6967803604725455453308984970
7021947946114112765216512717
7048342084806024894914854872
7069302028515868956006893169
7277663082344752635552536571
7294724890748310027421994798
7439567009415657843217313075
7587900730811385366196889294
7856590511502574397210639574
7920782565039351335193299153
7970198019396445375492302125
8035089896731704909467571216
8193509670653581813282524667
8243245994158676752132521778
8273745547305056457729762871
8444372808499629719934287679
8477381346053845360705409304
8805521703598674223935598837
8813590147641832955952251602
8861627047447180808408918210
8962003752839083542813106933
8986832426779598108259557515
9302288612149550408755230088
9456602203706139441473061981
9475957850357423883473470830
9508138370328812133592806009
9570695283279616832308221824
9579197958751866775594570132
9615201726884884530888577370
9623504985171202406368003965
9648595165656127149650314802
9670573912493336860881279840
10051357593708664567274997816
10068112957217478408000369646
10119139817870864041022592097
10135103008639138033413359281
10350106354543146881011355119
10566249981583394106601549530
10620435802676436896562984774
10741190815100006187265991427
10879938364005714057894455530
10911661223810756669953965504
10986878585094019829427995913
11200713592307174098649287870
11228314681697773218570682524
11315942186244874268431429425
11358843922630054968490164506
11360476560561395729113716775
11379507968131461726084118832
11420542902722010757934132076
11427112582604675191528261032
11494440127669963332686306031
11539217727973998417040605458
11702377955659925431645547974
11837092098646895954029907312
11884011310632625157178930719
12002907393202984407217688996
12179862216169319967888824406
12189207403333058261601060695
12261758969414099096637924384
12543535760118197289119907430
12619186287179787934176738798
12628528813296426988340556909
12761339802419785644465628901
12884156797567945245800968636
12991258483317226987370749508
13138016719291908107323794504
13271254377535798962029474346
13325118783916308072006746389
13392186842126952128707501143
13401806059484046577664625504
13497612278635068043697826227
13552686125685723330231850384
13571135369293524060791380373
13845244800567114090439990386
13928801036550911242728135353
14171677078995541821809980289
14239245873404133253637181554
14460385988163969460871132161
14478293209918833319888541737
14601041304755140598612014523
14709465822940358339100830941
14726184202575307304350004985
14795485828691027642496809089
14966161777962021090831246701
15013744441558164939706689128
15094633024305021982681582044
15131209787830125420855185182
15151290328476877172630414702
15181535685320769772811610833
15222272806807035116241779199
15232025277737796929061225323
15233801226447754416477482709
15322724693580824313845365993
15334272364480633937388174387
15384878343040446074698690325
15710922997233542073046499386
15890133106402843253687631391
15930684007707106914707263702
16173006753248184043383930573
16251117544958780396193411959
16275871531739553502526614773
16279445649510608696316606707
16300233281318485797113764480
16357860636788677845799257687
16441536443552690116220132250
16523424544967440666035125823
16596518267855970319698649563
16766415565029024336178421531
16831807274895855287410879074
16852252059209448078231377087
17014698123498967845791242850
17033131033009434099914555552
17234755854750773632898136205
17270976875758110748302562026
17335367547351667594092938184
17350677474402693977579213729
17380824342669273932822547810
17482130466396878222653280888
17532464231677103792447292198
17634140664897948956388904339
17807355493147390478964252457
17954252264694761635019820610
17978674668716009957198783456
18011842751203294820509516681
18114050031015299416226890875
18183528862408398735885668011
18237410068777449564211836374
18310811032447104185973647116
18316000159084787050125170483
18336478133536832694155447813
18345940926475342530075626259
18598965517408668558347179486
18779596275334166531109765005
18884822888249916720079930681
18992585539234402034294588814
19007264683395898841998586702
19021380953622565262154208697
19109778085954941909676718906
19244883496857240277105486605
19301764341017407160907272939
19325721109143722212292089538
19643793384555259931534249077
19674256686847822965210110330
19718159306491299524085198870
19778643648520102730638568650
20042104752076055456664297636
20141860691380698842042653606
20186121211644704114769451508
20595584639490294431203846992
20782963287490979096878181643
20814986831127171955792017833
20845241705133895763432284550
20865405637827819407748057953
20889982888237881111848767272
21034446677055708108917870874
21112321444728595936470026442
21205945410665500139442934139
21223128274731657412526993932
21233291816958606296758541417
21320536205354497522021050558
21330071453673032102599914813
21412937826177615099437630222
21415334178179393928727126324
21486130738704896749165689150
21633998624122133689514197610
21711507048066282509990389896
21983131021000304439787658273
22015147726973505081142366501
22017405952356397737393579381
22054111610565980154182521727
22145875783064273631833371179
22307093350996558014444590475
22468705468050364231762163553
22770072484329616069637769067
22782701134557994622336485165
22850616621486654740102439542
22936999421447446524221492227
22983640464597156319493654574
23125659814272147944485173823
23333380184195229255068451129
23354884670267550435575247564
23603996131416216484306322115
23817460922115940426940168548
23826639471520846436701755045
23918345678630061462048351452
24103055495579559350548179710
24642900252857166853938256035
24837777399317040315933155584
24917581950119494697425529047
24924495490604870371231330729
25031412995394467382211675841
25193202783810344657434915308
25345578333963750167464483228
25409179119139663264776981057
25448913874171682735321378737
25607334277330389364023166675
25667089286912233618050823361
25692647013408027534681071910
25714135861309064336878720803
25744855267140618273205681122
25839281401366063323838858136
26068333072178482795061144960
26075627902484104106007543058
26095671136405959888886834545
26206877891328944886747565104
26305596266080944059418249304
26451691806230604578685436056
26603703743853566549917798432
27059765485627054610716235505
27289280081678746961833849472
27343396548360859893032066942
27346689234817413711802593807
27424461980331719096789128011
27454306274129828314061755890
27533533054507426383765645202
27564299386914342742564661222
27662066210508392562574185138
27785505689561757429454096780
28008498239028699752159403268
28144373949238700016356485330
28161477919937581792139224462
28420192190068925688322504355
28667742502730059996543325988
28715576039278929918393806245
28820025379227191732673378632
28821574165341203864496475553
28871335721292933357194971297
28940324797687053772934784332
28965725978447950376931978881
28995355652614920562638135203
29089451967856904684692272614
29239263585154570686780009553
29448323006076115091510434876
29546811545084760675106718388
29710054791914744855181286574
29888595425730699626998545171
29889263285131232033556164330
29906781896600062177629840794
30042180345964826826724561471
30187705696218192291587572662
30320549787432890199013621369
30454119824579723121931595606
30607347565683378503621971599
30627750275039010378901698335
30630701636860797687023783040
30650184970417983122112981512
30762969398111796557002439377
30763992435258386569607428908
30832699922183334058194914772
30937397731331916376940870732
31080217453244688333948442720
31342191125655184979581786812
31342646519871239076857315148
31537353539107025881043853726
31635884507090556410801272666
31753010147452122604081567760
31894789671829217405222675486
32030497266644337727078531963
32092069716611192122455849582
32148808800906134338929178573
32231105036291913753358571800
32426625799374247852601558568
32449846829244529161874233086
32456461342364598845084371072
32551308955412451690084052899
32606787862629426936783705422
32629500407367089979481910931
32672607796188624062579991210
32688496807981830941923735773
32867499812304468128460578213
33003542661017132287494764587
33021290039183445190453288745
33048549694338249829319722787
33151331583947126129257970161
33289774511360636848553582917
33499873910701639286945233223
33608342746427461808610817978
33760992021848004362770136876
34051316286767314888867008409
34089306593156836920177384597
34119445075124547637443286610
34338958776591635969061539167
34339174222055338724273533907
34364362554383679341880732104
34389740842802988920520778916
34563461211839822099350937478
34594547079632243577381455367
34641709437501807783728420179
34792789807377519143611580308
34952179004215390584304335948
35044934465830981929489522868
35123836328825538066222536143
35164350869837853068070162965
35251691220657377249249241811
35276170747334995213602442062
35325687763159299046093251673
35365530824166575978195955175
35392168045198189804598229208
35402401836031272658223959349
35419549851496316637601676502
35773592207437660095444724495
35821441232604431444817411333
35896512257250083160934717869
35992380553390878229217726372
36032045311487491960071269682
36266690044136405939795376126
36391581270601891739846912376
36396979562242162872202636147
36594541687303216921468783221
36719330791265583444323873456
36871204202621911712320408792
36913005300516894885176568472
36924532467165338760532386795
36942207576259029258099773868
37057669830172781602175605520
37108927812623914227824258552
37111783950706560808845866000
37472468629538684388711742255
37552900488463865745219524430
37607614622460478858425459038
37759950393232663059198389238
38023032235383741475366716445
38111234969368471699485885974
38252598967835506687605951522
38460840687271480701080031182
38523276818218538615455459845
38575018344779925868101059883
38618270192318587231641224211
38635649427599750910674857952
38789805239539476018463605871
38820594923331005373107665716
38821512293635110674616003434
38927533336736683171579141865
39117757495518927078401876232
39121528049503669773513642880
39327340903795693521193170604
39515669213208848339011331138
39562431077111684306650444716
39578914631976868689703418384
39648074836067246960538962270
39706509364338996840562260557
39845707533734295171710377937
39919104996941426792423878646
39950325505863858447355678953
40070518389099305362696213651
40117475011038446484169978118
40457151681831479791091590336
40659018370501691413947434724
40769568674659625950880743469
40792752572649086216243853714
40882368781145814173458576715
40985804788685604109348613419
41013750139466987267772982334
41288210417145564595906868468
41442059519781230370063189616
41568981850512420248261674335
41578284736846292070497836320
41627475229729276307133330672
41655744813015039154861072192
41668019560707272965800238186
41721503994176498389413815000
41773394024501760503137095909
41890370640596431512603002644
41937524382357346800532044431
42040207093937544544837107521
42120378874637217032191248220
42123771151445070173066812811
42186206173226680949888159779
42465244754395812600100719948
42536116021061724254806999502
42778779523476959920982425234
42846472014529568756072591108
42868069062163317334771652526
43017629331930860248652200561
43062757475110451237803750820
43107036733082486881102653265
43284818989268940960416515378
43491667500307118551066526470
43581619016126536395519560601
43735184037958040181084638951
44059733134758009367799845579
44076633293609184389101748574
44180210661522078162413851856
44259526751223901553513311419
44347487900143671179880990725
44408413530340178507033994016
44485533471787629006818105842
44723586895416223716487004909
44818381575180021150645326084
44954079745166059094793225061
45017521986122730852718642059
45622399920651773842889344251
45755844772064806838818751080
45845725257067695920882601021
45933086423177429963116563348
46063327041493172318019387215
46120735374309438193570993710
46151352128987380000688972409
46196658655158493513659265127
46241994489496089824842905848
46569522129505672518744767619
46582976320885676481131684253
46744783991196021424510036667
46860368274190626346430341256
46911753490894752899463380022
46961833510548824390638409110
47144185351616946161342920218
47194705633519541174114290513
47424156793970725473313918148
47455490452976778986928729386
47527348384576037455279186467
47563503181744582066420790316
47617426424912704890833642052
47653832424056481865573232292
47658398900278212638314655033
47734972632472569204838344589
47737231854322539278982382688
47900527599072423576418217018
47959155632692209339188732928
47982128711801952148845338091
48032372836761689289600029422
48168603477021366961101038841
48269764681945474321571909042
48493963735985635183998737979
48635904263219472011015618401
48834573588121906959081855737
48898225374529334067859226844
48904914559248153313803003154
48997003819522441340531806647
49055335490062622834209507230
49165433051566552710536536475
49297034810194043012522548667
49662904891066300589849165256
49808607617694814126877590088
49873934094138423360299427607
49971238830023800656087288600
50212513847173232910201196347
50291403728231583599865684959
50296943895431007906768794727
50304965272203519802433424667
50309140766576218710597963286
50358949645643634302639752448
50376965722827820214226723459
50588779287959138765513570853
50638306108045991130440852840
50729279614277147223463549079
50790575387233239346777536217
51040151797895480078711267766
51040299025163229609691709463
51099528840577078574425138735
51109756952207449675424658975
51128363851938680021996157054
51222942057019015518852705410
51226867157495646719858247789
51247488531548239699639547008
51262490126505971612091315090
51467834733979400940053489115
51497082966177226649027760869
51573121333927636345279539197
51662551115760106283047392596
51818820340933410074390534723
51919189884360333458392272004
51965365182377851396692726396
52028264820579141165958052421
52111523921741337014419808752
52238797464297272452018310959
52246790842543723719360624050
52468131106993277139543320919
52574107991160552378998424468
52597193616461211477801008802
52987301159593585843076814147
53076127560433580725644852910
53255150709617874404652975432
53416412136798985759731183998
53481163508418693078126901412
53481522387748287045360993547
53497621003305724436889587493
53503956639282565885310338346
53702723430368869657713381639
53861919525395083539024351448
53942696853125417059887177268
54010159832855067336077105596
54025671922261631324451193842
54410141530844082499470704566
54447680399176316175405159518
54561987144136927852103957189
54571496367076024729219193623
54638927103777242529150095437
54739185069797578967007530711
54794850883044339536208512195
54877219805581636588225859864
55346209937581702806938462874
55386245062432186773653158375
55413297583363447131001728314
55932573671281102704894361496
55966431968013314436238247599
55993115210072019649736907954
56166025881926346647356732962
56250311370963797327136329512
56403124850980646286130185353
56749992004612355725730427454
56751733951952013022529323922
56868162212843615452420651426
56961096294511212726601787385
56968786177096150259164083398
57047561314480421393144530003
57057115166769373401658388264
57298312848879070770702456862
57315110696248855485064766936
57362878673225400444365267576
57396367780230356081917147572
57426790823464119337416761471
57427687896028863007192572938
57513032996421885603251170583
57539566672025814666584356650
57590447458009292894675731673
57599340420385893366878723034
57895598791229811936758732624
57934267915405169904141569820
58067415609500110815344451216
58105788704504089683760059973
58133773316351631879052313886
58177180208531181937999111447
58244040979281207639313598594
58282052445547749163427732513
58322734640740693351176154687
58526754325950617805281770118
58620874543853053341224318834
58740902615856374489719278646
58743281239865356591723036408
58769274953388272815615671026
58878642833633051484437489099
59171494941666476958108319321
59345683371456730086603302564
59347995659923135717372067829
59349389355859451100659182365
59452443999983905210675099013
59610861032064551526415686670
59640028962142427602669054312
59674003210383147875737749337
59795459702719455269870479018
59825779490960488985374897197
59868215888764562690227039451
60162121530395697823881131257
60199354881857133018336188532
60273964727531330357166583847
60288682152470649743185174922
60423855050929626419594048287
60425787444930875696913762173
60429684960499202553682493477
60470988326743321100490615122
60620842445838478295739115064
60857988581610853480060929102
60869861531505151945592478012
60977549823170061138979369829
61238333543585984995855754393
61309685479981390777184405272
61396631633666173545341685565
61412957990571498639828286285
61417744663343919651496764201
61445634354404293067232546256
61580118976747076717101262553
61645592842562213851065654105
61926028453288227783541108631
61964192816763547938128854486
62116860859695355841168327303
62161615995524836752550628580
62219835009406441140077907912
62306007486923398228960004889
62317589234029626495518582442
62440493582648792584671365737
62450462698778816099187488830
62469711603171829836298278071
62501290270651738642058013942
62532309044469343142133021753
62536872625879761331035147902
62600808450029962716160588631
62647541104018936941561634734
62693902379494766304528062751
62786714296834279264371500859
62791112371086405788854148203
62812172168277533051067182723
62863778548793375825012438525
62981944779963859188092652446
62985041941586158423444200314
62986872585318966432631266034
62992301816045129693569081373
63169846685952187720332727075
63250811480216948817100700225
63302519165739081939307245813
63557133441724363074789799892
63644748311023779023552361224
63649704472025303744060926071
63656421201318833875896891158
63716598367606215032054636570
63724420739952749035841125784
63784435424301278633795947369
63972933691471862978305569825
64018783206134978943785289443
64060665717320121405263807711
64063195150870512810116251243
64131776406758797661583968052
64211645001669013438489938705
64368041530821213246187040170
64602361999557959557675092022
64611744073557697091616641581
64618347882737233785185621208
65132499974456332400441926856
65269655911056135497649277073
65270919753157739307820685581
65279421748708885088355994414
65381115623576053299763486631
65486382685442843087782139596
65555052732673049629064398965
65649550167774900923525463251
65662068357041893282109282655
65783234398709698342509747307
65905387867676577393340387024
66049307966985353585450924246
66061353119774847556045773677
66125559210569009957654957566
66170529718077886066299748770
66261067198158132238344745985
66298110854860908271368175679
66305787517609677513005498356
66396514491455857015951224063
66573147681824566473693140795
66648790461090383174449976461
66654413670781429437467783099
66723005842890402458964070138
67102396756102980731278824928
67113945082782203765519408480
67427838143118609132847076118
67445436542882355802339917743
67559034754107258913426947319
67592706792319511021944844682
67955511618005864261075499333
68142382096559747669953623023
68290936792525852579074387310
68400180112858023055553218145
68534376955482166766805343523
68552480387603214833069422482
68595090557855293657857531455
68647595017584883023430547225
68819591317123572443544721491
68864244314341866076535414094
69252309963668622222819204454
69372355445441148111836687026
69818313334665126408569274178
69890948602770771423702725553
70262693904228174484579678174
70368655293097395527970971444
70442021987537023352439018094
70485796652110227489473771845
70724063962415121362976023842
70845448005742763002171803864
70849701394079599546519380068
70874065802552266242375930173
70926717743914814836137241415
71011883004017393957023262693
71129700564111710930521638489
71146199951041754096573413395
71304720171076656990048767417
71337908803665054116576897499
71632969835053622871978692536
71688002746107412377121667838
71720449107671010021140827555
71930932724644884513139967261
72585203622885540617801734985
72722397799440949520570426387
72781546156130954710101351721
72807127693287864988745199197
72815077870374883350282036869
72943487396198465115124505642
72975957252156176420341434022
73018877959729624719528527909
73088469676757087933102305722
73169774950004390522456814520
73412888726506466166323102450
73479873258319256896198561698
73622093162437035261260310416
73719160325109257545512543112
73914799834215383226278183469
73921807590657051914036063449
74115231259057558459747267897
74124109907153583477269202047
74303385666393526394693502741
74524721528387786747662927852
74554582792214611791875075159
74809596608505575615277285639
74899519121273901430893035568
75058803289307075148403071932
75225523186595300889765827878
75232219912170009657867572589
75251651352783241392113198824
75317993130463444276735765831
75388668105490397550503076808
75421889848534203477434128572
75485227744707684900042855008
75591510898604639428411414658
75627339955262118495656784716
75665799797152024675376006569
75745071628646323782487453454
75908256450888027382860773935
76527119546103403953185060162
76629262479990622503340162224
76786982531094400078282019867
76823141676996002461336009596
76895325429737877555365783694
77086893339792618614076357424
77157244609319777206988545976
77268183594700801800113039724
77368115519986027536033250207
77406621885079177902433617996
77630933656379365046676671650
77635446639798906322267399760
77670572945256841969144873451
77694331233628321534370217403
77698807227891339304725225899
77713291292395021786315603969
77764109201062651877591227773
77868229274950474800934924989
77887469582379627584473102225
77893664657886375915069253540
77913533698100963180076965238
78002208652529168104464443297
78058116985124753034481037868
78396497140941355055137834944
78978722942576641021172897560
79010435894124954308991535273
79101741252545520935981013870
79368694300422015723075058556
79570723469421247963264346197
79619665031603111993475395638
79622634753081700169126548646
79671087321405888147050274611
79690962354009868978997537926
79809531298330236823437132727
79891561191193222927631096963
79988080337978741403499336444
80211278090541168944886851297
80380446342779401133850718370
80407568731874063245805814483
80450750929194871370634731544
80475214486859492473682969126
80592324768528705492977078007
80638975222491783730552172479
80803757095808075764461139336
80879757689857334600560129659
80956482727648144444871732868
81030122185629930034964857962
81120717492843708963550720159
81244329420482855148315204561
81275906039350299784081030075
81295154948872182200033609209
81337734007226276255508333539
81368330778053873680010550052
81438104878147351549537481115
81481666989174139219090053512
81547322753735392099101532991
81615682975820307859338277414
81687710558605667971356800205
81862217733018898704986932757
81910234756735823012467509044
82035111725047784111677092099
82170733693267237393214867024
82679749414401293810204557539
82701011151109995025698606225
82701492403911335679824714394
82829269609394943284780336212
82830800069671201880570873816
82871134377640253855392867789
82956009209235827135667366590
82963898329111225592190442285
82973110408008781982975608877
83068256426186115612535495342
83097792037909641023200892691
83248496465304758179600051861
83281223363706682263396595123
83460433144653102338784615690
83475460165479141762064277880
83488448087614602248139102990
83490071607084599807599951067
83612766704837327435283329973
83741655925662003028117042499
83751084892991888968727830641
83768328643203208453323160457
83810646462585639670242704774
83864886801532802281537830911
84009774721385926593185893514
84052611737975304748826616425
84375019236582089717951626388
84410679652983188629573300385
84469725206047689855869766323
84572874794875615461056627687
84635270811536271106405907844
84692053839218099555015483690
84782475332498297649240369761
84798550572020996069640417033
84807712454901120259275298375
84854485549771007068835172926
85039518927249051499329969485
85047840559781738785482161381
85099840597956023742574527017
85285728037682482615013515394
85376299884457215641492703740
85522893581673362915809081382
85666658779931667429536862659
85683004013458511083991721728
85730752786423172395329008238
85749676941397225736295290162
85775706757182206805249065760
85804044950247579833602173442
85898641126070388397755996554
85933108886853063449145860678
86003694377151318980997596381
86184282160373345488699281848
86237203287210602087013001451
86313099034700226041161736130
86495250575317125412461160428
86739058519902456404173185512
86824560911249179685926039176
86863147519348044056393359482
86887860105310468292510267401
86901676718679855895804764019
87028692549435000922492624411
87323150475768413348833320602
87334778077481284791903049748
87352966664643666900995561889
87364789534116116843738418609
87381356086660397512522897630
87467562997037727680451774855
87478102161587279864550074556
87784050813244136136086760549
87847594479737450321272040933
87928037508533815825334447050
87935882819274869306440282725
88074472143653934100668614375
88214629131047272653102151309
88303083217840852227809720921
88525913060927576222419137162
88695433000654319598051848880
88700821032656778954108196417
88787150538653435722090132971
88822159026216333389871308544
88887997462295377221973986724
88898630627749476802509746175
88941015418009780236803784013
88945775227063143959926575333
88953809090841892620300847887
88991625092774186254309084433
89055056127788325229418995169
89194337618200858222387781879
89237915766788534527923880653
89314299005640636865289937963
89896353351327420145030086385
89905774063178350647595729866
90127451316817411347640454558
90210121434523516625615404744
90272599413627754361512868587
90390664701374285251307421120
90519808064778497551964516778
90608504188399417057639846245
90640962976586331353854068032
90728516064560737673024271696
90761465703745352266981498567
90814880011025166723124940906
90976855295054082386588663683
91073607221302693596079987253
91143210349288623384647516501
91213663998582296672273483771
91306568943773853500861464846
91578559924913865398596223813
91613082454627473501394448449
91678130848576375075608525056
91847052540755770946756691525
91943009692977901777669033902
92107911861958706659535972966
92161451352110056408306281816
92281107079726242724592652205
92346147404969004226113120306
92476493737511602136896111317
92531077574175332944783848244
92544141018319920813707387841
92663340596020008263417029971
92749737231957926483649075312
93155491413020416778791115690
93186422247761723004281297264
93441440693202686221458366172
93534948691229391620440837121
93595598829074132928448459410
93671910815444244241575722513
93796506417524615711448992247
93847488458095918641408607373
93957077898984692406192356378
94057121148753861903595285019
94155306297147856812806647379
94275727577494615859799203984
94366378051546897060766859523
94576302544513837273249550712
94608717873163910443951529340
94741078039895742566835011231
94785750692435604870263794962
94845549351363628319241253225
94957067335251894349205131981
95274759710819498479277580645
95292761602024716014456927024
95339283187013215989792333573
95428645330441455061730756493
95662000149723950858584065498
95901699593200319403328573567
96112403054501406753737740470
96191685678491997773972163039
96253055281591736449090929302
96380236708404299738209518069
96480227654321892860420849044
97068546978932518792818462813
97086218617307427467808212795
97100314539989750736604052810
97638177790876512533573148030
97922391917690388076282582121
97993242352884637704377898261
98424337609733116053482576041
98479460712721858522788233793
98481021899153979624996151603
98618638731709055307520009807
98695593316543022906719168935
98792574303045590338336508251
98862261200352525747513075568
98969620352679346102930361512
99015328402849506962478048421
99180146268439217935251459685
99201353671723185070812105520
99339439869214530750727933204
99390019087278162177544957737
99571881946689693508141072206
99729736670160771684825478653
99767716880573608298171231119
99857673797140665855216791430
99899425045889542226320449087
99952524669116509665514822145
99985118788025640973267671281
100002888690502900851519835283
100093289721663445538645508473
100488752804437400510224993704
100660217226999186438376567851
100668202870958404000571969453
100971247196179176201666275372
101054218417141439243283857214
101196670106085804632619052674
101339966068278477990201606407
101404532625306909907135511495
101551531298944958419614974774
101697747488653983560511687101
101725969538074656605145447288
101736871354235959292830871044
101772772337733415416996304373
102226105452634424216454007769
102229510842016510747667301304
102255137815530463340709747252
102349296831175472147973200320
102509064368288896045200785668
102608927152213832255960771004
102948678004066900584889838614
103027532258515007003221385368
103115152293343396498012606401
103300366518618832560032272386
103349087424399669057992644059
103436215752579613783310209880
103552998830560876398266656017
103583713272015378926080107535
103625325559342453306929279590
103630102360705181004049841477
103723081412679912529790969037
103944617047329148638456025680
103944887513221734462019883357
104183026675938587420230066484
104384298180435989857032660884
104592917120307383961153724009
104607167676872573250083522553
104621982624657413449214181287
104657535772304694940602027877
104679541564971548381341408699
104707753454268322872772964869
104733087794805720174686346508
104777165828867325786687376395
104782818970376440865130562769
104811532546771467971940807997
104976480340795382113010760428
105128547146804471391428611408
105236646982570228990792539912
105263206437577469492974020376
105413701076602522700237178263
105588572040710990951159872724
105707820556222250146997639673
105757333774589579831636995894
105949503058830362672024553649
105951676168976302785460619701
106108499922884439310335893619
106195949299141514759857758662
106275452177189237285231308015
106350769356765782364410454572
106437247785633426638207518548
106498912536728197013982426912
106502337182167009261172762682
106523581231656485059038573988
106658398906621848007593678040
106751734741033618545639151385
106899134905377667322233912643
107045343828664263877590000613
107215075939675846707486913249
107222836527000390342776740938
107360344004883581258104378434
107457127795073063917015545219
107478169238253144291548196068
107562249095903408975381974960
107722814421421433699435161196
107903253965428361404217078300
107931199797686855711834590443
108019934402930105370726902553
108054142942104758433967875767
108315436222747875221985293467
108330645389439451594151243737
108343477446943705785767063848
108500950015384453146010248411
108530839910176339232509744693
108577148644940871748324279270
108612555295832533052528240074
108731559997705541516096996361
108768121828833376806481271134
108988128405765583135965716672
109253675495502950652444504917
109271897441134497526859489003
109453566793047483167529388492
109476783755922870798585996341
109501307685308232732317825454
109523127127591955977377267706
109619945308932592238762711044
109631901830604044886755897367
109666079885698588317925792509
109772110062347506677464421377
109815257307351600707048333886
110054257756791159700860810488
110075135505602112298548401772
110183073126806128900119201973
110354656030462750929151864062
110419895145636028407406109117
110604488470806171583277455152
110742312240954648498507150416
110849864299237879208613081872
110974514961498764891512892261
111064950853685825115100651245
111079810437789603881895564391
111143041976449835330225272561
111173442226421822653085903045
111256035713314693736673014589
111372316431510225770906742030
111448798500238270909303115038
111692984893860347006740330358
111715983236370910710516563557
111792870722011871462118024764
112032033211446556077044723581
112050663626876804537081736494
112321093916269198305480161122
112743824368441617365398920965
112930262947637291367109243447
113007018304999145627806701665
113110295778091069019443627490
113539625738850617490617304952
113543622562773575744690063325
113607235693277063973101403326
113628372043015565648386813213
113654275766647609638036750936
113867350224851759371133302990
113874906369100289290156425221
114029169218243883692064271996
114144521373601410027644118070
114146816344586411495146422099
114178699142526557304551677788
114412143384338602997078422542
114457126655610588439750163745
114715504141130903087098176348
114871433518450906826582573564
114897000974380486302706233279
115199344353170050619253316344
115244406417715728511384398390
115312042575213855539517687366
115409914054794256274867173283
115412045002812618993397851708
115458913325686477970470209113
115629199521318287618418825148
115744535168671308170985886833
115907515227996947903509150966
116036629490984861111924183683
116146945541829267582489229757
116225737614806530282304552114
116546545619304628121185135873
116565337029391601749615965200
116597856114208979211642096710
116739851689486133760820919111
116753746637066334866094535530
116771693330604624844942431325
116802007256613096673549866071
116821372581209494646392187171
116929258101686496945691082991
116929976732530273425447512892
116975363003980082072904991940
117003646519959466920278980639
117070465368595137525123841600
117136204188395617451106248235
117289796849135285560074036720
117441766196500330082015058474
117589996040400123613057388655
117615471602663698033669118208
117808880032124219609621000293
117904791990062624616043622866
117912500346034036156327206060
118211922702574724156598992753
118211953704244127722348879223
118292361152458830705555146941
118557053587659711635294681840
118696779096979646294746521019
118711780725411297502725551073
118767354810132477617568735879
118796575703379903151356395649
118830671055690928956693778394
118876266451233378300014617854
118987195284865919614552926830
119001752236154483077966080888
119031305276779479854926081760
119128276350557133957235358810
119399084285293920545366613360
119449326326715277618303922506
119457894391088352189613690831
119669832724132073656471653052
119733056791484078168489612897
120093137867162621751141544370
120096458744542349767030781673
120112778061004155720931221170
120147945523654397784350318525
120302080586511547813220379646
120330719241110904360829116758
120337873475522462948992380449
120340621696058635541194539797
120354775366989106320030607516
120359051141661202211472834132
120443934106031924169180150149
120486543245004162526684871468
120571662240396948319358747306
120861829234219953769226500692
120889183795469588067052580099
120982146943444579768237248125
121023760675025353837385838452
121213477505714898868838899223
121400103435279897535213844271
121612299275228197970918614377
121922807067704203835895727695
121948271954070088372388054588
122131878803795253668785436888
122225737183719142675367364343
122432080882222012956103464625
122496250147263914364226276770
122552171680833774980912855116
122690520848572394312617679337
122761577037890199883097544278
122780623268643826057408096428
123233310165018712158116856328
123281836014516499922864009477
123310594156890518723788377494
123436372206973298333623398185
123511185153475195059181694281
123643648697852651738130841389
123945983082058902851342297461
124013180831798706448650895487
124078959865996496774783605305
124114513647082156636290329304
124464310219437309489403624243
124536885195183967876808116195
124591804369345993140413693311
124693284076482187863106372681
124693343324860729290530462271
124955486128617238500200371648
124964918266820465746123294891
124985466647998010143712931809
124995380065408626907233970789
125094005182691456655751054375
125217067600083643189829210869
125231781626208182328905325548
125299870635380314967207700962
125342462703075042574932587994
125362271128919890646740853866
125370521920380975537563804662
125410766084739047952336552613
125673287704735998871039108439
125765943010140715323070662611
125866092323876884089707997997
125880270816586834845107345839
125952489009538193770599800310
125971686815079484045865073428
126005811364748578546585622633
126122619292542775479357651873
126218197920377367395390551178
126333641612449638475708047513
126335511603957878183750393147
126527523901894669481117951434
126531188565913962522719890656
126589740552349180036817334374
126669651206822415258876284931
126736828293828089861103920946
126757068583070838594493517682
126825195512654151143211842552
126955312142362034993633322979
126990230873598598906448224173
127101006767241952002110932048
127134379875593453889386858332
127851617634813190108655463737
127949229090665755678831520185
127983900864653408623398547106
128096681878475336932355520987
128229735979339838805345663550
128269103371763972713442391756
128386400642232264632721300969
128418534915326139770852769881
128698669221235630785633945006
128707452477058657438756636148
128744251025939116477931210543
128826852803781755483218478319
128848588988734747843089025079
129002477647063217396213962456
129162619092199689114654678462
129272225714677477519334302605
129331702384573547560500870537
129476225458634600040478019265
129519325921300562786505861093
129573048663305863735618168441
129618191277503118377681078060
129639439755390561390934690388
129803845637175460488056548153
129816257435385967193770628459
130069187759274242659262298048
130073284337504921917102160950
130163418782031490393869503608
130261145142169721382382239789
130392970676923190243304262815
130433717679375063303232420121
130708064401366402400868131896
130758629904223386612618540110
130831426174255774901008581549
130843578864260800778227942834
130843912453197270641608025696
130848991086525203996285319635
131038701648765975944542778562
131064420574202474220801702590
131082942931787498797483276711
131156032621416273266508074266
131181218728264211464549117681
131192398509496223521400924798
131294418372511789136324143090
131367506125505983647767760826
131498986205160021953946497559
131751577046585220444443701821
131836767924294851943591965609
131845747425156867517886244750
131874835767928999166451416176
132006573627871044067598105635
132136233648571661835626888069
132145240418742554101049872690
132347258766341732426454242640
132386289610092856899341825480
132426522534726808023962796552
132432664242152955314274947741
132470469419421655829204892097
132477470083271944175433363650
132595184196487537837764200707
132825710383088280307724804626
132828079752591371259348830566
132847516671499761296183433993
133081370285433554391263458385
133150614092982136670554473129
133172542346055350628708576188
133207927390275485429841445627
133225228856641803076198769906
133293721265246728860046205922
133357547406303484172769502574
133366255289509649481369012399
133708807439180258352834886038
133866738841983181772353108065
133964596521258273885990566822
134050616849634104115163903506
134066996994712110826419503162
134237544288992658737577823211
134259281800039960474954003518
134433045398195848011102041698
134445051744326033799032099602
134640289978794670319197774886
134677791145296794911125285482
134838021354771225058757503745
134841996958286914066433604182
134893658058509664794777650221
134896567992901098179401213572
134934559372377756128906758277
134986941058170154460693450657
135023446255630632593508928328
135050267229393906689597393079
135166751530709687899839966686
135365730596932886663450094608
135436210133720799098445345040
135481912545672918091420595280
135677669514454884767974621780
135791086037124202506007360361
135875373634857934508139960154
136024322960047500496861033884
136236827813326963366574435276
136312578562373082553085821324
136408537937593253494058828679
136598028710639672697575849117
136629198717049468776813399338
136677899135387843232484377325
136802290243378585140423423956
136828775321750607732231759251
136919446177049907693247718728
136944280379130122209306374451
137222447447651347915279899780
137428219544163337259534295067
137517187188082419039731876458
137559017058039748289845456633
137567786905678749391375380634
137812486642238041771471946584
138045450878360141251683992097
138078177685502698764619430205
138102896727162192221672823853
138271932304525743129894240444
138341914388671596121768606697
138670632814729656396773676342
138700880915091457644529784447
138760250981657563814128071706
138838809619406708768713557271
139074258162930170307714292641
139135584088200026379588103253
139176957964800137946796678952
139359020581636667603375033821
139744472937281024479036906866
139828600415162151781169031722
139838838539647489926073116187
139857749395400442218779546510
139873874829530868876387479552
139898628590258715784336523984
140124913577224345523212983317
140126271028101891042842241420
140204630130333715008981519921
140317431041428618843196676702
140341367232846900728841379867
140438576545497984752866744302
140625353538613870224839235506
140661406393271145907259725638
140739167146028850266528301814
140851376657509943434313972384
140995671964052873191158755178
141084957061110491221403543938
141213071527435300614706139373
141313278327306795165851376639
141503328678341765819417319861
141693149557567183313976980107
141851504101287940655957974016
141956052246194710502266954411
141988840732255082944379333256
142012966075920395000732078493
142061605603252436119145109428
142144394048233776160142176260
142229735566525492622153402365
142870744086712023531219579500
143151543363942629638869425501
143276471627430494694680753888
143290041389961810906615223152
143331419371175620467537032909
143435095289853931878669150568
143507883236297348524931966036
143601270774307899613507428629
143616275258901717749799286988
143680253970582611806887187783
143689007817143174960572504335
144017527002106437658009822196
144074645370058452036363304375
144099335323939108896385161997
144247705466190931751311915312
144278676145647916304877463401
144420510301183559029618259921
144438813685397389417802087179
144442640117356996900103844852
144580945818962514296111464749
144838525741683322967967416037
144852936078733119417084847410
144929938532846133433940958215
145049020305552286793723746639
145071477308833408729627599421
145127059609877459766465053552
145170700821853038935007702870
145426729803311582201675053159
145824033445292348759196387769
145909549534605897766403623254
145914105607067486069135853858
146065588914836729831164644931
146323984339933812743131754459
146535979502700826437041750976
146629547999933613517861629093
146649140126766201229900503979
146769175002394459592499184356
146783387349474126001520746049
146808353021123887979935123999
146962051004292565039832068572
146994900157181801276427194056
147039118608754181688604295103
147303439491990989463308616736
147533819382135036370992341742
147538766176825846211590813734
147542164967218529290450064816
147544436472382749878685879490
147637423221816127703658169369
147654445425066631171384075597
147709182233096330332338440080
147846600894881973927367790631
147915819674195020930432667078
148011437231263159639127466220
148307530624422975510848576008
148552441578297527177513735699
148640006853650490143315235987
148655164585072472943508277334
148775860214368406712791436579
148797275810215026007173827495
148804919488055761500505756319
148844981537952476510310979872
149158786373463978971771654100
149160134630551114785030756442
149455666388776464065482443834
149658015297350114240107196135
149717031028780038130425049332
149788141549390094217392800322
149999650892953882106171070029
150020415449244845000931469588
150100687128661324269502962681
150141466677216187567613960031
150147128843548507415009317703
150164235896726034495016013769
150247117392918222848419641599
150248314190747284818269363490
150274541287080940416353146567
150314026489738439565831847429
150402169128722377632590107848
150520361745979492881370618525
150608350888317633157573316728
150754724710340016989139490497
150788995246033764478867813069
150937819162757232251835444668
151603576202393297614473153787
151611614919428633570735801028
151675496177502361423212013662
151760058966633309638585037157
151814626346025079356197487290
152255638925583412887683454474
152583035219248227911737470922
152816307962865698232433270397
152957550104711499390866448228
153031608091946877877833684018
153087020701110379989119348817
153170203606951563577206657977
153396461074409826887696831908
153639504244665433422199202984
153639852485922020341317723139
153663352956089899184658430833
153665425419355541856638076851
153733988030690923839562764162
153892899733308772721422437302
153939591295164098789400414064
153946736174220206865906944387
153995617622909678244671873681
154058196434077895983529762073
154237821663234380205949392747
154670639065890758989070165131
154749383398461836108183665684
154809525270895260808318368889
154944788154159021167186952874
154981219110505886717910939456
154999372809133153395268613942
155154907365836979369135388585
155253009429623248030068204560
155323038256048855454849916574
155463169083439039962874711649
155587541134770046094837392642
155656077899712004901780229756
155728078680430202825161044767
155919320346301177947437924314
156012947094056330608413255043
156027983536865553099274372775
156142556691705730631816582613
156148181923668381399886687424
156162418633216465225676695506
156211551441530241370484558935
156213588691323016791907259125
156310520275433826525973087713
156387584821439345066485569307
156414864292346612796895799100
156465781101038077971745046745
156583979515760461074810778847
156703240669790931571438490174
156714586123665845154747635516
156731205367149853899613522131
156969974870745809512028712025
157112371170998837250542213391
157331513988518388528785218658
157432885399553164199193705476
157488084555702447749549227195
158011017705928378478246566721
158072318324212283375607695060
158098371024847509391640901894
158125172523413720800287012864
158155325637972388025565602525
158244135234837876043241577933
158252937644953016943955114868
158362472159663585954865103447
158420189280601299512890699781
158676628954280000628423381446
158763699926160962157132097498
158889835536877514002754229962
158904992149383179545311354133
158975414559416318969684118669
159224012154550135903617959744
159344722531851142193303615813
159393856188807487554354890111
159445635169796981443153879606
159551157891129433255218352788
159646183093694102157605145584
159669963201211405044109482166
159807817775325585940911446718
159894641351008992844730754638
159962384893546236807728289046
160269908515321759387736954966
160376869856820556424316677845
160647001815627160758104351544
160768053732064101098624952242
160886061683900763139618728619
161002764049494068999178810492
161070013140651874208652394405
161281233610785002529411303165
161307129118001604370332823715
161370984639881911261846194550
161413985502690233590196037082
161647367115662001741773418145
161715112361978579109198926424
161761895745904277035488820838
161953371567492983468689435977
162190562582873528249163486356
162328012725537478845994953711
162375662641312950322586274209
162380843446605574642361454259
162509262886271353249741775224
162629733035512775660695078501
162713598927489739934386300766
162766082515827983838823712292
162785651246316444383526731568
163006685131049157244011882618
163028384194959456356621207395
163097614306533695607821899059
163418283999370470643164001253
163677675574877731272269655982
163748614982817020851411196893
163881964633878227016904065498
163998583259339719144923903445
164134357217459057034716707248
164351172975273022766119421558
164428249765074088054701680484
164433901646285850928569585123
164493263823914117224319986516
164503383407881963331563517234
164610164727547001029913586227
164641356819858822020251718717
164773559149330170700934855562
164818633634036074614449162617
165177189962250301236494933081
165357227171507122787642269630
165366902748452527575123843155
165372673586151818748064257188
165505712274243101936115032817
165597300703651270753347432077
166062347371349966591653539575
166102953280899662512245935039
166149472801412951533494250750
166223705813922159176767867471
166403815771770581929159705528
166444890939322530192277957777
166462768036451807074812370873
166472942687285907011807515260
166735390087258555517508788016
166763993702383543170886922149
166837771380338338397883705061
166863024739062871065049966098
167089129034247201759868451621
167129233283228353418139631743
167236628748741869910152661197
167312799343454360398968665122
167440180000452711044319801016
167453164892806238078477894540
167638831186156045737704511614
167664939533646428968726968824
167683577157360890779929719240
167745813619378447634134423810
168003579867352065691671566866
168208319880845712670239992682
168249649338508796365866627772
168314272133578514904326022200
168491779174432797684562976248
168494677707965115777384028879
168577957015810966700163197297
168595946240735099918470247867
168639639534793557324001235645
168640671031071338414850228980
168768744519088012355257791362
168965892307376744090696136469
168980217940775803657376392904
168981481156860931728255377704
169428549996954384521081718522
169441662543703062385242381867
169665976639160857984894660251
169783588811925666112774100056
169949923809827656941956788211
169997282070662843730904304910
170110018586445714280405679485
170116428631451127428250517913
170193747274683037356887921610
170237927540342104264821269004
170240651664276544866769217095
170452333012536015923618796317
170519515991691109071816409439
170662511421096017695903053933
170760494279243231032798515571
170894394760741071514735094063
170955602900830538538780543579
170957995387318403910674252546
171046598713737303583219690974
171100537172257250430914475194
171149051699541768949859413120
171186179110348949764469382257
171332160426270394042241199479
171355070609345161793359413125
171391616025976647329093492958
171409169034716296108341948909
171416155501801965715950644650
171446592887437243148060564203
171490247585241872205695641146
171598282407882318441480797290
171751724777443416074085935200
171778455064254607353604469466
171903095249185945727473352698
171925206370019287377535618922
171936811645740294959005147533
172259143212039908388791613325
172415219756645759752381180772
172640027160465675019285237206
172661477096952744465538095144
172730122650558672085812120167
172743503573736429274555168154
173009245553521523541551237435
173290436308016370503400714366
173376487021534136071102097983
173385295987751085440123623094
173402913038101259632218058712
173606267305496748503997206410
173684483814412080256716786488
173881503746356153703031491710
173972290483674759037967889682
174144260368467626644186617811
174149836425339256641213016613
174179504827179416036219910460
174182292435788804577856287340
174393839820653546466994909406
174525195565544404817243842761
174620463817069650480376539857
174622775334395374178312683193
174671575434852283365933203791
174798703081011784034617889673
174830938534240236206377030087
174979799546417170588373330801
174991980310198680519171804027
175068285119412251105484905044
175272359437721638343336496579
175511067782133033602929128534
175742568669709780815447630995
175957238534359082702098185795
176303741577209099462989894689
176591449922017456089892561363
176610652672607725639889093756
176853876673069388217541566683
176871691645042225305030003721
176879194374384797950293421765
177019119670628538547556056017
177044013637063509580556449809
177056338281330877683754863930
177194189571409864121129427056
177265384155028216933860247655
177332641537317433244324518219
177342865941082681849458482436
177387840153194165425981203667
177414466636094322155812338225
177424523039250962185901201494
177687604306795710233359107275
177784785958904527054858748728
177865789192878574990701427804
178097937649104012623367463952
178143644325677314680770737646
178152376926006440908867096934
178156481774942701090317003266
178274790614120954697746405715
178297531868294264745233379007
178304221769484754735002316850
178311961146177213265543229314
178392490876784107567727086478
178396718383952272127988855126
178538527525404736939736615550
178776577901119051794741618623
178832826660502590655411189165
178842496314290296769365778378
178916645060693800720879040330
179324149103864409825669273028
179873361342730703350426291794
179897038447483886986572406839
179960125325605056419461273616
179979813846405775479925639869
180086088390771180452467252889
180115614381773276464487087732
180259856680973071850948840350
180285093954161759268279668690
180466334344690754299413119846
180476870496636652515376578313
180862117616325324805717745727
180876466144464899930069731011
180910795142020090768948624125
180929561285364131587881770969
181165202580269163477558600420
181227780389437079884404698995
181428621922067187822360683204
181491034519027929174173712498
181618561624666190804712418140
181850470470816159883177023262
181875427336319173236450778703
181930068967043389421166951456
181994689708459824717817944221
182005843492104083045419535135
182072354348715117728896131551
182272463903975128333349926133
182320687420020072067327392236
182363261146517350509990442588
182395997795641045216177046095
182431750907983835060190568771
182514074060952627928610441590
182520305189669453129100208946
182537053467399170778334211649
182669039300054169581827738837
182710348302602238632708973669
182751469700586103688485086183
182775418969452612363189486458
182785812014127688586631075269
182935878963421245116966958974
183253044248418035453765159409
183383830603714919786628651703
183435054909249409802210039272
183634998145833079609869261582
183670051888973884054561883106
183728924456194409792191686622
183770023405671780808697490614
183877387632502772475775814664
184007786821549961102440925023
184131740430221240675784201272
184190179768586591634732469524
184366554414166280368967370569
184497242178630211507738565215
184859400524628729870822509455
184865541224765033023914059377
184882078515778283306387170529
184947665351151756396030979449
184959159932181902589497207985
185052387461549075365590997496
185093015029026063092185079957
185113398558094294252972354263
185333457386542087228694018919
185408180891820444794970563451
185571732874091722320167720281
185617263160721407127750056715
185626019489000165020673098651
185863160478670678814246085297
186204112505360442459225050902
186209868748688683082171459693
186249594796989771185044888123
186304489119037891554470688081
186329078978996552354364717446
186365233691930374293127164598
186558627738387549884627548030
186685746201284249234129166597
186800400997355662868746961079
186870454367574342785921132040
187090895768228791440895857653
187274265702201607460509659224
187307245091847959476985838492
187449270465735906513602684756
187476450143723811254338354841
187484078683585838754735870877
187491207901024276373513287747
187614291926457746649905250954
187735686803330555384561630821
187742681489923899254213326018
187833933161215896193861618578
187863901438454837766823171341
187896121065324372720771306862
187922941690544504799014320949
187976726215543398905972190406
187986255945545037874975087993
188057985150200273555344230854
188079076164803815586456928174
188136873728421974557161940090
188291988320724334114304671910
188385596376271804859946446349
188501600670779359666208380268
188511914313881082016646358061
188540882320095836198927841096
188691790383043658730015818091
188871947442516943033590503552
188946910964339349494209058833
189179567166645452989627102697
189185251021362781959692986015
189187365479439391297898506680
189265043675226032988040907750
189311865530747483024624825063
189345346544079604119900319862
189484974761557373743017274633
189500205139212189939635145534
189743789188727793438355514379
189797457803912178741830829883
189951342218659822783770079691
190009151228099437848974418986
190109535963694270506506443603
190133929893846110446183928149
190146373391802729739060150443
190251830228969441734112622976
190288561096513253998274616982
190339244205503664799699954999
190365883081064909113711556470
190487110966691151529005673929
190665311513665751571966196941
190768551535326520537976489227
190972320896462770934959548153
190998360697685426373167698996
191017925989009232507681804807
191094983066124825547689701318
191123557828694469805571849356
191126451226079222824162427819
191129825570661158024541407384
191240444538882389299355422634
191340792154596398491986644707
191505637584664890126549001250
191687889121189257379602490799
191743347862106742091438390987
191753558084540983012477441795
191845219741284523628057075176
192005499812792524869164806234
192016834731083778427883707894
192205315257012580043033317553
192234118439728157481705492778
192286466386638408501003772636
192419742588402069890530201450
192466603831150798962034735669
192732754060758210882104673929
193053796400110023698144622948
193065287266242826685600360798
193132050042491901192441324548
193331767358579092406312567990
193386481896200501734588696783
193411456723078657820424538983
193440643969069920612525578446
193520851378347508840902255436
193602391489706541747991983831
193631121029367683697089900692
193750485184429137870287859162
194054205800897623780781357765
194142576936017224716246608657
194169382814943823926863297929
194229284003569283608382535352
194409713436157578453471031292
194465351383200661817115404128
194769165269448245223283691364
194811308205823732843925485421
194912559251020919812044392426
195494785922222668348217531112
195608417798645082176175520815
195730938643784656221356490129
195776831141260679339174513642
195830783685437822934193591549
195845941097596445890135503399
196020794669473370765609812657
196117529625828238833779506287
196185849928509779047874426148
196197228189000535843178938750
196217298081453458846391304138
196270579826338581909053344000
196390207715392690362243232779
196426200772791921111704084895
196569483279681551433205568037
196710963252914113829307749903
196756285081825299078601491301
196895833477621475901604834094
196901798159379416488862968259
196905875704200359931135276440
196963790164418400994001532391
197131076141372818729434733084
197302528449925607577831343558
197494721142043367463595495589
197641617595567991322680533836
197691098113979691315541245399
197758652157520726875658898381
197835000418639575551421017800
197945820023618007473487924401
197947067195031039502462105912
197954616210805626608687032916
198061508074563130027350208458
198110909984389618218105440880
198453458174155129505642144123
198588663393363215856137906372
198751976062357433427955014972
198947771989649245270741039943
199124516200149827480293551449
199148957623219560433867736467
199179774184382136307753513875
199209905018539192074901332608
199369047158851587352718968007
199776538234867635519598359835
199819079183078243201424591892
200229238333451263529082151757
200421780113582994645612855961
200560500606936981471983571448
200587334176986799126533350087
200596524914999725931771692261
200610920774909880228147772579
201075608604635023293666647665
201085734778507242954227949770
201099481947941133203971217996
201385767582953148283261579559
201512722782220482734081780259
201606905117248822983207804921
201656464501814545540149584792
201769333845748231242270203977
201904176866892045497099154219
202044298696540165158196340087
202137590124811482242024481838
202138377771543119402009658851
202222722022243128809349725546
202236556279035985062369661524
202296615324485724002166550140
202486517945909806321437191351
202681235585756888837946356108
202854915562946022589993220851
202871931686167849992565392177
202882357575402488182607197825
203053284434139499341885573308
203220318302256223189454208492
203588908822152582345756784709
203816817900039285888627873586
203965028565502328236560604889
203984885996365075836932578447
204078143064378738488745395991
204126744954516428507560483841
204749470416567776819172042609
204835705560962101041377529953
204960270318862919293688954163
205094461113449319179133357798
205334586481072355578139612800
205415850868218391647639558746
205441701535613906962820578793
205444393826741522850910504982
205691334363485218301994719830
205942553477956430798440698407
206038360199847413876414356891
206059100207636950077580528728
206300719914624939619051448529
206317047275351817493566428402
206387418537468308964710399972
206516330279752923576956344474
206588391368819261067367006581
206739051022359918317404704244
206862929494330991303477370273
206933702603557831038952729237
207021031450761167502713157087
207034723684829708321199021055
207052612455840487421095426981
207389997767160173747935613399
207467117207271471523148128442
207679277571928153141478495524
207682055479106039031938172466
207718592304590387659867148449
207856638252388390566724045641
207930056786064135908740844593
207964454667601693509791370354
208044304137468835408517862495
208115813911001487293387865975
208186308209588307406227030193
208214208512125939672356840777
208348488479923981733063348218
208350396750985644454348914781
208370623349566813608713460742
208505846497551589644751287392
208517158830638611028989894763
208697601218532386332627133892
208762423039756215412199551825
208840506633361190704323945323
209108381119455156613916068076
209151526611941708525438565873
209154404012195548078747809664
209175965601658786874176134128
209266334859227957398145681111
209370092721525816563092214997
209404563301232791104763553468
209521597801948928271707460098
209622398864532835462321898327
209644678529862807986235871492
209819063120173057349709468882
209868517897430556409619332496
209973901778623127502463316017
209974389872694036368673237563
210008842719938664953587883636
210131786061860395966035296486
210136970586036206361036907067
210169879748730779942164877756
210371988907167569047037452380
210423544694135893661838248174
210540894098296521972901174736
210571151179937464519134683069
210694393004287189497956100268
210725920427876535511949566657
210784837632159129595565560503
210877546359737495876893347974
210948441138542785213053222171
211282059801689376067131575718
211294768112122110647988540062
211311750064706905449861617842
211431687186035805573368232662
211480987402269259602798249372
211502013100400156461929935651
211543134544645886350519973510
211550090647257552684992659821
211600022183789543600889044956
211670327879980357668621030248
211691045235063948139652459554
211938190056605513075107893126
212093233694682274046789148417
212150621025693693087889153047
212298493917866191673565216540
212412418521881098755332822601
212512821872185321332064966779
212535433433957617054333783979
212567377549352703531096960227
212573739326797662810129059466
212579403062067178634609568573
212710328787445778021552059223
212745559687664028102558096559
212992924837928903654292982720
213048729358436904896549076809
213050858058923264137618004438
213140075855071724657518796199
213255420551268239492322079330
213270587033666251433211071596
213300248083946934031124826320
213329935440998867313799233123
213519145409442715264837041094
213522762633283927132077245211
213647096960486442728722179519
213786223903555478826431427066
213852391184934062222324386382
213983290600340213971702123815
214047816922930715922590276956
214147228212648436969208194748
214211982452977215373613965952
214358851739084177617871749029
214390757289518386215858237075
214437644343934764640694230110
214573209074170836484156406234
214664770112595215692881418820
214967851683997654564850766003
214994437662849165635022497689
215115955278403038043250084773
215222786487928481061659949196
215315758486064238988204789825
215380528327098816396492422602
215390429735030658615425427229
215423706776790154449033363034
215515582869743784315219723025
215524448913215381181565477629
215665148169372893109740147291
215759952124554388588855454902
215808675041695459459208460047
215811160307640261519255236156
215897894131637506712830940336
215949202017536088734954091986
216014763302674402193495949949
216040903197890843961400093363
216048954994800496069868379804
216095704576077221279891340914
216167778280204928982581866801
216210884030584482507790282458
216219411976542970430852429452
216273069197260850055725465162
216279186137145369252586420661
216332830357692553920379586087
216360381785283024939650912577
216367414252064863735896148186
216454632272355617136817192885
216466007283811475976049641644
216692046557603797722259878481
216736809322033993414302405941
216742939696755458916791314773
216921614010704182379021224915
216958763602530928151050465994
217002429331857271176701222810
217042791542459572104012587211
217086027498361629226112160257
217093919463304788228021667981
217455607974740091503714240841
217507204751205499247286683592
217618305395334875538540106025
217711727973657074727953410396
217711914332587319723954023529
217821060868627599675113102670
217869203845351903977064169176
217898889121164719756171968266
218356061378556090116780833754
218415377292399955192862979809
218577956136356805491687088586
218580343737432206858289263948
218659017848976071262635089856
218826038036533665456452901191
218890434879674117730177912460
218899215269655206626665167592
219154155212695698619674503933
219375729763769057629484314271
219392863992651206440656664744
219437893110320743995124251420
219446530599446887956767306222
219550159581273788330375410693
219558352198787501712889358677
219649823138188838310034986299
219653180916683050485678519077
219782367619357478037826367099
219790717685277044344933536931
219852783265805819934156291137
219878220512085036718447618148
219899629426458483255324475988
220064659341969438982884192427
220066854244873260685225281758
220110721566752697768417413830
220169906377060615218047817810
220313246685394173603436345628
220333087674748900297415906450
220337430221673069324579961442
220446727580399677443518595250
220886203418060163103753888034
220925176272293266165365954453
221060872599314485396244566135
221185973547254856719838474432
221188473581483576351742467394
221635966030857868183422116154
221681177044731189475337234590
221728807700717219415860635538
221814032619694119797208339451
221829243649571328736137814009
222025676114579035766984438523
222038527641609081272251132864
222325863631204443258273122084
222367751516742230360532483319
222394138115042861034096464533
222426784997109446282908597295
222465285269684570355847456951
222597398814556986782492381544
222708795118185630341340852175
222802027456533025206140572865
222892366463353793238085899332
222951508859496139354170113674
222975655488077694749894257158
223025412734725310428251049188
223207679562736774761489979714
223407333212834579137465675184
223515964328789058039974461178
223683316367463134933278208041
223792463375818044804377604466
223844414013406367062778475254
223974673031853145257910626264
224005744265435754208599959587
224036054379990961036129677083
224211824494173054149586488612
224621591664372030722293449280
224652796471209961380848615346
224658487875176851490240343352
224711211985172415932543580370
224860690776903107526233178948
224992597143878506832018158504
225100490902007668675626029721
225141989498742311021061814476
225198398030560318187238804416
225217433018440257667698166503
225340328328567002634748682755
225536530042718798640780620962
225621602824341555602823155621
225624263732261426459306840850
225665498364797449378560773614
225749988582720412141084850343
225775073666646929541431571507
225895066352494700035790288254
225917270124016216905460540281
225971539321782563363550110561
225994057699527030074926661658
226199550093856697855782587839
226323065382762588224985640506
226346850468821753028669467604
226422642801721996063130100714
226537189643420090521887641683
226706413285935158321592423333
226919583363931312273907705022
227174913108719363528526403901
227188427247827077529873022343
227397859208753948171224148972
227460976723893818623556447529
227752438669299856055446893942
227924908079368994015056353769
228003287496334139098863162968
228123007402080749883730675068
228143086180567673356410207560
228235350382158875587577667647
228264606007374656775255758197
228268327543248848286151592194
228281469682203768523202679306
228387119452219928460346755077
228450456311024715791326237554
228537597020235708656099975041
228557252337319681944938569766
228741415765626818381792703247
228982742454635230842575840548
229001687435568138819455410536
229108771663065827109513171517
229170188773772118012961365958
229216907861486319259723440849
229257966603534982692789417551
229789841115477778978824923925
229798058900074453272598568486
229854645188095839669704025652
229959096668222507915715804398
230132980826407702789668954160
230177928809010736543765266844
230203766615296310675741949700
230279680575007797534205785734
230329759474047116641703077959
230343626764055213051210610537
230417214722022775261647832768
230475474759553127656371878653
230477836541990110620042104931
230531971694818736866404100892
230573596977053974558479946192
230652712938914723023627508109
230658066469024116803318193133
230750097867903824383504074798
230789832917776651317625441476
230950077715892737808187581153
231026551106236311394636987711
231068291497304390414596825048
231109134807070198042757279829
231145004051398528554912374974
231227887256289753818126586871
231283945285365805147497375938
231298134963452868252212855987
231451407990461746439072964902
231480157400639633212816667465
231811626041926664394913350870
231812689889616011764964672492
231879019417237805182464139939
231967187012060534479936792076
232073057504909325112650405597
232105575716523856633314677836
232106412437513929279434537973
232248690206000673260987438379
232343954785814414251418302834
232365205748736329291752277434
232375660183196302303328351876
232390777118861131964699400865
232506124251139490775881783499
232543577641882610458647407990
232778552099454968446600641550
232781264350387134358482033347
232843316648480424563436637230
232899590512181278956142716003
232915629398634795403458590769
232928067331874929034565308854
233013217076490763764387419900
233079691712339277208290764217
233094967167493450660434780234
233129196514839056819913341018
233148438814596587468284208664
233359158016122128189543379232
233412317894330954983327692969
233434219153290798547313088588
233437589746929281708167393792
233591980820218858185701544634
233664565909052563517809057313
233752318288716642863655729446
233754469549770096171882462460
233835458151565624230334586709
233845937522559468445746121599
233966725607396068192779836634
233968276396290346084975421330
234007232419740140295089200589
234054003750743149647019024979
234168333872025182580025737940
234280419629319101380812055149
234327328023464355145031093522
234336091273924537920725788488
234543516045931800823535248490
234566858757940369014341056054
234681775072592512613769365276
234696727809517145887288137523
234955621175699408271378567548
234972951213918306730676928370
235011971562815745023480443331
235021157260367247587145551830
235024447168057281257999281528
235048269490224267511023759005
235109342010301482820678592936
235229946325388341110309670503
235235852341600836401208282069
235412352036256072197934705579
235424449081616037952600748775
235545410651383830869318219742
235665242776562648241738672702
235669589186694413799722073107
235671144869603330774802009338
235740816457830800755016196978
235766634835009957159578789384
235817360569752294158707944255
235827942458360648838791158058
235929272732150852333988245863
236018307989577369510986977212
236164950170757465251168518532
236356044012827254366797400238
236365527270262015477407257703
236376931199292875263446904743
236443381233029922941855136634
236620469545060918795882400788
236668415885979117717758830107
236721949893438235505115850850
236808542392231439676230906973
237194364203922715426355415708
237273324030524403998527924592
237300842618314741821791962097
237374529293792399919293668520
237617630098413933390083077816
237674258411259760007776670511
238335932724280755102300127392
238467743306038570447648255600
238572368462527428813447554529
238824722194804390177802361722
239124756452244432983839937751
239133475582063971599197017078
239136178791884666285382963820
239413347275282582940140642927
239789981331866019046240469233
239886751183780816778445392279
239923561807380747984863797656
240143700365761799271600869227
240265750280710442334010484101
240405218721733040059325429375
240433279632211133347203224090
240678055016761285202783348046
240694944572696317209387660372
241155538602585281400920060337
241267813205440498795238805980
241301686345520512727674052206
241406208368586505480200756120
241433847613030728608245665094
241561196313314779145455897555
241631494148604084335403192872
241695886197838905276880812690
241832199977627038521692614934
241845959208094303270915954418
241880256446534327082693420779
241932941727996594842928597940
241989650396364050236257885350
241996304454560900708108572708
242115168122705246215029872338
242183596208886189719362071597
242192069832768015176324220223
242378568542138738728456620378
242584436665040502303726797046
242592642820476361547767665320
242660152773682492128628573608
242717113270696332116146211263
242860710251050809826974576259
242944070479638913188825204872
243082380546894256359799633420
243121113832358376911679962928
243239603185948679613867515429
243262922888005439335972243904
243327450124273765330671146954
243330411254233910065620741759
243355269102380390122264776544
243384568503217040477062954005
243498239103763249539522100409
243561732708687030936006767292
243568035788480204356668165989
243741434820566661872253579027
244037462552508042744363861099
244100643607176313332864940456
244213457981180898862288712051
244336405651813639773603375595
244429731385518494813661661234
244727649259927727786847027476
244743132821655215141327854080
244800527564890533273768190831
244991345492372844257965032872
245008341638814375291247259703
245009127246557384507162592942
245305835852976808123397766091
245481743010026553288977459518
245672027005131390086236080286
245779490009226628660883676857
245783787709176981004492470935
245854526216368898255766666951
246116332487447270311755429480
246160301861017367357812502740
246172069782247574934352000371
246234701616150929021545122893
246413288596269921250584015123
246425835954607084527713137543
246427823177007430180377025407
246489339459326062093025727791
246745344037180463468830049544
247121934934480604508214056629
247122973523401280616329317616
247325723627766744077329541887
247454819550741857081547510226
247464005645072188540816165636
247618443581779064209285488741
248014300588485121404971638502
248268603617481785776943073065
248433440711700606398212573327
248674442487015852168761440918
248744620213227879696220135736
248752926409348875082647228018
248800346745467788186490616421
248954692987138214292276963979
249032046311517286983647117022
249214294108306188712612672777
249242841175086909027382226754
249304795565846065097458432284
249477897254485961279867763490
249529651859552667341767007469
249553649705601043292851697169
249575437537343847505287192241
249847519564100310961445043616
250016893284621578672843821422
250113925163487275641259417480
250124884290185029201555150312
250140889282585297394154662453
250272674952249774833116537246
250298594519922792866677434723
250355246453144663302614391295
250442569233204611943645344557
250453841481070593912981841506
250532144026496613255306739573
250532760917554970786415968252
250626372303792208695616175040
251022250169255937826626029430
251030461665696105842677847485
251053488593135346621252153880
251059912339267305819160902273
251062841007580688741396146201
251064811907271652063043152842
251102860711306764589443205023
251207271851355362671272564922
251234460823627177974359959441
251353880522762760266091828208
251383025914061840852620646436
251488780380394864407978672659
251741887626687589698865809701
251778882652868397509414244203
251865562345265486484237281537
252012957754669234316883907918
252102998736889288911632673257
252112028585531579493872271189
252241756255184590624887245344
252468414522761207629785441075
252490386946445569626933733782
252755348583288165537353703798
252775265371309789350182648289
252814840640710878736462588258
252825355537883658618384715176
252904437217119481773985470344
252958954969325525092381573879
253054102179823951587189915252
253088633130420400686854321526
253093387594455319775863423482
253174512458374882164553397134
253227274087004421729065460275
253541466059495833709939716885
253662294623690064922542123372
253721983505580391339805780762
253884244228622140689662557314
254333813225042257335446097687
254424408185559209769099177425
254485185295136742009179498313
254613445102321192425608903232
254623192716972731205374267220
254689703192451224512521907050
254741011373508923776086285381
254754548313023540778568636620
254843130457262483409767301905
255070402444101544053950256509
255251952145778593312386937724
255302467297383332528125598336
255615131668882107604830623924
255635160175640008588906992928
255659287808460419799284974058
255660412932195058401813696847
255720846728574557358331271701
256288146737635913150021819568
256418360909842765839862326740
256526082128467899616710613088
256595239623822006960666301142
256693432092116534275897634583
256729482749868391195794819436
256745336356682309250002221770
256827110728076117318203481752
256899033963619193129935898053
256970677272371928232890463038
256991788694683169688015028630
257180052388660613890225768370
257207745341958567586492299296
257315981740558973651096449699
257371643738265164062284228084
257393460027786638454976643146
257561846378979838674746747520
257667963493107040447802657439
257737719514452649527311806267
257867100511378132547472991464
258030791378420632765395882444
258070081033929011213400794639
258173571603505625052297924017
258244645734147106876946367297
258380569691569146578857949439
258393748253752987916693433906
258696575069512493845886685157
258707680734624551360986322898
258875138126897650415174910449
258900700918140564163088814478
259021889803319815342285742060
259164936143040210749392510323
259192216368040833631858362381
259200008785114128131500252975
259226269441017466217224071354
259285020228486620495389502043
259296855075408322045040407143
259324098030248660205937246992
259342346578770794045139695501
259408528572873879367577936733
259408710470870899501169799708
259432053941172063312647924804
259452185484719930201654852460
259520978914866040559571090599
259524811270354614306991035245
259554115922306629838404859380
259602968194236175244614813780
259624480065181807781359900659
259822117682488100191555741523
259866676341780419249468840746
259897646096678138231654138415
260003280297628844698234045334
260046719246965932241526091573
260068122459999954092366836985
260674658679202575022854669453
260680655507959020733763604271
260830502093178533860831082078
261208139756337495347504476962
261461152707008023571983069009
261548194739676273177688315817
261759674575998721892729278496
261805695573840437124448503679
261828411762594260665515696988
261926443279924075986046035158
261942047392068466611459862022
262082652047975833803949834533
262304620225506100796639309424
262381981451376472975871607913
262544417364478199519273129293
262619397933803779888360863087
262627857740143055142310773671
262718495198097173055173008755
262783240709243145421207687538
262817953885157106368382988225
262851664296484276408565087573
263058045527670602599636047345
263193183149885169889070052368
263416531070630624743591587285
263431011612977459438557799723
263457124737003708464758406384
263484862717164339166498985446
263586037240929960466437751439
263739115053103756301695607080
263778636040039173452386132125
263798273601108940878525311042
263932356315043580999517688190
264050092842260724737501430248
264079517410294858574982571500
264080417514087136970542670542
264603675758116155882052174066
264636055618951216451095886806
264742659685341044870365499686
264936132681978447786155383891
265473431179626327463285208986
265512619247850736055521852421
265602558431002872641500026420
265846179667450960133009441295
265871954847774854643701868970
266313260344326104502418080137
266380816982815246968876530605
266384983667709007903293146112
266388595626829527330169032918
266553805513172662329969086940
266578791068902585543059292262
266623765252959376742057469687
266669902178542223934109379641
266857260919383479740386179711
266861016672857958915432783286
266888434450123121822034117447
266904385043476179415040225699
266968465903658608068714910053
267085132738968092589324546949
267105025218941668158184191723
267161762651760963926055949978
267207537229715969454866042003
267263333400921883260969835921
267479875715204225790200261922
267487389527726004882443229800
267509577768092768609269114246
267599212973599334970284405541
267735843468990209481205167854
267740714455907508049045998039
267956038607074912400762984071
267956483901879152641462183936
268045181159944176013227413732
268118117193920598074990995042
268170271224583241170009369461
268262093284257866911693877317
268300527135330292080466825675
268338216432711536085135647409
268512512042754396904091750115
268679067226175691371804851693
268680699913952322490979517862
268766805140323974490803019364
269115226641180643247315250599
269202643600671884802098423999
269447095363290883776628402748
269545229395707021413058813366
269568454922179573213689479292
269765029999249286205042475395
269845515127730207955951394848
269984942207512554578131601665
270239774098413940768149270301
270349355722508262870341982149
270563672428952149954523011867
270607434226258659844275442750
270621623019026545922969580423
270699852467284737382961664907
270779759025537736110730199629
270795849285847495212954998312
270870369422699956758867851005
271182807483502922512257388700
271206068283189467415623321234
271227325836925619169057387457
271235519114534840525817031255
271256983641667493299281319472
271397710545420306514399605401
271422078006912496577369752688
271467930768783441293072120989
271497064486967383310687176830
271533747147750993873920750418
271697429258885462291120200424
271732556901316142810914857304
271737776377065274209289830239
271864975798192482434410119286
271875981363520341650621700631
271964765371365511450064347675
272026908229559305880559633320
272220959866723285680561700458
272248930551689080893577738112
272271604147256810820301219146
272392639331372540191666868468
272394769464074705243246925923
272667890768951849626000601246
272685796225063676689644884205
272752757641348248321422327676
272769943075957369804220362459
272828346296521783138239249324
272944977596809359725091540696
273177693655091438031873316831
273279369552908372366220185589
273282925949933107516819410190
273287119939019305482207026299
273319288817470085412202522775
273445125310264822202214567107
273532453900421386147914745554
273589882302700566011336035167
273714168651192307416746779132
273849221574101905547830841848
273862232630176147267303445608
273923034424859854565501490409
273997537041214970152452126029
274052707249450190706746496673
274110004299649299211392974025
274196211917833059933525822660
274336610945786353312566928439
274365882909996811778924440543
274455712435263582169887191951
274591982559864564757584322769
274622018158777614288873565612
274632141240856080037681986121
274693374436302008936051637091
274884403702296644596423252614
274892598218948538742565023252
274906666341127185672742283286
274954483761939310774410625430
275019273733227405049589964762
275237273328203439272051926096
275272225774109641120752411738
275371579424395475223940330051
275468690841606271855178273820
275523427193102745356335985754
275549802769498020361508860772
275650220969541433918353520932
275707321015245243670189918231
275855177854677836473936304918
276154696813512394558690208572
276189182142858324713744630866
276262244675158007100419581238
276302301124866209676271584087
276367973381044884996738753820
276685375795564127653598802226
276787193574357687756646594757
276794626233690753113659491807
276838122620591492978333109198
276887270240082281455397774285
276997984895938676205593988193
277088172632948273847051641506
277267464589524896723292521740
277325220962705932686045972129
277337316347925489722357070412
277395402375134298093333518226
277583545529278320699012253160
277588706248435502279218893554
277801427434613119590954257239
277861937492658320367596867917
277868964121266267152888525407
277875060480433417311410672288
278109717315208275774633177749
278276871026197025212848123397
278297102457449344860006726247
278566255917245960085451094607
278668637101651034085097000760
278934650226641405402126178581
279080752846096180210690643099
279267987003504402754059085781
279382403408493677201290448227
279397154880984414901864153668
279581721055730194355680222597
279590800208933389876236959972
279630182058304511594834210097
279654164156977685950315474575
279673782519762904122808667246
279698290928420815386128425013
279846956056963334989458222716
279878227289666542054209689996
279958740050390082194420242331
280061667627795524417307797050
280092408542824149018497591863
280137440103700970571874308896
280545567221994360902742327382
280689234754866848241554419799
280769347109465843608046035469
280922752149953857025768453002
281030428051484752820936984258
281102663500304674577564361406
281298667270557939730710896277
281314966421353752759285015161
281355807201487996536247413761
281420294933085641312564159206
281424637519313045101680485658
281432490204728284039525561962
281601240489811082189958070927
281788456289714568036016001095
281824845717845822531749951179
281895613100809528486966073787
282029171525715068328407414162
282428355355215695544546915343
282544086509175164118786808392
282697450756039733594254657803
282710395870523082869111816528
282712139908767186900944640421
282739131653851444826375686192
282819930016546855646942288156
282891816559429343141107806785
283002758868193767159848033094
283035082360368193612058308949
283111534698919569831298248648
283249247851135659315818825797
283322936337793029960950159012
283393709592295201627762305882
283406013210153989602627425370
283548454573470319507147803250
283674211491275635907887899275
283683151203349243727653918080
283821244671081047805784908762
283967346052775646305292875663
284050730242591045720404396689
284226693125832409210400193755
284327386818785742381989253703
284331420405538785689939394783
284444066988338805398858493066
284488731669141122682780849333
284630969834248193286846173012
284677713324274917268330891382
284774214804204617967336174030
285031441572092249454838620595
285113730598789918519343716418
285122095434271599885588529515
285127597677534915418997423800
285129000359299527995167702263
285192690223681713515965391772
285334941321007686121605790479
285336922204453979105945613017
285456875239999749539590355764
285470679924550256273038930494
285797253073990616727963838920
285920802332482689775314419730
285930315969992929293137989221
286290534223001861810786047111
286443379910585242417374454849
286594124302550868195928104281
286601730269530836175858688466
286655462707290272398012764359
286656945523100099882085255507
286748978622107612392986594874
286754686373727671304095600568
286778756944023844596981620508
286927187535037092689383969540
286944717036689734887683344960
287004047820259401029873172469
287061453303231798379342060581
287107526615163738235042533124
287319645711530287267842966188
287392053808890560328567829735
287398590327636868810818285467
287422349286253847380720868532
287461105872596251575194433877
287582106696651882504783660674
287611672856284867086501871743
287646431287768839870924866813
287719787902087227652287806917
287891714114004914688807358078
287937736491474678509913234018
287962687983966284339326963297
288100881811239942193845977519
288196678926187903361976289789
288219808877401126221304438919
288306172705156965260299246245
288400870840257540979874922341
288475354567416802421306383480
288540601404391574989529384291
288674941494747214395242365684
288788691333300577563227590703
288795926620761531385381889387
289078671244751598922633557927
289208122435579307702258324242
289376939435450408942818514110
289402041806797398699113325257
289440290844998846394048965239
289531742706563317424952401074
289536934734318938368985362510
289808556194948331608157556132
289949342260517651362576820474
290142941453516785752326740815
290316093364460318163222087407
290491798527418793940832651420
290562890329373336601632388273
290766475251986757206563783445
290964895627293622226334335403
291207686842971950094042301945
291246937877579244270407313750
291407431443146925958364839849
291454183299155262668718033573
291588261012661551050149152654
291612026696099737901954757075
291629981464029749338758069054
291638551247597822096764701746
291707065314174057965180537674
291838872204180911331644470936
291911342726618686880855531975
291969650555747330061711921215
291998395949683254735816678101
292027578659257151864875266619
292031321135676174563686885408
292144265812101751276921766655
292466481602223004085642202979
292484543798370470604264313045
292530005792527596824218828099
292754742298635130817851758440
292757439573551723901436491559
292787877213549949602074423681
292957916265511825273802818870
292978266908901906572494708658
293032313978386203351558236282
293130046221579411564813247549
293192498081979689727102701380
293256383283587317302617241015
293264717856914055132464865171
293314076066803708341445118887
293332820073267012213517620147
293347425533724303975838263701
293358631244247713562281177121
293360485699219555436192955938
293434788136594049454169509941
293500549863423033467533981442
293513710248395672202953709864
293518164705154415791337011708
293702792060221579255344258315
293704684962140522727890947912
293879250873503062513464923945
293990198906976395684352512873
294040387652998631349568752522
294173791970746614656492734210
294245062059400074979306418733
294354513300812306833981827275
294379730554718634629221115471
294570324834119944380807360494
294651391146840629244678126781
294736196090595687982853581047
294736405379089320171485795590
294764480524111327942052163649
294949305046465249133208305496
295006263725326090403012216481
295272864899104904457730264163
295320644161328690264400249436
295464293260192410899438005327
295499178665535782619293857689
295948450413222859371224112315
295969981396571565353447729699
296170543233971155648236305972
296270142365491023670249444193
296355134480653989814601500495
296645727367590317887799158231
297103755056809963285707025277
297161128914218028922082768278
297188211941016604413495018444
297230276605727054306457899475
297246046439724494632176811441
297255983172419463831684682905
297279236261745418066364079006
297348850794815948138751519388
297349642570365059459243444804
297399798022737913108161918004
297500347467318529716441163085
297540346822519173761377594898
297637936872163908825606837809
297653845952230418881817004193
297677259491463538113168713992
297770373111927689363902383395
297863354587345748280665242785
297957633475225308197095239192
297970729516216606194302894299
297986532630621569777276807482
298050737746366677514123760744
298081884767365710671752736601
298106903685941662653678743296
298176597851732242399908071567
298267612010510623549786230779
298316653732202917607040497323
298376777718955232425337425253
298408559544038383816791490009
298480864957831653705493648970
298502498759882387074651475767
298515530086962617139556608214
298706791451493595244155045120
298732422010727793101454875880
298781502267017043255781079371
298834974588909917709882675920
298935031155848579733892953502
298973598615484521618310373470
299048665720057284323203944128
299123907738553610501508906255
299146699384800530514659995531
299213579793432400126037031135
299213962416280873143073399728
299511012835021067982691496499
299532940323868350215404231359
299584434639842628088669666150
299731944360881961774837429970
299743298178926617605330573470
299781291852504695468439402982
299938295262961972750136117727
299960704239011731047998922048
300059865688317091729255271472
300066322080030627817350985280
300102126285206853653934752429
300140765037714567796721716532
300152676738181133869793057458
300276174061555815222073746369
300301163601378094710936079365
300303893989169028095830875158
300639018552245967163114706070
300797452009992601702038403545
300891340935812925595297263832
301163342333557742627154401847
301488011614080064889191754609
301592132757609130140951469892
301615522008338122506111961515
301964281896117179811272406362
301975853279620153880218891637
302013018574890870156207969245
302032730879959881731965085676
302304384390352500703946322024
302362248702090745804207122151
302362804461379573383259029509
302379250992866164000327173956
302452948825955372306297523332
302737445584731746663037981448
302784476731471491266227873153
302879091394897687701298704961
303133160318478102953894749976
303149641244576872792996248196
303172844534982076710739926755
303218337262711058478329859622
303252501366655528857705794863
303409296325975393067372193342
303492284605204644930928168961
303541599220192295463313182614
303674965092608230647617290565
303896308379356778753770341693
303951043003650101721139127236
303990971128206825624253443045
304076081035328239013021933593
304273073860400930211360096990
304283092142501094121098855208
304292191365311793318975221325
304305706316424229904112257093
304323498391587315674202542482
304346068037904819969565290273
304394361884607009531912724576
304485256080193990570706154049
304554518643407469154044911401
304686014913046133770227741411
304691496669168973899291482359
304974407369628083137819468694
305063562807912074147243737467
305102622305155803649098771061
305136096336266282099407971163
305140114722327572349697620513
305641928340657576154298448870
305771707732790540592952221171
305829744725289601158749014192
306237352212686969326193504687
306278733112107803849226496382
306307727976232019990301362482
306423309950280753362742089331
306432299789349047962634004946
306647224138903027622006019534
306697942167083091780369674287
306713266685514284049302261742
306782638015873806357245756251
306794020122359420354875660827
306820158648071026389234616692
306896930721535546579370370868
306958310149250812048256940639
306975770042012495307345080605
307007655454576475435424280865
307280184606536915087789479527
307424714833115372779895959575
307425660338509781439454787456
307490872725887831459777913383
307522220338360753920550063489
307580168325719936515192935496
307587725548163474324911123693
307617974600767157733448210502
307786855489547954623957514560
307918949878571479440987215952
307946973778779085535813874328
307997471325115927507480412990
308314779267541417978410728653
308391826206869795246907946180
308451263436032925977696640317
308615965579268567383715579184
308753639023424660370950853015
308940914657076333811512291512
308991462406607865237672264006
308999304366519015918741488506
308999743040235951906312794019
309096350994820207343143144797
309161752357533454414626980860
309206810818122574428434624096
309210363631005544604077180450
309324316647409232181264399168
309331877520505744354123953483
309387527366658441434907603712
309450099125541171077924514056
309866649919036316591399102475
310073367848662055810236637225
310285074386652682274461376134
310445509765995733535979837442
310582539965169953591717343889
310601647348596910286972406908
310656251745313086840501109983
310683849132594682578262534776
310739653625182894527813389198
310754960170448592416475960420
310798836539425956509988198805
310901603540697285038975298138
311011571207622614265807564286
311037123934179736812950544653
311114289374999468764239803820
311353043525901576308321229445
311482783516931540318061981543
311498962566550818575467412526
311622695804193056864949267082
311698820041029118042813728835
311720420641205123009302939839
311920817017509625455537471314
311940426457309658213718364519
312104043195342453353556583970
312139090182190600821931846679
312200559255152059188859174969
312269330008441476968263437582
312431734224509083145793208251
312631435002238378240197311625
312795201684651699574050053683
313181766177263804937492107396
313276964808966889815424561695
313368121041670813267606927437
313896507370839264221126297760
314147419698092846822939192110
314247745310211477734094678486
314260542237061262353487362098
314264192117972155889851816872
314289044782521048412544591728
314386404702546883576608809542
314389545703232056816553108976
314408601194671808493302534249
314459893440562490767796550307
314460879361175564953781606839
314468600434693146902062603503
314557270527096933195068526115
314721372384098777353528442094
314784697734508765434937785900
314860492895019338483153742350
315112753357889928646087782152
315193976833247504917705458065
315263113768938350156099442430
315743691177813550603877849799
315782816706838191010819357624
315845364504705680995721398849
315849884901492604394682963981
316066968436564863360436940133
316172047197541208980749052597
316279416431678844012757409685
316282898770393348980807066605
316361737864257097790526249906
316715719516653637519766427925
316746612445531968044789620295
316760480743650483689409848903
316767473948807851622018826897
316844816672906364285542702802
317111875615299853604733842998
317558738840012168483686298469
317589933203333439536687740053
317614546236379260296723221354
317731217078019681805756015875
317986466814783527860513545904
318474841348269122218005158667
318810680032380414747204619562
318819219252284702322866963545
318890465307854351186043542292
319128367091218164664884297246
319249810432432059145299054088
320045811603068973637195702945
320226705581818224013249812112
320253912297316740787901202683
320557321851604055009112389090
320557499942301879844063568696
320607760050743983965273841856
320717369424771579183866625819
320765878953114535033576172915
320830450305475048364685534833
320932998427119115938228777009
320947141726432954731601796749
321003335386370921820385025804
321141355621036901833403677931
321180933102438590829556452024
321284474407272682784353500854
321365890515698926861886553688
321374191941949613428822361524
321418417113237526908637482100
321424925886392822428297642806
321448597440712023324822537166
321515080247374237495843440154
321540682270658844094499526048
321668656537666559465856362505
321835769294879922402360738002
322133297035305196198320360285
322306724696767739636999963023
322393682834906717803773583001
322547344417436454065773820824
322572807460207243020925880163
322819045577507181962766742803
322939409504738882893285272354
322993044142514347760321894405
323129680397584065517980084123
323367420167210042780309948396
323525497635988702715092553249
323804043195941288263415581185
324270003569879903210279234013
324321471759287299298032265721
324411714669195683093191197957
324584883907701203120121832484
324606460611987830702465540378
324724599512361935691108100335
324761551044519532618041967613
325176990584124099958052521502
325413659310754733531422020104
325530695469340381157079453914
325740774173806264060812637206
325970435278151753065650975365
326001373600594049900883387160
326119509713901794050555151557
326507901402755202881570112186
326593232067199739887201142112
326768308304426426462813185835
326778569462939720805257552649
326889291037057574470500556990
326973612635986350935576674312
327064629002326913432826777566
327098121566236687828362258924
327236380506044572383898883808
327282118606327392127049496600
327285835284930937635643705349
327317768333671548368370567553
327410293586992786108024957793
327537869442858604171031880910
327595337876524519999083327636
327693939088572822534933428197
327695767224291660661211496132
327709978270475970809122515609
328410780492516520212452313147
328495831086376591740441798738
328516627940912328177659150800
328582686655438035733221971694
328652168026110956508197461166
328667769681847644488864267109
328723313289566200545847163483
328776627657743810527676936826
328867425006708981411891366692
328947844420433189489666111973
329052815514904256520239095067
329082184507918801743750298621
329111032224138806560024959778
329575478837628426941472506923
329680888172320992910432615211
329716216198205675558062126715
329755601469245700505895807400
329922742388169067908634744861
330067913713772565678095362430
330158803277475233673717270339
330344313165843662954273928143
330398520427331616330855179015
330674025593534568660291039498
330852958630408234033066826588
330915061830486296738521592075
330936994182388647308727926668
331012769006334144303941288404
331090834375099127477233211955
331422262615409879879527982229
331528406748432165483461822805
331602144424039760419296139205
331740034313499699269417923783
331767880579045632545878654119
331915090132249335181891687498
332014601360473820520778500793
332432113450294170874504376547
332449330439417304744737586086
332530008914526912412035457422
332532842667537644437949904031
332555596711482968571416362585
332881116672957990478475747723
332939743231862416504892284425
333021496548488734752423925084
333104594337875859572588070095
333283590452781368946335238785
333320205368200803777871239180
333529377410727202660406053349
333586898316552587320416132721
333688807529598216601342699441
333826394181992842163069734518
333829874892670755459581336467
333998796103909385983883290788
334149081986161587853039293360
334273842509414624760053273754
334278083387425014239612524507
334373892503714642222232453806
334385698911877299909801283986
334408418321420253475816065762
334485822574216893435261745710
334560250262043988360282757182
334573006920179268103592004621
334893674798077350743664233454
334910744562079343856786490442
335007990579567257035979660441
335150625842056704350700417163
335308813545279508843962451134
335452480359583495179228070150
335458606362479407554991344266
335532289674583924807920913096
335548355837994478530813963358
335597547418759743289986798324
335655482665914636326649702248
335804936255608126943966943001
335869335044925443176325874509
336023237893048063295562576586
336169574522154752793842016661
336182888810068721580124557134
336249493005508600772393521647
336270412962424009884059360297
336615825178685144542651338604
336720142983256414011980335253
336773305500543727702570125051
336848228353108647235701776698
336868582888897877077869235381
336957184367360317516849948824
337035411054845641348334341457
337082243385826667897640307664
337184105704699363853612951637
337330155857346554827965798805
337451279300870618205919395198
337505476792942985327175266465
337564041006651906330162440108
337574781767878316954567100045
337582805851085717851842086548
337918647500727214030723607843
337927926837161390971569455256
338160848998076432885031919330
338200669490896531527983325750
338374620310032942271129821230
338453126049107719733442969235
338495740669744984181605943151
338571325139506734177364449463
338731471848103158132304242338
338746602859518938632530165551
338768070541320252936169981766
338775579482977752636611071947
338840464596560742254342619179
338907705991873509440445559292
338962991070101773864683429985
339218284453091762132249182817
339233108026501995584302083070
339297669676106582906063626210
339300789935228834351706528798
339370316230638790294400968484
339537208963179989317281576617
339537599803673888045701771091
339585471948584639460841740368
339628532046605779259260525236
339697263608997092045620772702
339764820264338172032444327229
339849285528948052037131955467
339879909928522794460684141752
340076501499874772652677100519
340118160978626476140204990786
340152429008559595418070860188
340351376064850141794036640374
340410736361385435371195623283
340469595283221989159656647241
340535191373482551184069686891
340812900681338896924897528335
340840994759263336733078082772
340870622994435291319754442190
340988677685177884652299882819
340998384577394741588879366906
341122059456641910397069002451
341223877097085204387834419967
341336405041355899739993613558
341346843380107629447013942283
341420037453084166239618393907
341447782140491429224914248689
341511131064532044307375212282
341548313615144375400226748100
342000595907803759210451785443
342248133488264574715456750988
342496027476846390483530224513
342508401008041754096177301964
342729003084754996950540564480
342763659445366125304895118045
342957846055597630691802571528
343058499001437274899488712408
343127817065473711613727476289
343160362208824106713565222538
343363117232068131132752090495
343804315973122443251310269707
343813645604910746252908668653
343884268189741702722523381656
344088271418526285758950054881
344205277168725742008847606037
344227904968502567910812310803
344248266368946301702170527287
344269156616855776311629920551
344365053486077251422065115011
344425897867450371733421920839
344437005651812352767548409894
344863916650863981307252466181
344952964775711927332900430299
345239038243048982968921656876
345336458186737641901189704033
345597107226508930347058019551
345701741865655254822239389520
345775968083090383039997741854
346101672307499182667638936862
346211038093658868899539666198
346405118857890526831638823142
346479079469062344771505986826
346502503744647022709332176227
346507695365983483510204565951
346577596563379227623055932086
346748743746487636389222071465
346808536518329429963053066754
346912539700914730176351507976
346952261714716664137220479055
346965382988324018300433684504
347050570292261660697367448620
347078112006761521350073871968
347218245088856980766898951718
347376663743082829380996328092
347402605210769600412628136726
347445795004003725208453200789
347450243798672255949553035141
347508266415309617209772716156
347558400194650859085302126164
347688093379143950459540098983
347874939981508614879711498578
348017099344469878987549727504
348090304811399377600831459402
348104932207396889973062946652
348199609976575323266776702274
348236578980874452743151733891
348290683125100506899449353598
348434850592866919203423674512
348461000696597337193134540152
348506802152286820531378036358
348544279760150962211362668135
348686779119740268192148156393
348851539827463376508103113500
348959750763164682977510981740
348966666700038757292255638533
349211450711215985571591591185
349304954983304513171252292022
349468919435773439898885215707
349980214992674376173526208150
350196395774971824516049980213
350230225156000966401233110655
350237622689941541353147596242
350271540978477850541604822008
350300983160133328686842650005
350367191876626039542700310041
350729137889063006239633248309
350757513749547430075045881012
350806261747010829492243298781
350900101595515126133300341942
350940344373919434716980704831
351514348646179842993626549706
351567508577914046358454698849
351749457404648626560627163950
351786021038251116819450576989
351830883806467424389004616046
352096649793718081762976054853
352147174887079931214698648885
352155882131379687948584849325
352486512039788059434226193591
352530039404924694529818339306
352583586251530943474891751196
352600559178391265911878389815
352664999837056243057410098254
352781387752973481612685440465
352846094346605569824271831272
352910119685990060871097479331
352910670026519193029849433520
352953117211150571056244865859
353095766324724660817741525719
353126781734018857717142808969
353395191699167169210813996500
353396415735909982391378159674
353614535305022252746912781213
353738577610016683505900332939
353804870936296992537255223243
353923814136958473625961836608
353925583573667062405919467334
353973582529247668322106364861
354119075886786318478502569649
354160175743314861946621614671
354176806740640474009469683286
354243017058542766161328764241
354450628919619674476407336581
354582592121908400510663295843
354595734420106451787380926533
354756982298045478043291222625
355045627402377699957169910257
355066876507654218473696671227
355232789181194131575707664368
355234361409578331661408504350
355276167346930297940616869455
355324005286883233406656414251
355374914756831636294691212849
355460047638981686833869492839
355517630826070953936378996110
355519473020624751684750629866
355684064503641879688938683184
355791657537756873498525088740
355859930199452782773450419896
356028987397687946473793130273
356173103329903005861752286873
356568888621538492425285385076
356581067228283959936924996970
356602659919791939003544724917
356682823466321103275704872007
356736713133448738310713444832
356916400862165545117785270394
356966930501456963667794398057
357009069437610161326686355457
357014163435461899779149487438
357056340442499412764325725749
357203711164584502588307407433
357276153282572202015847629618
357517252438225430158257683004
357624365404218827468033956707
357691719008436719490517635704
357860397099101033342032255332
357891443709154606679895760955
357964527762740423884786484395
358043138506993199009481481313
358095591974639989375982857518
358115340787258963028054082243
358230904929819023050383045884
358501688677153955564404500923
358967831766764665301700075950
359058860241001715215885027902
359192233390730802248179736998
359448879984390880267344995733
359467409879150467102555852517
359561702838530429562945797406
359680619368282219257565344617
359857834344125261496641324908
359885307141693673702236665846
359912006256228299137575732788
360031291258451955464165308358
360313298819434066225934700007
360773792957243149948410119960
360823972251683223086285524405
360996836440528048783050135344
361095768893269864161346386246
361181791848702975813420328757
361292912489307953413193897264
361296948949423044367106250575
361586789830337044410922763573
361631606903482607975546207910
361670717023145912635342505863
361713525940930658245194124853
361962567330260381730539966974
362144088246273106227005929023
362401707383571076903877328789
362405073108959944630227968549
362420114390320406811344084968
362434385904505014356518572068
362454430235022128184998382688
362482747643459337310471717860
362636948294499829710787545958
362853494649758552606436278975
362881694226325279995379807986
362886764082942265491177170478
363045385987391575684553554946
363129054714211408232771494196
363181564394842488255691096141
363300639174554118843950900769
363333134823921500856563585814
363445118964939704627408101772
363796712490972714031036606620
363984817785564950870381391878
364067290205524518183243642822
364082232466793631995879498612
364320475295460552805213572378
364340557199575493623033370928
364360173019717698893130399353
364533971972675981821705652460
364738239742079229669335429599
365077053054733844135709407714
365183663616294262537080410787
365194415032670632500800558447
365242747119389423416706000362
365308305192444517631932163082
365427264580873992657543878428
365485539275444426814646813135
365652049959028573810402036320
365661705267863206639034206241
365846127333577275184092795927
365847131513585878805642403777
365869345363562504671019375733
365874380204392561669358773574
365890851132081691178012627338
365998508349823307914056441770
366035586412657571512044855880
366179020767418640184322191151
366197803107938558938224035473
366230335634160686956114948597
366306400152392887047303062953
366376054152428917125120860672
366487811338834965843121926663
366705869417796830959557022239
366762189446593205230802255659
366935818470038870678958212308
367105142832093776133122126342
367169039564142170266435141357
367245197780148287657460915318
367284387664480790492447932645
367443147123922435085789938511
367530528489174696093058504438
367684058031684100163689481204
367880790036757563200602980181
367893164094431328790206052836
367900347256413325580330571167
368060753733423040539037873639
368111376926027847686103357244
368153953757454747837154100586
368244255776613439723357956878
368254828129725248923111462248
368279484744711235209031028295
368580814524686692683108792061
368597140244400496944761496811
368608520441804710488708745392
368753191105945352706589844361
368825731548048122200636676769
369703057232379211884817095830
369807071502836104374312353858
369887059470605888023397179212
370108668033884244221112068938
370112364950122932631903940943
370258941847574790542930418101
370416506115589233492891740794
370937743619156978920292574868
371162528651296390565233374856
371162552776280187417357791681
371197812935676836170415544083
371230974598411582714272410173
371283863165013826390683776522
371292553419673009683375347238
371346926571771831648989477514
371358562981820250318601051482
371414221466501838304349811601
371513345649556594884607323022
371670393568549469412797125054
371683113034158180678879378421
371777606520803503422613799025
371817508182174464720758755298
371867984067534932981706118228
371996103201905442568140321069
372122838751025032542634868689
372246143566507178995217179844
372292900969900407174722913503
372378199721210616980031743735
372394115407516979954116056460
372403100345312800889641523116
372435235271186338150312173073
372519436052533433327914787160
372523602066291244546906077573
372550384936804250797140474639
372665588175772996102391089481
372674613274426174684500496263
372704361194020926930171941267
372709051056012013871176063936
372750958543796702340015506494
372756811694511800663824045693
373000797278396392567654553890
373123379080825099511994856893
373184300711465946500048319485
373283666423559284058834479690
373521582149888579181598947696
373651832745116322790157049723
373661523322861209535731847437
373737658200043106873824617461
373788605587984881986675015027
373817491165078110945903465556
373959843033408315546476898635
373971548731301553948659755183
374080868147615862755285352559
374338797893102147584110409951
374477435994166773906037487415
374525251200848043087365303693
374592693001803817519909556902
374600061581856492972626236846
374605353114815136907024751538
374667850125593655049628333915
375059830083334024723001169175
375190023349220211321887733754
375346722295488858169066989600
375490353310572172560021234353
375503519889473590219723278694
375576587703628523376653064125
375779856441829314235872606470
375819598478561845022484514888
375860986445529767947915229372
376061947868266778894343167998
376366330451227826562572229434
376375377051120336218760534092
376521768238387415552017579430
376583021979594470637970711599
376636517793476938044569592775
376644828142059737245319004017
377149769073757062309002622666
377185627940701375649836493471
377204097060378621540826555502
377283619917795532559273636605
377415855000458656121021000343
377647479869148599018248928238
377720976759465676005451387409
377831818608510024705789357128
377833183935173835501368691855
377918875621840726683581428895
378005050398833125526122542339
378044662574768582860222825702
378062592789143789509621016602
378138187837684193410442075559
378140182411507699501006839567
378153469448341535574538817188
378215852879855789065731462128
378272290153170411275500440813
378370008840848105157693102367
378565470629722730786203946835
378655185574462456312756902410
378847657682893544710806304699
379045105642121199620010282584
379234504223064584327517793926
379289650136335282964814771176
379331043083757714617379118178
379349645334496068234559461534
379518687141329701259539732133
379522260002888890667390236352
379537132473318266544973061867
379567009794325902937858683278
379646851795758978733658525041
379666563455289895863179644180
379680738538095246733154613968
379687435015915717866978331844
379725761733753618485669217498
379782158375201207132460991859
379871188929461037738309356896
379954875870194938215657846671
380102025158957089361934351370
380103786867070123703583810609
380137764488167409644280400160
380293569066930720928619451989
380297579154347376485586805297
380303291805746281158210017222
380407072997202139741462851883
380415254094727752360312068959
380466051873023255376557824762
380466079984296581991538006051
380483866008515482671763213349
380724455226515020287300736166
380770185107101001816833233056
380848262580104492668657288562
381075340829435975394826863489
381143049703567092352820836948
381323292344411115987627943745
381347085689427122093700743977
381378991711375028176083152778
381466140046387145446268867642
381699606044077794921971517842
381791308445098141980599140500
381910232501498149990987813985
382112313619944382106183416701
382194493468525828747400085063
382381669185618062622816687590
382564051561567196330998749066
382610321187818924899413947654
382613534652639115152250501874
382810258266024056424910754452
382839085264489627378530912284
382982077996396137923133522818
383052755854176780952392955104
383148934762090885229368676840
383179278860019804055241920343
383203332620548281598365732299
383268469935073806625896535126
383292817996239688108903235302
383342121282520639315968026385
383514166621798957612052606365
383549855641655698882149394760
383568889230670545255737785304
383580140494501322606015927571
383611676849711487515019840877
383682404502121129584982239300
383703670301431578195488618698
383839099703231115427157294256
383978848505622764955031941538
384139469819322431223096887123
384181249349695900507088675158
384233035831776424399248595813
384359626599040211138187030257
384569352168159908814353909301
384633546105477441426168038582
384738184433942182715677060971
384768629236539680154335297487
384799628387316235117634531934
384893026566024602108940057514
385018241499517112509877997992
385083669784962479529927272457
385102531611943719476465073093
385125763822406250417382493342
385197127412509482875207058133
385223570307777289401573082125
385397993528725016535134291879
385584263384337733981301680229
385662860952508461983743604878
385727606108854952118363095692
385746192534012205527273008116
385753992399877367019775618033
385838729892417805659662599915
385842420671823433455255655891
385962519156747444787969455949
385976198067204411082033209563
386387909080624452369536326045
386586928220330563611786126706
386600377381481995847946955238
386803343379212252228170991301
386820481848736861925851069950
386869735068233395778769859836
386922032323984670962064164653
387075354225220798625748518204
387310200587875233093107974427
387344242487371958796790366123
387441213657288384489662418698
387446917887632931136965243547
387467095059586625204456161560
387514053636649969062346448882
387647492069562997897437024039
387648709918118741716071288106
387837614102963409847467995348
387920200270008913331217531948
388180441193315862941828998528
388207437166480925710960696658
388246589631191386223999400489
388510420296682715667333091744
388576370474537659236656039640
389241834090867797802130679671
389281616799130207186239923772
389378779030487502726358721656
389750704055437654704024122935
389844435177946727191382107845
389857550717175833666426095584
389872845067946354321578964064
389881227958022909657847073463
389963327928820224313950374318
389964404887306731506683565598
390047016373953860272388399440
390213428807386568298284392702
390425974219365606931129832771
390493541371747551421270310320
390609717664778931231231166055
390714888437012316898654870446
390800267269490144149785364308
391057435168574969329954725477
391090694298364247520102144851
391261390975277149178435295922
391378870820672333708492332603
391478336490900008728269736177
391618182304885407217183308292
391696958113723232459738463426
391702528651556831763525374777
391794387441651498232226035872
391855954698094586237180761757
391950838960876962594794157184
392054083991102719332876942564
392196447264744127606869288090
392249548634816265458851497056
392273429638435036137612026822
392607204082618207267659411446
392686580325527319187120309037
392793758011101602438381614751
392820866155989543059124309541
392899694267538802354612478146
392927690607444998837613886067
392983356853836194551496560385
393065574386978243803651564939
393077104738510790247834102741
393129007983347334830259043384
393203189007780017250965959432
393398199378335951611924163568
393470197396740281372388016475
393484445078306780374024746505
393554799931312357177039158830
393709708034430546051812473138
393857258800486685482734831931
394004342392953158465794880284
394188068759792847054787635704
394388917990473913141866489616
394484253296112916844915415105
394531489197524531173666788314
394621522723497695933321205844
394740133133286336455180533990
394794696001411089682338637141
394799100071935270860157781923
394883147845396025573465343182
395146311844570759857348342714
395158606421898273960240640504
395229708927260031650716716716
395261516098940364909292433314
395391723246505485262937203436
395702940330752754735974762576
395846967941489159079017955376
396023025359703144572127037682
396247466913869384431987392843
396640866937973208108908650905
396910167731933154720691015647
396939650865209475427088742987
396951508166943313019482052068
397014957205487670515129060542
397145196938334436720675206244
397214962344149323167017992882
397325849834352591933790413407
397485144579073165609971510112
397503264355932937399109826304
397582231897484821362797989930
397940173521904599373715888787
397979193322342325127304764858
398581317697193340531579186260
398643423290368208355359258312
399074237631336175818818294490
399083657209211805346190715645
399145244264371728440416595274
399164510807066243457505945091
399310834006871533521822096187
399407790606184015135992095841
399497987410933991818229743462
400075105065627095927958944262
400286741134643575579207243936
400310077350011134355483860928
400369438477998664179225890516
400384143058602676488312974300
400456460684835758699263941105
400683206581197872833031974178
400807586368174528305505489734
400882672416706959124649635620
401019687733910074138101963330
401257151706497258570702463226
401345640517501492842984496056
401383330085299805738896050920
401443242376546842032253223477
401515059935925892599120184229
401581184604765122301576122821
401641948572728590971744386236
401703089038342810203257437316
401841257240529999892047212350
402067843406985477202657763037
402082480194233933974625351703
402231952122454659063234577787
402281780783468884329247257158
402388733288216027051376946828
402439093017126910142479448987
402464302546116219078725617601
402664553791212285137634184238
402937698791699609250802173835
402957942851825112673831690516
403084030394578774702713258070
403212837744440011598432339396
403359983418747105742367277390
403437309912447290326505127787
403451655859731829481548274267
403502036848623932786615011693
403546483157869827735975919755
403621094312828478483385016041
403680415053699275640310994389
403705718389478411107305352231
403750649253273520263708206506
403953186125395290554471432801
403958560230839242424597848060
404015661914792566197365996431
404194907637516447957023026586
404572778008133702200089243522
404600514224733727816377766971
404675362684381438923999352411
404794767374709948909472105446
404837521361380589561067838463
404839547846995047749758983643
405888828204934711115271107457
406076672297720549384132700990
406083507328500389045524810094
406136371575575435821099233212
406179828943741554271363372914
406403401451898557718714876087
406408682648071395064186900411
406409815955913928977745932835
406695900397521306063525667884
406719293679439944049315661423
406973734304414878649037388789
407009251537116447258320696737
407058292061976691246531333273
407281253566000996833488935041
407326256632039752740982998381
407569781337008361694915901017
407642063822263574326468880273
407819227139359547552451553946
407842580789739845440048196504
408028610731682243603442638954
408038168476820656666849115091
408156481179198606297581713059
408218050281015704346382769612
408339211326247178924558687477
408400097449421211912884832198
408449103048856027639948632325
408511674838807739103536697431
408537539353253404684470373297
408566437129362284016620948892
408765855597761355498124159653
409163507183121926316322567104
409305924707744366786421692072
409388409862990077211271944420
409492916578417468734133182315
409525315211999201052871991017
409584673262434996877065917428
409628189618842771294788896046
409639755901423825475611516055
409788181239285591743781623134
409986042357426279534033459630
409999186250158279667839617967
410152086573078819728440661818
410192066130324709422784423837
410229181158613042085541877828
410247302846483400586949359123
410296931461318992116261671736
410556432786971388580071826946
410575394273687958431955374685
410667616954073243183321567381
410771594468535536988124097650
410919522976620280379270859501
410975945354600639124015289627
411069568646838861427221954280
411088339411749599468963609691
411113901551493397959621271504
411233044951014701846395793905
411500953344220837154389743208
411602328302100792687844462781
411803789317106253301360144646
411942638700324051285998649293
412070989358179853035926799612
412178462583565835627749250036
412350514100202665552454916524
412645452333009518978226338365
412786390491242075859249821751
412948033996455618361000538375
413030032886767294549601786894
413066261929886518206141658926
413147224187251552975096666337
413362577365049243259975688125
413426224721148723041260720498
413449378052974555415392456766
413509498093903926619386834464
413553518324749963729207010708
413567539545980780820866565722
413623944132148368617334262074
413706406641475535589416055886
413865600917115272783306204297
413882168843121442700929222496
413894876578536003027768980290
413910233979875708143488472422
413921470923838433828062940718
414057974574524001532131613320
414135076626489018195981115884
414399704394800295161215635045
414425219634855183000324485078
414552420499192617698135035246
414607032527721496668900025391
414688256553366767459405255645
414753560942862446290575887563
414798605694710206541781495025
414852389729458217330295198893
414888247529033804896531584810
415145024155981387641881297641
415224611539646910855726578679
415231206928533093930995864440
415235667169853370715757872564
415702264623247890179834752744
415737802269011517139739789362
415881115920338005982240673296
416046550663219220391588084710
416085045426767314779405396353
416203181877001500659712857119
416221377721569716292833338523
416246992130723148717712044664
416326416600367359967560995058
416476537031692060197737553855
416503776249545472373005516882
416608323881748574575443769558
416635054281858956012957553899
416796294903093666365242591914
416970525772029239940273431493
417075598538003982323036169615
417092667754239721197875892431
417376579469972105184603458102
417698167649412718032699794956
417731899696446762091052289276
417744233483210131440545912855
417756061698517450923131047258
417809891001018901669171498008
417886867083785073458426759417
417988815094350784118850823912
418066988277496064965941350518
418097398508825679995221218191
418108639141163950567728888840
418157423732618075991005465276
418176623336691143662881357165
418323316746606070329850574818
418367585630511922432423383996
418376682426435811909610105118
418438019748706626405687533892
418506123370721275659660640047
418573140937473261164418895752
418597887699867143135679292382
418622706067071708700817582987
418633440681779537721651775402
418679125753278209710958311314
418838780574046247164438781355
418884782616092131443494156030
419166831688833015499809026864
419197700845647436741220979910
419424558348944506405476223056
419694965664188519853734519705
419696432344157598157034086905
419748021753397208063753986416
419787182526231281094582712693
419813161350874401615693618569
419816896748583603288505078752
419889677015767590751299792325
420071676854924319955384597596
420187466761194128030480028744
420193002209452261249242477378
420372690034176956722838073769
420377780719114610999938400619
420913675171162670729389141100
420959569798831987399641658686
421135690173343488856253724541
421173238218499639385063778778
421348889267153948829287620274
421351845394107510020489326741
421575390520939360430482165963
421691688141822744745478409638
421727496829724709901734388546
421820605728430606946132588243
421988671570201666941556056531
422231810679485367097878609967
422235083712529350006769889677
422247140358663315216980735284
422264261701765788577993276023
422304272831567377583741574005
422376251722840920420687408996
422428751862870474570453557681
422433549680887410344641991356
422469905977371768311184899022
422633711603803764743193789096
422637810027845433060878905286
422666141564976105146371604007
422697547161495430495805265877
422707026725657234010863733232
422744668589067975034772757306
422841387642158299460518874972
422954622793555949933848379515
423154338500012996031526690443
423173353453095561257668787112
423256809125354585965565813942
423276259227621097309217804152
423304454944487427296972619979
423393004187811048034610828589
423409174329502994931670987866
423450706498083424311328995770
423577661202697829046641918446
423676773238291671317046054121
423807794999211136860482722867
424071521625188286471448993413
424091598007080175650037331113
424137595485245898722293918256
424251891300731199026049284664
424365605436448526027044491820
424400661124554935619481412394
424673424438161577202173432640
424696636165506412326790927952
424813766300168940363336981000
424831477176709985193392598677
424914192529359134985795679907
425028573668089538082004730855
425072606249500141356909632075
425115312832314287652312867310
425423148553073966297721207869
425459388678944689684288709706
425467206580969236760701847446
425552378316683503970400721204
425602368366870785845993281354
425778806489407131095385527492
425918727061162655702076371327
425975181322774177955270940585
426014675634720581410629826041
426184039792819139308470304009
426196223058802611636396832691
426245836971880802545812392610
426276119055854756156352453173
426329909466201587784793320696
426377052141904086665580905553
426492551113964596114980705256
426623844707610606608698078265
426641989044012539283206048863
426846663882421151120706044188
426907523376020710667320532249
426959040780703698130538130076
427041632723173812619627417259
427064290322558525317363717501
427130112636399707665858840206
427168921626648181800111184627
427172408366576477516540745155
427217647309509137569543259263
427308860380820690475300268876
427527235234998467063796353825
427622009992938467110904617685
427662815157881401133932034023
427799188404217618775198776765
427830551095171370182092822276
427842209532205605147202943963
428028939876282516867904240666
428093877269084867177838314631
428198857717006738198632728017
428216332884723469040829968517
428267097434116190785450493371
428427865937539140883613053591
428480008092852108477955653331
428486418773021993689514161927
428553321022871426173727752291
428586137127327204261900765892
428916096629879406509701372391
428934520080002652788465665563
429065784381459779157869393866
429112492275548573887335702028
429306316946253752903164722660
429449875439526913148412993565
429471410148043429454400173466
429739279737926840425280718158
429750875082174337998077564350
429779131260934714188973655786
429864244622031739938483230997
429971774943113977773899172834
430009801274845631050995965355
430014123611496211697042993747
430118293359832038812947710030
430163727521939856590355544497
430476914497788339655054021202
430574858316347347365571064237
430624109364443420119189474775
430772712551813817931162506769
430824104925082747349810125993
430834144847408193075621946510
430911857270574301373601785226
430952409144116456165689649009
430983645423269315771566511313
430985506958164573869632553220
431003821181193723132504981820
431031340278701594143372967130
431122618702303173667940800954
431148045016781392647695688383
431211412688361247783251226283
431468002762887876859867546541
431484136742100481128184971061
431661814925473885693402035006
431731522802681578467694545806
431933412403118925196835760992
432121677166834670721991750354
432257966771903639168795662167
432259431792967225073464464311
432324343712897852357891614290
432332218629439515139824071112
432368479512708790289283015355
432956016031685666329537745433
432957074371689294110890469445
432964979689130610325117547184
433173082248046861733872367805
433185870619130499392818612323
433196351631503811295588175593
433217724864674261697482596675
433322840202957877728391646714
433596501012294025690939210959
433661983385633523031447157857
433679184039398083285117087513
433694081125219457819153402114
433821866262234643465882526094
433935914751308067031567991183
433966456927842257552776748329
433986411356303430479754460324
434020442857680034728780382558
434049000813623144023315772722
434360822007703121100053390776
434526019841398348658752952191
434550876062845326688514631549
434557542568659465295045691029
434570468226752677510048434059
434659904816653974558548756583
434845179914263568392973326127
434850206972287259290756742163
434948310967916600348359639902
435411705402551371542685249676
435891421715220077206924590588
435905715967200222044202796105
435925697448589713374257735500
436012268518696562492178476249
436124836918902894960977637537
436251654222338004385721383657
436343795135011201292297299438
436615421475483858743044893276
436627868818949129496625417253
436699218295419217973276258513
436767270829602247319467908016
437013581463496286872342029521
437039325023986705637308984098
437046631778598703372481878299
437372443489838436803584468732
437422129723246249236645390273
437497589918855647553789900986
437563154329146497409213959223
437660426058681073411804717412
437690697672081861271109358605
437738074640962597025650398695
437778928456566412542014021044
437836669619734897775606262589
437864486038134549211256852610
437904959284817582922831275779
437957841580767663414365717172
437986272681567184651628727722
438037630486800306448955476457
438135334612713313900904521617
438152942461732477831530947074
438218624638563536237826145772
438271036872742742944019041361
438280050811752587131463375980
438396030126820170846475835967
438502332446099006873518306435
438517038128469228735881272073
438545741573301491999791627722
438622045495557861378397338565
438671258831395989369735132528
438694352219610753753785131014
438941782162869383618651592111
439463146761810630167235714884
439597894127109048930437689973
439637336639267958767242790299
439682963013764357004342853836
439691652435309045299240398928
439694992649658653660781808005
439704735999025422770460870604
439705164139774790153230563393
439716761370322714205777710990
439861072851917918648983138321
439916194015443675397281536406
440108621609876041179517406347
440118483724115159083010321797
440189680759071584430905082787
440261867198351230004569241969
440359173112574879258826367810
440726818777485229336278155545
440835164130138914173322406128
440874633028946007074490286335
441268308194154662744203217943
441494085705424895451325170936
441496446046099526822221378619
441540517342621900472203210773
441557452066641388950827082094
441572682131114324287478515205
441700840788627564218037442696
441765218514359288397956606696
441771436424720582348645471430
441790861921940174241310436090
441996772508561090100201445351
442073739168831923276167353863
442159770928668181594639730462
442330709700911991036328034683
442708731703312775667175190234
442825992188918468314095367946
442892433457446252682490996027
442906051642528771186895951039
443091570210877826764872270480
443117983257241810275579550875
443177267541247321801549551531
443209224488566061729757818687
443262707106683057445209865731
443309153324489069546673145479
443416319652155360204371426326
443589531978358129505023589268
443617202247436562408885920103
443704368846513599153912448983
443901075982542712252691348582
443953002244820064820299350532
444042226183302929376599604758
444045588704082592550167871128
444051410598649388251170565023
444121259155456133082306516737
444134103425442920831037476887
444146746529978394338187666878
444513574227313277945602671849
444564555264063446815266781328
444647084912215306366341449295
444682587850020181662997900772
444909542057991032934241144061
444999712643581553302847382262
445217579727675265653939747189
445350253779978656488884464022
445470920282830740396286168275
445574440186379018174114309392
445773719974124674095880915513
446059102808439443250048260758
446362648316493243848083856354
446390793190521473158686612877
446473211709255769411981936593
446527238224244257023956248335
446623935861099825571236051671
446717034160280978977111422281
446735517451542980219510662543
446841301550377126088934176549
446894923568250487014150592543
447053234082128328242183076269
447253049878491622748408695781
447313361394424922871122101128
447331415170101418346932536384
447347563491547646146426949270
447448669347434945897251751468
447537355462712664026330460921
447643942118363938154314122310
447731094530130128752576191312
447858340767180585307795368720
447899079182093197574018568103
448091755190063337204155181976
448299924724121869865336990261
448427502271630259178573342162
448935038443513981724045608854
449124759231028381534698217365
449167386732316264835032824336
449232040991961658334057952315
449237113533617966899072516916
449281089528241520262869956396
449412481941058048484264963036
449511189677019201243408099904
449645400951779828644335949955
449734883944297632544696159981
449910788444856320397743529876
449986134496376285718449324143
450048065614160723719383995890
450255647305774655212203554116
450267928384749793796510686408
450279755690119931967278156681
450302542048179964431994997022
450336268047948685558405109030
450593939939401652612726517296
450629296155832576376224676091
450630218296190994311426490044
450836113870821793384478114242
450949250638958898260928820804
450964939174446628239269080809
450975969755225108619912290411
451001529187208123935403199718
451070570718743598590507116287
451265419120000779566095950020
451283482928211038072973597359
451361489904218915502156080669
451474964098272221737167505442
451674498966666662522240651902
451898162639751894313777159343
452111371931218146715129405969
452172461800171592460155334467
452260309592644975693425032099
452333576212353299332829447075
452549192643005269636533622599
452737117182153021058717115616
453005858739142028373049762564
453069908707214791770109937549
453113962413782533107878917022
453195181815939730808351920473
453197208061193067191477260175
453235173499362459647973143188
453240211705457325371953318636
453263690419758849253200039496
453291278163051228650082264277
453325671412068915053956175159
453460570826162256757433881499
453565352689929907696993317409
453699388473549644240660596286
453743752640592626048246653495
454070049692411591570013760905
454097951741274552128509830321
454336663414810371856077464635
454384462073203678205283857982
454476886256078481953439341415
454478615112772060762467475885
455046048658516443764982645942
455140215948440677249633541976
455155109975801780609969596961
455260418696734659846347115756
455446435389004693392758609297
455592793182697965183264249283
455854008191150809678410562231
455892360180376416621630508015
456103622136652125396387975307
456121436763972999390106444818
456234365925134248438956812441
456250822925983332138502579680
456272861439640338285875912321
456342002489795429998907553094
456384177175756901528496953767
456489314237010340203618497699
456625012867887282045767670621
456739336362343084418953327279
456876092543503763963560382569
457147888820058431758563467602
457377645234679472108934092957
457460624382799299934099088839
457513659541448030315564794058
457556327510618629696838456015
457590206243824113408681434129
457653228357406443773366557166
457655401783482974515745284147
457869296241936505264260225275
457931975816241634893656516204
457979015670371922039719086775
458114331632269147147690297293
458117843026312366193314954015
458348004468866944834190348333
458429307525682924404133379812
458540132065663597165987103863
458553329910753570570638528618
458554789191768272876025416501
458807993617016553076945480060
458853589161891268037989952692
459061187467051691802112979401
459077296288499164948258726233
459209145734376724754734366154
459506499201562757857215877122
459940602545594991646568400186
459981029377637749683078617801
459998003908692074233328770995
460178877999000820384208243019
460241989786201222974950746455
460481173114001884821214452782
460739726847056474839882071736
460776328550364683675474565873
460798142180535840623394687287
460799984105737764658042588666
460965598675148741263349413582
461296151417245797977240338915
461338582515012715085441177062
461414988898150912199295080312
461559781832094117228546213740
461600216626009860063205100746
461615739531381727672190567476
461638441328721420000175418870
461844691752044523226293944026
462039775533197463785914228843
462091194986445234472076675513
462310783849801090703034145410
462342394481576878214418062427
462654320219539349257724545907
462795097967914495039536457642
462800337994021156057343383096
462870178220977306446264788542
463170431246319203855327008191
463399392092381258497520423870
463416207794217362123273634910
463550484021017509944767457792
463639671152111123831427564485
463688503301102484120971345496
463813466951099786235538423822
463819701270645290734909499842
463943476017400837934783714767
464018675184834833072062253881
464175980450102422405674265804
464302531764858165114575924823
464459063658597113404378046290
464771807814987450927163834871
464846423623126673544877274905
464888885145232523855518832172
464914536600281219029722902813
465281680476026370112341722254
465506816104812655402410067249
465512682518164086623946478053
465534994863919261337228324979
465625709759338130255784912753
465763989517349617811680892484
465813928092576174180683261947
465820062670095259528510812239
465855361865073428780869776361
466035003694762629798493587619
466085008766903856130357118101
466205854895570609365676620242
466350461462823552651736625210
466510878438207817122103851138
466524180194352668382827700663
466586359674636179341218110289
466916530783876935889942313388
467061675549466691364445306270
467100829788919159792344037966
467144125583829380521503530491
467266725907312297875095132578
467295219681456848501073362474
467398220950425402054877542542
467440476264559601282900935184
467521204245254294891012859179
467713710691144197573097813227
467736516565350614043172068361
467818386247810381909223150943
467832519024157491120875861245
467844188443646504900938701480
468103908951031745417578327987
468116310509843047866478488133
468175076071375464343650959117
468190535693600186831646755381
468373595995854088374113998274
468411183082473906028642465696
468430189266413250995817336275
468439711341814697155162197938
468641861606479389548018381627
469005639287352658880860786143
469026942148123730920230447932
469071317461669460917584810947
469185217300538267627357724770
469243780784087321621151244634
469261867599660414530307732314
469262188186609526177609885035
469398900851363925784901683050
469586804705891565243302262709
469697577518787323177738887729
469795363643178400703802585497
469810571295687070720948634395
469921715435310579565563118391
469956493242783399126151495737
469978587722526040055092371783
469984897771011876930223529073
469999054275611925451019696532
470385861002915601687776327042
470412853944722232393144315333
470433421321061619706376267438
470495510598370544816916442143
470687672360436215823694035813
470708776566524123790432941394
470806588364678122037118158131
470933610677170911913898211199
471009605295344819050105832388
471098443753380253312671578432
471253918628833478332019321664
471441912558711786673802374514
471453392845620501765352057437
471460773280600905562108065849
471525631172981746740703518218
471573438140957828130362453902
471716865020032813031898970601
471787923122653460371619375805
471826677592911787078584146777
471831116333371897436808716953
471865319723949366396208411876
471878358524406524445384117596
471884965589035192732251479045
471909251068000952862338475957
472080638810823505514142207589
472152556195692293039475289388
472299463087170980959330355743
472327677709036520719293134549
472499121377286071431093570439
472631390915704668638118531227
472791248038677143352181127132
472822195626084700354891024102
473376528795786640668739170609
473499316742299123076916598920
473563631516873444627264775453
473586853145991160118451615523
473625049372197044553471088728
474077024464557031405737302398
474180358985735154579842297101
474245748700464163595255945263
474306770852628627298201057575
474417490880962358407251632040
474707830468078603564007722462
474746503405045534827815963838
474825052899789895786022463175
475000602032378170450955182306
475064255623108037057782824367
475233233490126758546084135164
475236963393024985736560968563
475265801199716569760057411121
475266135044989419672697864599
475384868299194888167529172064
475449364599460373051980968952
475483132316293882547063943630
475955129174498809039317714968
475971773279109494424149247511
476014989363718630455805114783
476101586594846329183841557660
476130240169927729832260443874
476146155668947999540177368018
476180606592827376482510138066
476206464442190135211797325389
476300734895954839400189661255
476318882467121227305626416037
476597528213180339554732606054
476867551579631482604504612487
477049825235665656130081883584
477071092600907464286190997035
477221452854465367716103351756
477266323776021300201847711056
477424077225338949825640143336
477440323930163926463231640670
477455442177320968660320626975
477582587307432943772024399479
477643925581696734369769472738
477648545416968209426343626709
477897646219825843664182622630
477903913993566513008628499707
478212969410068983290646598533
478764032578792970550487099178
478867879403511236313629361532
478880366344941542948341353463
478925077366762718802118885054
478977231679802948862204602546
478996379762683029130422577090
478996541577651971370171195345
479039831628973707729720026597
479083547901771094411649161730
479179325518205046958004374013
479261668853371152377080880022
479353425555741020322300465326
479383381677184396136622515869
479538246561692289257259709745
479947369455351139089146127139
480078956045307317853169582541
480328100260583781024611080502
480371201363892561277806136223
480477014060263705256009498019
480728845495380018779532637728
480743425543116209650314809057
480826334006299263531567856349
481125351958589635824331661813
481133997671544292661029271882
481155560328668556845596123022
481203719330842583685075939226
481454305307235210343541357745
481620791902099965467920041433
481719977791909286313684618923
481998842621540376606649857332
482008673682773802238824559859
482061953329147230846403330406
482137018848058654315801631515
482184603568470256178361407000
482290231589724170417448749096
482355578710362377516398055230
482398685306590123226726180882
482479577922585508139097011169
482721127852484764744924476868
482804698840545052362467494034
482816376206753345864628492894
482889418181519657389904726355
482923933068749955023263698241
482984421245843706799502120691
483092627947042655851554159205
483110996516479283950843294166
483212258537992795313199783431
483300854791676454761065688378
483364890033648309737032821782
483642046934077864036450679576
483651733150825917117440639668
483680403350618921548544495225
484022640547799855817579411981
484061758165415335794138490528
484280123503909450794878791182
484485622678280398300282264653
484533487077065384848214073423
484555073006041076373361871104
484593113764247323687999002952
484598735246203013675050305505
484766793666129866042986954257
484802823048579361473353796164
484827297134580975779489123949
484885504256966766940867656606
484915487094694359667445020989
484930337588627882441225174379
484933873020977993610461741976
485149931114377575362590380748
485383423575963498702358988022
485393459303146508383667665328
485515958463645330029776879936
485842103149971274316912439921
485936597999575499851403508496
485942173074448097426433884086
485962950356782326543409495465
486066494770034795369544009042
486098685231655002089272694078
486114336739325530414360931432
486193367932904840114934082603
486229263016798239710652218813
486241690463204496570576840713
486428412261748575697316379341
486628091362505467894025514209
486653778677001086919509368234
486746739353467383897144561115
486785430698309747065455103603
487037192703838788243306584625
487126421278130661470376752441
487297505145087001051116041190
487306495458459151541861924341
487322909591892913553049158322
487357718254215314105287230331
487558563994447976205097279628
487597860230358001838744490647
487601666433314238066146616776
487617607010965995101496044620
487690724435034172122500444491
487760881065065223131342593252
487786762569257212658075345802
487803054705621798325723889441
487884410080788639122770608093
487888842305447721373958756351
487929722915589703853726257444
487968608558788022723279548603
488062449901153280521869033560
488222951566846377513836245483
488512716409518934313797986349
488538498555475067882644721083
488604455578334533587344183277
488634740177668401477665673374
488817699206457832326100936377
488906727106162968701152944792
488913086021795046773482165584
488983949519650740268337648093
489045542797911366177276187068
489110086016841418909479679639
489117178815165987549652143146
489203280042316366047263285820
489217505086928478411919022435
489231490482530514835283033429
489287037326943579584069345815
489315540578233083310722643177
489681946658265443938110401062
489713891378266717850101190088
489914796360028799547474097157
490346211799034537723508406882
490426055477663147834397501994
490487172206431761736026621933
490519030599712375462042848634
490601767106691884508146083826
490649518988070464313029501430
490708147113709969219837783076
490769977829777712163042348529
490857860154714557847837186488
490935140332248308571182905091
491023225658227199511589463558
491103278138906135600336920062
491264445268894442400790485292
491322501670412023202416966062
491437800334175288886861374531
491457341658917083759595744744
491609515271045897950725988282
491670815572249998157900994973
491695791956259864983509377554
491753587237169595325596237362
491800282721736895680565225244
491945181454239238686698697673
492106097872726761212011440247
492225755957061764551665650525
492241578513832730713767139628
492282248505379699755695566219
492413460307991738585507304989
492450743919360687590111161075
492479821599679789315174762743
492494467369491031349246285021
492632258262457887156819030596
492710684922592510194078412516
492752483907658256014892970366
492814477741183462322773688434
492875101953705743198589308891
492936876360263916083554551503
492985507198731659475747184485
493005027946734752414786023204
493023011709805906711252796232
493087365375399879414429163033
493169500357552050353920752047
493409756894916460192604824890
493455744004035584488855913573
493550816817701831782178160112
493566138695932138495428707645
493832478852576445219085211660
493912115048762277201367618686
493925923266321889241760694184
494067589370986730004179462747
494163839840431105939609543238
494374422271630863992423730900
494441108621780498200887112962
494466034268597215901070633447
494620466352679028540174943441
495004548455165204004786983993
495270718620676303403646344533
495305981788004846987394156146
495405349025011866626359628326
495544669753874228489452045655
495814800211507106946460785805
495835140685854362845754610100
495843452400096209905045394383
495859016040880437925975875927
495876008751109341242007654174
495918777719034391182475613204
495981497427773199015475238912
496099657008655933406520419701
496099660101027728627022577009
496138516993963635866529781305
496194128872887806641473449051
496223359221562914026404692412
496254668427404042485216064796
496332869272965940889296317075
496350086513366100309413724256
496361357111528603244230103889
496457518008522899939833566316
496530225219212025350588396636
496569894959168980527790537166
496640483273633508112990097153
496799146837854041557192247561
496832767100542928512542942584
496868122508318371983144514153
496871187052379001383916530632
496995609738487616735982948319
497356786321843157632421917407
497370357030869028369114092064
497435324885635164192338787903
497512408612691091870635836583
497566270712751915920197291790
497605584697168738347099728765
497746435082981046883823253037
497854795839719564537234484574
497860969783223674336365928855
497871270561005080591676440280
498535581630799326888655573732
498585888239538857114055183600
498650867379954321499312857419
498827304367439627589223683835
498832523898315086790499658178
498919567666266400292341801658
498938927761312988913027617951
499219039286400605540992258790
499306188600405788840262002083
499426505760408224252399671216
499446035309034433742570907285
499480176625122172822161691311
499617875046496026982535290044
499759423935728923987975730231
499872617139926058357442771669
500032399221031664868726629151
500352485806894425996902007941
500409923664882601162844402031
500444355512931875325470701229
500475412992669266121304647116
500544280593720137242608314713
500644770921733228444608755776
500949230713676687667994211348
500979526078349406187189564902
501044346151590587735785736303
501067341527844527084681456985
501218264941473757749731168865
501324983087669663791256010514
501353848172874790034131798207
501493310576426536756848184217
501561177109006553991937742600
501611693248180946014517161800
501700456596781724158685395187
501701211766870443065052998707
501743786556667003372046049127
501837300176668415626774551041
502122568516812296357891812955
502163196580725031924824195895
502447023130200214229755261454
502462339884690536044193225499
502795877472475279195531848829
502813712010293547768934523031
502835897304657124568039418005
502923041620563459504652667489
502923810184892965504669205285
503019615698786984088563703534
503041606309796034287692816194
503075339842172463157605826660
503139143415967617424971720860
503234172941425207197844501448
503371937837011500709006134575
503392242487845086410635568611
503452007421317567407414058439
503543473254177748032885066867
503595312239595511245782138883
503742982036534921459270450943
503809661368556514061812907724
503841544985179028377457314398
503843557327655433308553193142
503844512785397683651148311985
504121075797339253422126659487
504142720320831671336116331250
504269936610248115029415112292
504342334893969379134919012122
504457915504981242861002594613
504553604434237311829373967773
504602404009521056344290092002
504758285010912704917689515093
504959929980196428665440762255
505071080150381224196991444552
505110715737140655658256813890
505243155207484430429450586982
505266814571726365396796317905
505582075685234563867386941738
505655561153422077745612319924
505658599829270665795124305635
505754820755294586270843517606
505760242646362700041334328897
505764383115100977164261023729
505854837450356021465924136526
505872560754175020273385421894
505885904416069556720938532098
505924951644938437723826015703
505949379652866163151197391181
505991433017261187676970644089
506046077606916421469263163202
506062802133667853058821931250
506229012453863805654980496584
506278118046033046630391476291
506350937660438550306437192065
506362846903951310857331595991
506446729539754978247244866374
506521091673759424597036881447
506565909991393558431870882542
506613396706470716476371836456
506659265558350867125772594612
506695743204643385480786659176
506718936128889795871681489379
506771790331204519583846465027
506981724761551700875780825373
506988399108737778995482354889
507140150331824350348577773220
507231741893712808577064296900
507262594211752275112789004036
507342146158371933032151688512
507463764696204289565625655806
507602209692136885842252804302
507710673739859089213978831069
507722614939322722207953720136
507775768257577687125378250459
507791515509652029248102362305
507898798349289872820513952562
508280782947365748180946710628
508318436380533890444655427320
508480882314806912488077394805
508609076392740429936353218076
508719472544287227240377003753
508722046141747836787475200751
509032405395893449739849019075
509119886107492502128917051128
509273182681378904912526570671
509420238301201756621902564674
509429205658251965530349724063
509446486229481788014393188346
509526730184686167931614508360
509788965269842498203564598091
509951404687831264459680992377
510189114986699398366752482429
510342922326630074407873393918
510349919697239526210714789044
510459172244329440091336734812
510539215713483518572417686773
510733033652428187889047497618
510765512031996277710967578898
510822158539410760194528788967
510910396088694818339049320608
511034096443129132613283324687
511136829979114833247526126034
511143815774486522056747596826
511152223635905947110032444119
511158599159628447625675168809
511180628372939926283405039876
511197301869293891161086095427
511244091550877823896906707210
511309848109103923728107313365
511369086969037035949647611866
511767449201739323808770365831
511913130448216720410575062178
511915377191411893407429266959
512035890152899713322393304876
512041741608024744968472409741
512048724174098222464895798663
512176954465539441916470310515
512384372999826132785227333268
512397852476592783838997272465
512782359232029747547051657681
513107139520230680442817185170
513151881466224353639640470490
513223165193389862222180321562
513302088340108329653737452656
513332919170681989241335102031
513483460891989812724883182479
513545553700531366609571253279
513553937180351126479149046446
513685046503318029037137985727
513732226641837589813895850558
513788966531248443265409184316
513879525288803498409254387039
513911530680137790681265352512
513912133850483795256750324717
513945383853088012047497624213
513960190202574782008119533514
513977480295361466257035352746
514109210958409451238792630161
514242847680597787360217430012
514299510622030101942177501777
514384186590983696944608623101
514449655082533122205376267409
514474214606015326556201033781
514828512862550916229882767880
514882503505237174207513555619
515037334858217973295424505842
515079389441781596228828360419
515222647791055970877653936290
515321741146216065034240486909
515346329616308567279515367750
515391195260711820023215513906
515534860854025111259303187246
515552152576720196213135520120
515626534829233806598447821163
515650356158289670822441359695
515671257969963491163977069707
515751229187446119641809872601
515826062077191176145608802820
515904362705274030154110600273
515965695858068747241243491285
515966885007200454340792516167
516049667109646245359834512591
516660823376601841724978040140
516689736832679966196217745818
516719137416912645258758229793
516790601945875986283069732750
516892435537684490015356561530
516914894978385002069820327879
517056942215867842634176190113
517183941342792338097519418397
517241610004789152539798246913
517243309408010617071569376448
517272064477174022530631750209
517380069869443000869395560686
517460286596620192073524328245
517508686254891632359528840199
517586382860667606130617824940
517618634130055179095039451910
517826615816652843898920226548
517837781075562674078978071566
518080498129367025572322487854
518117426562319377514954144348
518164383673799265552236097452
518395409957150011610859077849
518425026069539660834520433679
518527290484777210421567116776
518556927864763006055139941750
518796686627602418322115341495
518927785211225051513152005699
519031462034062691631957757039
519119476039970346875785754941
519214225919760923800150265511
519366091991390217837262589076
519402741744779116054313159246
519586342877625802511485964205
519626151752134392307093757478
519663270031026085536808145535
519844304378157882693979114961
520261691889081628136263088918
520448550259032803182864869939
520614011173104453809386960630
520630535149863914156797918444
520653302787070240023740945891
520679561868316146636089714765
520871042161472282525646777721
521150525020438596678280699510
521243570867083159209185546156
521254582090540105807063536990
521339561594680104988831421112
521376341075514890849770026775
521450126883388763318643365426
521661497856924469578630005653
521701651997902734435170958281
521835665962416692054634021986
521843976841341444374888119614
521859314135337769429405633340
521868673985033651921453958104
521973714280643626570856141394
522127703561244393543671609222
522230235310699844058390445735
522392806133979606375097549635
522440742359722736622272906562
522631343875835858523734224134
522660913835627230395157934291
522743672559411345747189630275
523126167922600008934559098155
523143580800563298492289511399
523165341237705687447325288024
523220285323650864947351277599
523225426936386716669018755362
523246906630196856297295964813
523275141798519204774237976521
523278799999565194781125486303
523347324099277209798946721757
523534446479924498888332098796
523646696396435767896333988687
523713887216403522664224741671
524233148263192233001746981637
524244066102922739620644412011
524245691707695660213986636970
524365277522060064615805956523
524396950382828698181222367479
524681867536825458076581111495
524728224111687909038626770007
524790524133696552647799528488
524943135992046187178539866172
525076601754795002692036150950
525113270746446742619361787275
525212230435296912553984394503
525482960940218809216664173469
525610666027950603003219268186
525764286958667557855678707448
525997757844553524611717736367
526194272720680034474599776099
526234481821751596225741850102
526280192647603187096530920711
526485838512620944141992904719
526509104842790483995602888668
526541260889816428293241798516
526564892777210671158717954537
526780909581249353787620075583
526978221125728085920622403811
527015269766920515393968375662
527059851625705424283938513383
527081736495038772789532301807
527097149411009915871755191167
527212037789660253578988305853
527255723082775857512147527168
527664409338060400541180151514
527769303227541910433785930178
527850710360013413901768587362
527915370073536356836126094049
528111906856794404526500559325
528257761862241264563700665621
528400189614340170326220088076
528547705651372982422969668168
528758138429704893559471817418
528842250041506344544626430349
528854664128505011265612280489
528937238101376772533777012182
529103448949300163614203411795
529180836251645160686510437068
529418183001637356297950501111
529435709783766409703521953191
529520206248448778393011824689
529568723373998355196036380878
529689370742745096463645178386
529694029500105139462076515148
529699352605618058416069496573
529815574443228427869949151900
529954260089537919889343870903
530086443919906385684076362674
530299948670029712094234868393
530307488270348975666191160100
530403608511154455921993039079
530510547162868408146052257663
530583706617568969103568446888
530610418833250168836396952655
530872153549717722241078104263
530924088966880811645311336307
530958651472232722965968016267
531028920475622813401866721814
531075571235060268699162205841
531080887471826119822610581923
531130797746102896965013940331
531210667400994955507517411097
531282506518716884773583418143
531332507899138025729234629774
531373624373545506979689352205
531404222344437611542317917617
531453103901351302881670367193
531586327621582432071318967320
531682639896851670190746854951
531692856641650903195045334093
531714592589650585669826740606
531868851154008100100767029157
531941195977905318170745921719
532001546050303437191119036229
532022802849613274168478590761
532042236686711451425510500889
532398645558051219708011291034
532418122903566109046489711868
532437912987362472843729960372
532541219641688881716065069681
532575838975317680654629121714
532632703925893856921956215272
532684391822813231405570350235
532919045656753821895353964690
532987643987631332243863968228
533252581745083785182299938692
533254970493378057622827435052
533286645335753965291471561484
533364446544441715661325521760
533389110165746662738443353200
533419748598884150627709255648
533667811184713153770668214770
533865697492188059905865648883
534102477882216947645943090119
534121214053875805634551522653
534247614096688322290659615598
534304624367957739513048256537
534362546138294889706065506327
534488031152720229763330196489
534551661249822253043802491923
534598811552144849533495015622
534602586950743110262158553878
534651500071232123160953149797
534705317657121570082387988029
534727463766476929466668850620
534848052752247792779648670208
534897718504575047751871679792
534971059577938352382608851311
534986612487028121361561984746
535199108676530938944243029961
535234811730813711028065982844
535238105722409702213070832749
535352836177803199152729441434
535440436510052484120530829412
535489499495382216191319831152
535825985260691396157797140662
535992234617395779492785965622
536027168133896955177572183405
536103069364037174041461192166
536179024248439454664823702290
536281016653752111309252869648
536359867907202590285927491178
536364337568262481335283178243
536527426474792444351170961798
536538755153632171550219989948
536977473289061385950870877434
537019274632657734325930614572
537291331261142684407706129009
537366159713116468314590202253
537534083682749515735302579182
537700786380338929962092377881
537703389098597986581299196107
537820054321668310147994954970
537872589467821216481699076960
537906634278260506089270483473
538059372424042800298660506344
538209264211557822014196424428
538274856236851573261541188716
538418536294869685771207097947
538436834968599859337905707372
538679398780126607701050456150
538793679954837044311654178585
538962849935270562062768074693
538987358503402030837548931173
538994094234684761729861914407
539138234758849060831000050036
539147337022017013999380579677
539151295063654432284807348343
539245844346010238263824477497
539455420303419523935847145877
539493694377873591791961886948
539657963000110023600928575342
539673644673426683815308051143
539819558952590447611440379184
539903858136657699763866905837
540032941981162046592101740853
540066007757392784760448547685
540240915416352331114775163467
540267543254680004165688675901
540304294685427826989332388489
540334338316126278559478400460
540393147306638476728048643684
540516239566667249634683788342
540628020643603679567860826397
540706955215510295947989071079
540708772005026116354863605930
540875429666993832232428462019
540875740549177206494684984235
540932090728911411233536007783
540991055179667783336182245678
541047161309727840236830300291
541070977117626485221443367337
541115258613373422432064554162
541120421777657446671554115844
541221708253359412883547639895
541226399456498505932751637029
541342954384632440842634086159
541614449438773064924798675830
541751439156735439122933212353
541813642056111928432834950730
541851695461590659559878107615
541938668811680298429905293250
542132776820465538460055669510
542168467820575179522733252355
542354527070984816490948613993
542387063050422839811232480304
542454718149596016990468571296
542520364388936364529317109591
542561601910886489447612653893
542598887116794395964062539075
542657128322956571287904562276
542685450216880085325717632748
542762735665726119499018070901
542781223781259072310988959955
542824010294375093205039027373
542861993855606231287215005140
542919464957181180447746159353
543108498925980848656401780348
543173317655730425222527225194
543248593948094227376636840409
543474869016639847466727365439
543524086730284989645577075859
543554107080120225085438170141
543676954256047197944886439138
543710206812862653187372115433
543751472631655129716473413152
543899386148248553257964993783
543933669973427620463713535955
543948557422626848327036789375
544008926958675219193057444007
544044856980767363620238311785
544253856148129751695188758624
544270674144067129012427404280
544323538967375214006749737365
544353088417637101072597839156
544368779393632367801423032228
544445954596311613169596834722
544521889951970072347660003059
544589224250662769809058119413
544756882300304712543187307323
544919724322311098384706851765
545001205582763969147538784111
545318938963930312126107864238
545374389810479457197873201583
545409682988796795580459328942
545670945167382441320956922746
546061930949321741258809646979
546116259389164616658042870044
546264512354412856858344280760
546335209362958706584031122839
546466151225988438435179275428
546474556667692189238663818918
546795823005630106914154798562
546955932549891666797491694416
547090016375608886997783190226
547284750117893366644580867045
547284900610315072986356522009
547301202914420407507600875660
547347673025524071778137678461
547485082614267352450333328541
547527804229181430460818201433
547901527260885894289859263554
547903034630292377654266059851
547989213196262712910469773808
547991801515718246432040322206
548202083662301639439890176517
548236885271760486683314327217
548257962780453958986055831971
548280496852616615362995341642
548593996183974403402332383468
548621038481101652529808539278
548636708095415737299064847237
548662785672703119382622791865
548690714133846019992660689931
548726087813009924033384196949
548803783755395240212913504751
548826863246304092861725474279
548852218693447518142234431543
548873742381768296440256144943
548889242640406918314596328766
549110797479550675602137953106
549155106422421517944318870338
549220345968995911282393413355
549230732202062740159358279874
549249722528653060406991522702
549300579868976885125601097275
549340427685315421939340494096
549454301165929749071146119130
549527611180294759542508231144
549782115061829435720097037787
549973467468189896108561821845
550018581925807157856015989640
550210364360692220262324118123
550238072666282533208474930706
550240831502033167201575609442
550257321872274377396518821562
550292791152220364288591568770
550327131586707962928814800529
550360074810668317661445889682
550488880017768142777257796929
550545873813070755509434914656
550596106184412871612637283196
550607113048500737010124307353
550608087000552369628492860918
550800256974357897887836171621
550862102160781343752783433455
550954077787449920440870397481
551033391469113190525171706217
551164608151638845756402633510
551179345187798243944919874477
551343716240105255348380468572
551508145795469685283143664753
551649252227620749332768348937
551781006535014229723165647625
551842715650630969325561873839
551852185964903413829052946620
551868444580069260088030542911
552026076763154608931450667882
552144455721327653510874683297
552363659621016249211874062684
552382448073475390276061686850
552573364070979856755796710382
552697105061192296349471298931
552744650703392046553805535204
553032041139488018965585305756
553084071993222566927507169833
553181032402422732921087751001
553377516938924007953414061482
553388818682300096234821276771
553548773491063274171650988590
553595547805458574859894767918
553718406675923397282675301986
553867357719971000505491350217
553939972453136774176062763724
554080863500745831597051296256
554192592115279714666888662943
554410684142010229682640573141
554423187760284430115081118879
554521281964430377338351827887
554601308841023329410874033228
554774716466924078479222589669
554832371160050936995440454390
555004786714260444819882842506
555014433579179113330440209923
555051000309540619894282148308
555072104521872456798788554598
555105374376901055711884907517
555136564923570501335897313652
555154575987369408430095842738
555274662004586912696716484483
555467362675575771257430093586
555475645643428633003565240410
555521563908085124705666854996
555628181625640085764089162144
555699234442355605501535905796
555727728296693011673510572616
555754117680193441636200371857
555763307794298444993405548221
555769462032416842840027346914
555805515578482761123786272245
555975617441895153483184963055
556110657121689285104908639696
556137633726422571908214882435
556264044904936459023993086554
556354945049853657646827911582
556496702648818010138381758413
556497025470668994771821410200
556564102333497067037022640278
556789422625043170368894013154
556816996936437902942803443336
556932299272166565006451953152
557135417562258189677927381842
557152860545672079316816311842
557197069732701836025242810891
557202680627178076887067922391
557231821044733543017061457379
557268789441422512848502610734
557356740210364857581255609018
557450781237557635764622959390
557540476860271229538842553133
557557592244850301050481683673
557559184559899299205671807419
557737608691578233189314610237
557760071875044265489888622971
557892512537981654788879086212
557916427085730462103650443261
557949390616023955734821927630
558069266940537767733634571300
558125586898060867553743735131
558139408151610793803951026104
558153602298552229950165307352
558404424391863355805372300502
558502425735196689149014911477
558567865176088382742590835470
558652095104019008538813138604
558764108928604552847928185521
558785627762425228834729185491
558952896670876528430938217466
559160091141096337067788899742
559350139294965788092729975126
559359361174941762893569550968
559363773319157230336044578179
559410982114005705982048431763
559511424435922308240653003137
559829205574872725028302900175
559916308380874728449037123172
559941017985151900346676634005
560031384897175568518660898176
560065356470970927972303815008
560071371594489003048084173098
560142325414621166099370035066
560239370046430951251677676072
560250259396562635200247887185
560444865811616001569613306135
560484329619251550613865912070
560496551183993923347061236371
560617066148585876444673013388
560883118020002638736811570223
561637660805417763511025082404
561671104922922705321242758250
561922222560193353756235113483
561987428798406651393109429296
562113612833338491976772159215
562163795046467732078986137276
562305146470023651471726430169
562359941005558064824626380084
562375057257181075297213395055
562454957773562874157185992760
562655248790090778096837529042
562735359221691513280866499103
562769041221051543132534848098
562994042176631212631863287915
562995281301195131284972093389
563527880656418111257900791642
563661649822309463279189961032
563696655138640420279019037086
563720565286046462722875957851
563921142257881760383670345999
564176389991739629204766568106
564346125842672701441729456918
564444166072276135005534065177
564476550870308344006065576384
564510790954526431341717732211
564571015202375620186028768374
564572940368234111213613641183
564650292684489296900337753046
564662963431430146089439878488
564722661722134625811797687605
564739180535974248266125673065
565158857490369573266928656240
565233840598614551830083869460
565291062601567690088939506692
565298756840477544683094119631
565912893625172535791517276285
566255770125841406858710916635
566283792621616761903508999313
566466142770266883269558046254
566515192507744094763747551231
566566274763207808330236045456
566587951174003015373715562850
566659446807847810527479217734
566738691956375599473791852355
566791752896048755439010184808
566799886404769175511474277170
566826614727372393012150624746
567036699286309758184495070328
567075564391049378837529630819
567134235799944743687089526316
567210272896830139688582185192
567255215392692243028479741915
567345482613099459365976046866
567364692579232588603324319953
567384031033180757212592747648
567475326830581212846225096852
567485835768910135219611299167
567579577110803347824290036989
567697008781080219909392988927
567892602956360604703804255463
567894297498790689694076055026
567944470113959162874346541854
567998511857985014116049297877
568096618961984474224017089322
568158480820815378536095582411
568574810889599298865164235851
568778239784383700686182641822
568874293288980850276550302478
568886816947678452961159385913
568968855451341449635251273306
569145441862333607405187224149
569181376236145982644877215741
569250096797226197656843917374
569261987444512145897859367410
569276128776248596717141911187
569364141522078438044741462516
569427786240012082296970267086
569741867875921177907637281525
569815693878967116044295435722
569951979096028938775473412988
570018683022193227363230981137
570269636984275010835434550750
570337211929432030636646120990
570361161808239264496226916386
570371293723469456699228133214
570492273421670533534170900125
570495957028588198931199729390
570669746481120663856008605508
570719292064128414186580201822
570748548048383311126197291384
570994068928225001798841672213
571057956024282728485896428616
571392119149188426658332976359
571520791279888881848683262713
571659388073866442178945798646
571699776118544865003472903173
571834852632150170707075817381
571841692421128031528209418532
572242071608035227200031847822
572342602857674683892704106935
572627088026504743949169565205
572668373549039123720588455530
572718081958858063406089555204
572726891426563388717262320985
572887513985784514061304989082
572984295729889726937625261339
573119426086470401384170181675
573148296678931886404044176657
573161509527680363369187668739
573236793192668148945140435885
573281882679850819311223565831
573367723720361478012466828956
573423701349064747048180320231
573434348855685268175566835000
573554564866343288422474413247
573947302307637628423666406561
573983093465595664131931525547
574105315897480951486817889235
574331196805941263220136902287
574589547513530177850077631819
574662341221074334633447099107
574770783280436761434488747978
574962730236524388457115096179
575021347841909058159869020360
575109771090267713516223635726
575153243841544022285085259830
575161080914511113158941115238
575187263271367050763886734049
575255254579893099822204891037
575425556671347999348911834178
575430416471078539134557632325
575496071677437886562511972042
575545744395243674332976436212
575711318691530915824820321478
575817692624829272862084664272
575922034641711200165800175103
575934870243015006501282839918
575942256149368448318764482870
575996020282590778149482184806
576011561873269774980901616073
576059680496222954223513309205
576279737455647205773265102960
576327084194221675367470489355
576363928416829117207119732019
576370296717828801088344744065
576415149762096458233114998751
576510743464373107704306803898
576522034702552159697691718641
576534626359024067596093949858
576558567211515143785060427953
576590413929492564675595189459
576716394148880102775002029095
576768366682246470332167718460
576934829221407970453370959529
576949624211996842117653662426
577124069375620708331245017387
577212361158902020348766439608
577223526344000507896979685704
577408662766724858391604221835
577517258455747831845541677419
577622295493428239475417966939
577635601644488626203426972555
577669853641502205717608608619
577727280617377207665309887828
577763488900486348575013167603
577934904507658611697416181522
577960264289922829377366218797
578111162513559278687472748038
578126539828409462004196416420
578151625892871698883458193980
578170844421592385316349124715
578188607924562314727536800496
578328975033821351587902624522
578361804437707456568342509701
578505685144948444477547989270
578571942473355539412929796385
578605725895065219860348107738
578693003338271022889719285765
578710553900299018168806895933
578760225013792763753766394473
578905792327692979409662867278
579057642672348210601710906633
579143859240279888437732861119
579348225872908882555087346001
579631352433073354221490199358
579710360463108120432195140381
579711338820378275112755865292
579778645086152866586996186232
579890526854326236503471272918
579964257965604248657570652227
579977053226408310001544039360
580175213992542102502465976519
580259519409765690646040199910
580265501542514131459819447144
580462742208255864684746228393
580624179872604973487429855596
580665599955823719593562666988
580666714730107895648609783672
580974472012571099582363623429
581375552446812735444150255662
581581750912018358601183625350
581631408392194450881626631180
581977226150920586233747338217
582025899690091509780177371083
582199669816008761356185374949
582334588044539787003869610289
582471992237298809685754573282
582578781149272957339282377380
582733324355571972804099331695
582997013514670895138172594295
583056323937958992016949194618
583071231102061657831152947038
583249801575933934334935819456
583421931027216695103867790857
583724089364483092691297960214
583785118378544243106001225959
583895083420812190658025725452
583940812953788611350905928972
584018476255886026150705029851
584044940787388116889268631951
584048946492926098585214501497
584120088319370397136412923861
584351350134201640313004661892
584371722656812046714287112290
584388554164713058910239239901
584480378142151153117518556605
584509948386661110751670141583
584635127126405023731979343761
584830077875238255285573012276
584884825690598069125141612566
585153585384281909182995888917
585218651438252273194308604789
585224592332437573532881975253
585380995981232362605300851480
585410816373398149463563828275
585476705599452314454219122448
585634837729044247973691564710
585666074810855467972409970907
585845179304304129486989592890
585887506731539088635658628598
585961076625531331162586516943
586037321696571534246864794597
586065923525200206171400443591
586485901599616045763851955473
586609186296480063472040492208
586661961542416209863121265583
586675526988153816366627817542
586691298876176387556958970165
586864968045291871851775888233
586872849808799040849178671630
586882796544548152734492588494
586998557152763842074552464244
587301115491886579223513858401
587314593372797532050816878157
587480090324329365790234407488
587698102428172100277943523688
588065867362806463135124569344
588074002712245405276552089483
588636044955491138200236296112
588760453222707068932807554340
589016448186085179823405790793
589081019087580190805395704940
589271687913222284221785168592
589342381669681724320963887251
589660533589759236022676524022
589690047137187688406269585009
589698023069429387725111325056
589904571163527784505873669765
589914040418434243990325756046
589921083272657088353829119616
589962945407303529678465290793
589986884995584331995233349339
590132011028223298381660110157
590241295993876188120001224320
590318483807145618249988989884
590342480960545212348032912746
590520539056793244846512227371
590663266360972361346776633450
590726230445531090884301152031
590785015228316689464677827622
590796518117636351074632760641
590962388493932152481412694302
590986554342572035566542373097
591099858185515308935993969261
591223389746761785164772429479
591226512480855379592616883968
591721809195723888069424308480
591942256363424175424789597404
591970917449470621947973790724
591973867632206337007333700561
592130099135560323706118666743
592134394023317452954611394635
592159202889967665672253117362
592227973916307616880464049657
592271424357047922546613073069
592283141264362626593345780983
592406725305180656625659952379
592523826612203339226693655943
592537949844379468237674838947
592689129319133094637289460719
592696099710979418202778708187
592965617184007067058079780197
592965879932402021627510636626
592993554863543691159207416744
593012360515000099444425451908
593214568418415638299589932319
593222449758563471070668078110
593242005101164410052122557401
593260811137313916449243184773
593458794332142211884872046390
593637470936368932585715227817
594040964402830776255431577139
594210533593947251567062647099
594367086899641030478575499328
594560486552185961186139079682
594694331821656356226116242405
595037410316566650212189361214
595149802375562030638205607838
595163499235403514766340359999
595272832774861668524813909900
595294974055725830527375763674
595324622498377151890320109123
595787749364243228777242238613
595800828824408076781613710453
595807419097807801485360459151
595948955898229701301101158981
596033639611195643977768113967
596140348315926435729441685294
596222577526425068544470141575
596233236488625145979569688033
596240688495930926730095717370
596319848609612046879724438260
596350641631121036688548711114
596499386360535401584767558192
596931527943019366924736614092
596979160840717230222569293598
597096739789084626378510471717
597147443969545549978872447586
597165945146950232713594297840
597411852727580012004045419127
597865794618125402032720448430
598102117142107292140534675274
598142753910975523153410336299
598293368781393997146490399223
598356122661650290901047291729
598506719114645433690784162802
598647052397747931616145381037
598664399446223865461627931555
598817338718477815613327608453
598888117780898331175180133068
599047919100054187351105200822
599100322880547221313131656899
599116776709260529108687586510
599239570615079939616588497077
599270841783906998950918949224
599277846503158843973366774094
599306330496258146814741771684
599309543131836221196412814346
599430409299762929431453652406
599479689494431315822551651230
599724378651711133553853646992
599826602338667954001772739181
600300424342950624183744224793
600331644708430867132257636963
600363628785605677237846501097
600434610109873341569236941440
600455576841969704454854506457
600760989016530699333969327774
600821975240572785547092291553
600939602467597152291475717790
601112503117335369007251327372
601114906844135848177917355642
601255335094237735705381555151
601345755983588488887978349242
601956829498141931201142771303
601966002201816120690104281679
601987721429736032971612213054
602150134225852016384454941748
602237071574459761122895595750
602257509496199748540448242830
602264432545299844770408526845
602284353947127781897448574412
602408342937258960349295985936
602431827827589975638958738882
602504384584513491937809817553
602830711415138492555123632884
602981678492475266536438083952
603048048126658899180607713351
603057527058057352762700057440
603098851960823557640306648722
603266641575768972426281255258
603293916131427306731535590986
603313096106403758688365863486
603351645933432482617415410612
603563397286976921706596170020
603609515107563296000980840567
603717759131793086404150502155
603800335283072750610991402100
603807965077506389609685073485
603820774841856640008706901305
603983910957289158724428767046
603989596099687949902317641358
604047470384388210745904691218
604529906397856934428856242646
604586812826701325257467076506
604614675230777029303583395100
604741769703740177411791050505
604783123228146439977022761439
604839956705136386136924535480
604926418277988848583616207591
604933398968840871313942713385
605034452663778872202576084967
605103368061442786265606702074
605173318096860157139890497195
605209773102528621542565629781
605423130767444052351378825009
605516927706213342041241427711
605769131432614486780744619123
605836923963036405605406120974
605843217108284524986929014725
606105483988609412074833451810
606149394902195135649325871357
606173495298001932275705377614
606179463977336437582886349590
606184554200276270456413824302
606275757383955792092031381828
606288413189114029767533280617
606344817040261085760613129349
606443735895366588649291220023
606509807690088298443642102757
606769937309380358252296482303
606858299565050110344041034598
606866106850704330301569283666
607015785868185451167641576865
607142739459092507172086406593
607174135221555375169093856589
607363240101393692102446837027
607437408332585744050259179340
607444504380813910245612327947
607489578342341960951840153328
607555910228720800734051011147
607742703357706384429680866070
607783294740291253235445496156
608014242609191754947565022706
608240806882131893604185456267
608425430063767211439044496029
608458780332557507053042270647
608517228980835009977967569564
608847164332353925040917107517
608880262555432861572728877062
608960152335229883095775343827
609016057729471008841527412263
609047202949956174669178977756
609228193288156534861503071103
609291948132843002363182551027
609351644763289817768563104563
609555829090768907712880818317
609590762294823167768400749419
609620772016462216429834013604
609627623401491333258822082256
609639916037463478118349942024
609669141640807873623154173961
609890216229918917601060498419
610126670611913903007229158787
610128544290941747239929147032
610343084408784764064357759877
610475744610653506005603483897
610587810149329344701943610764
610782759827991170168610496596
610847149907637903642377741600
611088666741167428221289652497
611149217403827253988481218075
611212643706676363408499433518
611255748520348105416990929812
611288643589324953169880052884
611308849554319443193102904556
611337786114815244764394342471
611591906434050855296144940596
611670955003710022198269197791
611904599456635731294555075337
612003317323984835266376960650
612225973636794049697020714204
612528626899934052458051672551
612628140889948503528628202416
612645359315646057361676201564
612789288186760978375494061785
612855806500856308823342309190
612890980366437861662888740629
612942535124046192733854849939
613052727402889832242157924890
613056665889863730895495699521
613327434708021433010687626426
613396219463592195494683062120
613465375227903404289076835462
613737037147211016389469681177
613754327653007972774498445802
613793735894104061310635566940
613858955878350715722269377337
613960512555728173093164549241
613965864445450974413889332200
613994419375710005921350025335
614054813804845552388586199834
614350045924328522032183447543
614365036018327528362223409275
614433723287272100215593659135
614434497947799041983136768522
614537515683976999677378343281
614570370747354028542556470462
614812671370745757548685750756
614859435846786179177384529867
615027953267079528835846594252
615057730200821279343413370503
615084011369741814208664876409
615232256396846581766611637894
615294503005205281000789297189
615318796610581121176444727293
615341302840301423129558349483
615485857270908192853391669670
615572544119473893654116081940
615596947277670242982702746003
615629195010650711621509736476
615829544836467310643246024061
615894618888049777189570179101
615923973384157739855229090843
615956393909584547839718240294
616109570292741869353681770378
616419189935652313729009544145
616590001464971001063726622740
616615353911924377723177100998
616953984844944283362941859777
616974539210097642854833350564
617057231934788947581456781203
617291304322949790091490743139
617404312870814845843393567126
617545509641374870046727117011
617560465473260023254435542357
617870835363485097826610458438
617879623358217169210003434291
617923872477376577464769132699
618059288554452929291494027761
618119350211700032426002648016
618235331796829065851161527305
618244195855146001531164226724
618316264562162682505083377601
618316725212189170363502072897
618346264746193706887027449680
618477504787611230399459914076
618585603598164296318986345144
618667554277109360673830117974
618789789431602072444497091674
618875520231704566175773315338
618911955285711624407532427218
618927162487258162737045103010
619075296071501702227819087088
619089102172192829882910181969
619197137581388419530761206227
619434948769890310258380450459
619478537427622543865518257936
619525510291440589465347246094
619526721667882646616437796097
619550768041493648951590760915
619552648883127325550911341834
619734809992928253345295202400
619941544378390823850048899770
620074881413807201349099895336
620118212116372673944156262330
620148877869232725418866749750
620269516614223583134183021133
620409786070751853980730769698
620562773805050277154027119585
620609983642500723356607341453
620873888224628938251282909105
621070215920118598740767391592
621125151816825323444083772749
621194015830479860320056916831
621270693964294584322943255366
621302449901406198071364250202
621307483558870000570976456982
621321719301152358711660560214
621348496123860989505857193001
621358457832694634145040847532
621782462477329299916546906079
621927197142287277987130316985
622072156221768387149555348766
622073478144135969688596295755
622105432504461220943248208359
622142657846468419174704404534
622228847865622217753131410355
622421772213034120627476568766
622475726886130873298986096305
622487574567928670277020052061
622611986313751825803982818899
622661878536677562635164101330
622866376485640396616599749566
622928751355117608789953987121
622931257060329099142241863124
623144035432302144435911868560
623202523630868698498847817765
623302763147692720218640475569
623394264914736308788124233507
623461447658955311487254386022
623583474851463759177481578999
623658608332033253840391601415
623671916115163087050779403970
623701375430211582223952119572
623757510492923695984250425391
623953888839263698737981981399
624032749075114407712365518278
624141180278614640961772215427
624361335540835980801301300055
624425605449544911787655302372
624472554523679850543849373796
624479166579182783123813260595
625047747842064646318658881587
625065539227012727258334058690
625262592935387807120350654356
625277535963272019425681172582
625460023316067571069338816915
625737618651521287852762805794
625834030191556738855768926158
625940264761899889004396082239
626162386521904516153686562152
626609542478368023366928921875
626638555780090378825727080220
626808240953533651563338997405
627032669706452783657024413792
627102089794127077508691448875
627194436545580523443330944760
627240192357979217523158166029
627637545850594132473258224858
627834970192052247429825416699
627935015295957975462449746834
628011512759010965782124315643
628089350439378901805583893916
628096830545091241866915280930
628110319456462975444867324820
628331566422340393622356999765
628375024698429987488088988472
628449365471360420358144127123
628558975981230083243949903038
628596886067827369901301995081
628656905324670211693025739289
628670732287580720215883036444
628711726906436881321247386083
628766298861019475798284704844
628827511999759339148951539763
628832203944868396503250441291
629084634484297348700730121761
629305054905979017902381360998
629401497787436003043463312497
629578455529202738404984798946
629864409009558965278136962166
629897763646238811989430803623
629957035124710639921437784368
630137078682054471811216309375
630334344833017046789804696142
630337049986144019565559445531
630337814911979821255147679176
630672856988633375738125150715
630686734906313743417620100203
631050634052021749336703353254
631082965057521161118679789335
631106895673352964546797638921
631138372103681026219043110688
631235330815313008956621573882
631302009276082011313183614711
631429066683026400478482497946
631434132586226954938938662107
631474582411038150145134876517
631489080066958801319428877420
631537798331429021032531602317
631753308552437482459136801986
631861651146447730494867754017
631879371300149529976903755175
631953842602708935771387584569
632110339683028622571365469440
632359645609985388206004974756
632537473645348842621951784899
632743909281792797200572651571
632888204635777926418548564472
632960441626433061831428394027
633177015985952701675632929037
633330289081382362800949039223
633537511291593113243620686189
633602898720433448054502789836
633823821163647603038223094206
633836547411504650105627646823
633992532620973182950507599368
634487523784342944428681225273
634489987527796836681815164249
634492801098651663694987706940
634588694255774512008825799960
634857648470217703738278071025
634890451261574619927148074847
634907076503630201570166894355
635013923161249174957837282270
635148431729313989351730931638
635293050859462353818517356395
635457906349816775776937218201
635654785007487164544003346652
635680900623039102186270145948
636029018724099138460318703075
636140705793779603822983010820
636166151642957469950257601260
636200514470132258979941539726
636254225069801324021857449908
636311829191961968172344138486
636314840437450742493262626724
636389437497420661241256002608
636407298085808098666257954844
636479947484046362125276483113
636732580394125627229257276910
636732665831836125238398087655
636911056837630379792428288278
636992989157703913092070769211
637214214127782089897684107083
637329419340435367869291166970
637336296260185394614948355633
637420208095762594017289530762
637470225399868958587321480026
637559941446644141124944447574
637573389326645581827027529126
637622215351662983555906278465
637688248321217749365686905064
637789592448364162511594439626
637891703281921001754155745575
637952649933566841198680300295
637994351070270364095589167755
638126620100955524804615777431
638202579226669891782084933551
638402608823469860472855302812
638455882303158318420691997501
638548812398758553804600527601
638605298377839354048085278408
638720881583163574502904303853
638824808223766724427874193937
638894388441428037632000619953
639046811424818663202409990181
639090355695603252876105938486
639093682641330077028206433463
639160574646413907249816795872
639231058311282561062276513917
639391085578429116690613018373
639717200470601534118681879131
639767924396517101374140932342
639903186719504693308171780775
640194725991993841509723254293
640201328344838317116240608071
640284279991472325430346178997
640307515029438796980707054684
640315458754759966930327410104
640674589354574893921029294674
640694566345860749940587750762
640735137317148878579757140018
640912173094077430109719062107
641006344684368613295216427327
641087361091672710158254537234
641136892283258212970934173697
641344620577286352479377166215
641390260977110892067703869333
641471604024588084587108837738
642082750770909569255455902314
642086598787727288146100257717
642180422303741515090510748195
642186579083126277041523656185
642213184418027892892567737968
642267698224671651403289409273
642561182442313661529821724443
642567422587803055048591615243
642603663487731629730463465685
642728502594233440286151611584
642769102366484143583936489581
642866378465048338290251491139
642937385237679253307516086862
643075876093988295636718865124
643270005312376550034275581006
643475784079885086383075574166
643646282830089239748158371930
643682799676678898878060850800
643703575759493900739014773749
643814946155745491466126641499
643825711233471533095989928823
643843521557425340729448541240
643906837294765973026500585152
644226504050455394150092591749
644259686030838074077300569537
644276905644129997589068116515
644390520358564611740930519803
644635763121894368730296359546
644830615745623030041100591834
644946644610901086818002540939
645037937931046464772914510945
645133093987730199177676921156
645189814319300592900256879701
645687925652667465228547936982
645799464641207355777210756383
646003168743102705149606231358
646049884938399146397660974918
646061196026293961002872769893
646149317088977840734322739703
646345575456905886298220189809
647005076598381841603012352642
647017187837492671029649787968
647188241799796022742492708768
647191833768458566702351963780
647327956025001083904632044879
647767323917892692972363195393
647844192674508871277080785659
647913693859284249127673379944
648057541767453451947124081186
648186429312021703103464278649
648465238914967603427677646508
648727603182898940975852208900
648882162893707467653724466636
648926452069050714237002122872
648976899490812906700339374726
649024793841109367381740592184
649358908971835712530526741499
649499390337111208519145202181
649537655227712686685157342598
649912117346204493061982462198
649972547303321359841219255709
650026887394794201511089130930
650043819824618474841161530984
650147146977953092636865782433
650666081830291577585923308348
650778084027525354141940763714
651107062880632209446557361549
651223719751683607930840690679
651274406366456515557120281806
651300677788500532466888931184
651302632837372175049396907391
651357538072717233259871681393
651504916409836239702585532260
651510742995715289807677360221
651525969590269818217052621355
651683931147714938537932534220
651757705609483424623401854846
651843595783896484695298214705
651958734675945065456799594778
652094755151332670100197385598
652125943929657647213802438883
652191173692194842747347178720
652207925548827783213258639674
652275264032932348828700216140
652329674715401215108088475161
652552730598539965165184266294
652912139238418084049387565277
652917483768428570971906132651
653057549802882830947389562399
653064084065250514084208050438
653162566883729374730828937869
653262739456962397778276623102
653365393043606293347376245831
653574213159940967807998062081
653584224068581359369101694227
653710983899728062056100837672
653859852976907590663833488893
653898386829418300395195094899
653972250508088795861026622149
654019886981924305856724618079
654020682686573674124205935644
654100881277949354751011317470
654193222710767246380135793978
654244346690836980519602703227
654275100807710433438255667309
654341865426133419784570635512
654660596223233777635472383260
654696093401939667919612017276
654779634961820569967763345041
654809436634201475667683537789
654878290266006997943489791117
654915635560567125769896749033
655088943150967812062179596061
655215872842534757594230708788
655321566668190995578776971644
655370579762557504924485854017
655547062010181191735202671007
655771410846049206603973969983
655887384274614752805221423268
656111401182721211276226983406
656175917187314853558062800769
656255792096426043243588818194
656319030329927439297203376049
656325342998058794200761593804
656414507839576563153725629071
656612477876468403159382970351
656683523875298964412970006158
657052817276200713172298036265
657133775967636368910129628527
657156686819115543562339422357
657176226176773974323181481723
657246964574033327424450660549
657293344653727660004805252333
657391958308242233952374599248
657681391081213842473873583268
657768888821619589206251355807
657926617193938711146534785603
658039310581741663686546995529
658208748479208560739679520813
658554874296839788498580700887
658704217521937994721868841132
658754618196930257626519754556
658896163060575581166801444593
658901924272060725058298951386
658971923974212317175820283918
659045034165550897909241314075
659067107212569542240138308218
659196038462768720162275336194
659336888304324875523583587995
659362099726613789970515518469
659505611717456892307512529846
659708566843907275869334263931
659755435880610436474482173639
659893868426208049453806644193
659900583814938384208456796482
660248685568886288152615575201
660333536476389850703278054932
660442589225416642783398816468
660516746668296482459231557857
660798829313565454297234138099
660892603556819071648976267304
661072258054632491487850288139
661149165906761225923493823126
661188104370849336181136189594
661249300444830621112141408559
661270805743332475508755635233
661355753104686932671004895475
661361542079498379252927019123
661418508496757408072614191716
661468911545524451920376716168
661478343957491177726138002671
661515983526878642390342103399
661706342728051188047347095391
661793687978758620925040006482
661817507492883970118440471223
661944279344882665794517473397
662003289248047406265027403319
662047818468922865774690668085
662127507924220176254783793286
662298135218361956045409833434
662800202837705416150637215805
662887361593557474493857655729
662900284162331586074251970814
663130217068231044622860097665
663425332509893454709760031527
663456096176020795597611217170
663463478510041082190623838762
663652835968154531134038026627
663690774380591634245611816861
663760194991084510721206641069
663767246397239787756719427863
663783605749973164639417503492
663883212852405294694844793286
663958759492692469763471017033
664233866919711086414317572663
664486189210109927303868135635
664515498415615668585098399865
664582359053894261806870733002
664587734562350469828722477821
664647889808861480696364989750
664788181092836863265253750233
664805100366144546047243224526
664806827594775694030251908091
664812490421089308923846864065
664989857489384133451306844188
665118130968774900711748335413
665162542430684989775183415657
665415148457225040973655340477
665416971595188228295350013986
665640907437243302965425602380
665658469005530590115673251752
665671683158881260777089059887
665691419180922431371633841749
665701038528049213249732631138
665949254425307515530384635672
665979107200808784484811977239
665999155899009837197283625976
666212113667705337132100263396
666271361170802249391512462042
666608136221310157233737814548
666863750493830917048649115777
666939483734732771320044641067
667040985227902424859767810384
667309579692076643236577510634
667539393382617647962599416399
667571269463666284530394152256
667591002695865583863743142144
667686090295327417368489578776
667779420691587192890915153708
668171232649830365972312204294
668389177550995553608064091444
668420472449875961101919564229
668532780168140384724472294168
668545420593275133687501898823
668572014090217255439302512390
668691970134774382704177290636
668744120755561828825877420775
668880590404983308764154279258
668916497213665131954180553581
668942864310912522381412235320
669013643658664146065535941322
669039561312911635013585690177
669054880607818477470222847021
669069071964036114047403601856
669283629579207490221873816415
669347329617312753205885693801
669403565465698772281967641433
669453187057460599368154756373
669516388937349868389844880268
669636091046936755601722836138
669707758480884130174676204319
669789620085868287637342948172
669822630168195487839733395106
669947305301478366164786145207
670163561026225805789921459531
670287113549012525942307474399
670361549892271096600739846209
670667407216495561602730671477
670942270074748488843121139349
670949993739141416385719261340
670994863050005860982598239929
671051568588536124177493347087
671138420038617753412964956113
671171788207559806808488581722
671203779877827317581407074223
671728253268420580623051230974
671810955060703428942807381875
672084763564867158639242853667
672092866389799429183962180084
672448024161106281807218361125
672449855157593996176991178189
672462423563105153882211395743
672494049175461427102695717372
672519108578080486145770248937
672544207230493754644008209294
672565040225401685123920326435
672586280160632217577348347092
672635574111721015636247056445
672636427494900252033303050216
672799448699924628268929798633
672873666237759973917526937687
673216427159008700423355952093
673387916482766956360770631069
673520499561147417477393997341
673733386630304507681207318601
673807551846175951929737493491
673814345134688729533310670836
673839330928683782348587411463
673855171360874941405839792193
673915648245279446253340715761
673975812249578382695977754031
674009635405076537390700070483
674146146258670367938534027332
674295034264175925010769343064
674407972690201920592981219958
674475863947152250003280571284
674672706598062377163085344417
674821094540806703311797274087
674857945221143087212907215461
675195879330040986773626232686
675221208833331261143092138572
675239066364731576411331444920
675312562139689405033573430246
675538895989655821221518940724
675597364255482316438558748835
675821709988387389937083173088
676109093308890377190141188130
676179717279994111870372387966
676228203061773409458027222220
676409686107233022869740144082
676425197318070535095226887319
676597054214604931039260358282
676782847470312031575457429201
676905988655329915956962787337
676952002335814130164008335179
676979875668162105121362650355
677062406351467453096120506919
677106554332544991035720119499
677115330425764860351044364182
677200104961723364257635750464
677273893077755938947487984272
677313145874110536720404396210
677456726666838852030067211040
677545382115281975459192118454
677567453905155184450625773159
677573709775725382822446931314
677693218497025786245187242071
677746575541133857281242911201
677772895408687415304711878920
677824700985395620243821643484
677872971560149262257422897673
677966134957771417791058757612
678212580912897107304673958713
678261379076890472531039442193
678276355301367638195606542974
678395355315545341840069390438
678478502312971183724860688035
678515256144229567637816917091
678564122170757754741994293225
678773094558430708881381748010
678832110790184410955260588852
678849652223610627269666678820
678940162974489429969731272965
679075356081924229969907578939
679162077793057675536349360526
679197083543147147142561337815
679369286374382698269116652027
679550186878844629178795358392
679568620987728185161008995127
679863080670317275401168516518
679927882563701849679524733754
679941268320636031079347187449
680005748547665874173335828281
680083443800057145766147194843
680138807299481124865413268055
680317599247714136813561207098
680372219109871313388417612812
680417384350828239864610774676
680425545967007480843530171917
680605182840146971839879983326
680610463248495171869487909055
680691130311583867006718199192
680742139716170867488685170047
680868242570551038869534945044
681025612032627984218635185869
681037403613549748633629678362
681432729669217264250510179666
681623412496408842611299832548
681677318733278399603638765868
681778790028633273043244984329
681865048333007345267809431163
681881586813383312822772090898
681898052487921534998855494324
681952494290501342193802509890
681993423012081991518522253825
682097581843348621956099029212
682338293789984385935258010682
682468909154058085382269234208
682529405560491279914955709630
682967738028558953927956374365
683042131603133573432023845107
683180584731884293930665148831
683215315266624175651717943580
683491545768962879507581803911
683681788584142541504693826406
683688998788605582906657659167
683954139542229365318390632668
683963353900095746826468466235
683963612077684560503427685822
684158219354463430625003336832
684236919610204669052762654154
684350069723220187763967730113
684394683493685449183419230174
684414984340424838134595946444
684478573841172353039463519606
684656743134455819211307957548
684717472830697427291749592472
684792900115084689863156033745
684840504208460215428653706343
685499084552141789278914601584
685558187353597441236841611598
685602131836184323238323123123
685694895282240406080081976312
685867154213635561817888521939
685992541318225828935956438860
686052260614694477987769698236
686065625698122446725748743990
686078033912048444465238905627
686105135189411825238157198694
686122494894653744438835026119
686150530400920596571005261377
686195924859022647580592304599
686338477011826208238345879062
686379459279430777129082813899
686415514357643420432653162142
686438345812671220772985489173
686478422836175483347540809074
686617688752888936860414120316
686625155970627787743849329847
686730074718994310206412322742
686850063491635003033989121048
686898945526756665278668577984
687031513075800435082121551659
687079704054222988871956620847
687131812293534451857870507632
687195067926027753036008781893
687381135767359801299689634739
687421841673812321672125021336
687441393837212466665389025201
687571992100201681137862248409
687618730977964443298397342575
687723843001644536584371470159
687755388395435575800501983721
687788131969903178864039449868
687826055036149940652156040240
687977327632707776870011628910
688003643413641543124389036110
688075327909635950267410907087
688180373921619247091734158947
688316999894438890538991128484
688695852354574237852646003595
689059236192336406549114312377
689191039466957474018711687728
689369139846857031381195066353
689425943784487264412286422711
689429809197109911890647606059
689444486208191132031071720788
689458338609626826618056449008
689628031672998093456934018525
689717035701712501543249507082
689744095813995848663665888767
689798431005821003838660800799
689814892946383396644570782519
689823929735345982098160875822
689855719002140716337920781596
689971029085921144242530724025
689976818047303428005724943743
690081287727794474899459727907
690083562976462149336104883611
690163951184769110142406360614
690176855599362121924907476067
690205002702279617311918150574
690214556975136285417855504063
690329187604340887322092891507
690575808656159856184156598467
690657574602430417231476758856
690714907010761208507607826360
690783118006136515427918573860
690876732091326375249310554243
690923540500272748345142850555
691235496932915294279778993472
691238599097733789027324259638
691247591876864505621714425215
691360018470376588964075309097
691435092337740042033499214669
691461815689685315915280572001
691700348217624743016324594028
691713643734112355772780087366
691713814609226050976295037960
691890501776607041459725650638
691891493916642801232757719026
691991592207922247495612585443
692091454879712068560220815412
692201198828653879768004206449
692333796431687631661882260345
692377375727338606249495055020
692422230762943819364304010592
692612331851101229664046930638
692716921853364738663584184564
692794522991385168582579939803
692842865476088259999503636251
692849691312335051575935062269
692909766282012677476470035986
693221098554647369534712698322
693677193432581492952055042090
693732621824481899166320940119
693769736564674386568922049891
693893487672163166477178452835
693944438691484506540436983149
694048773099255383408084089124
694137814219266898689203625015
694314991306343619567113379921
694375831779407526379995979017
694665447644351394541286553486
694673645031798135928357125174
694689432161085770438165616290
694853111800258709128770282073
694970919432092047930269761613
695010502134621943919554521326
695147939082117724311238972925
695164162872293133812850524826
695257866110930781555625157283
695276101390242023783267062953
695485931184953791505565391631
695504641232433206757629534675
695568932568899374307443658056
695764431013671296480278614499
695778085304686685949467802583
695781678215094477961509294683
695852919597378701651020639294
695884034258254954069558361415
695907254886093073596619336816
695930340047563314331096161141
695993754181537769417128198993
696179337489554910808558679051
696203455902411886485422828818
696392998083046073059856449258
696493882616894521337237121487
696655216837234320449688122705
696859706795528496081276303243
696945727605099031252055318731
697055109872624669655038918968
697144904841180867282649724521
697181518386252573752306392669
697315146641287228282072805083
697484300210928598753293937103
697643919774252572980552485648
697739885297536713211231674766
697799178465510327963380763495
697905231158741537171358721175
697932286276954457510591018667
697980064663322261106975383173
698197633484933558463555548543
698265590447469490739265690770
698372289044212123173666066213
698391881902130667141161697572
698399338390374216141286345407
698575263882024787696523534802
698718746397885817031466230498
698843573572886603226454309211
698944460535430632320434602277
699110144729490109414034368300
699237929622342376400140662997
699572066642723770572574203504
699591918292780230295489800143
699885979719302070657682177608
700026783743246750870636071634
700065607035743121153043903630
700069234178622553509448117458
700224711647932699881832072740
700565861232239858348620908190
700624126389715671534915827076
700710816979998592675130519700
700874775741272444209709728935
700931170308999449177918959881
700985069247946495278601878081
701043587680047806463602634004
701127905385964844688573362359
701143410457836431842974123930
701174264592536297487177208901
701329039996320193330644815312
701383790571634721538988095470
701384635295833745251870112200
701467281840600597842225932672
701524017040990390615103215819
701667244746228861185242402468
701716645081023925029548865045
701815429312175642148756193258
701881431833610913660823832318
701976569289515527661856570299
702015980983312509031529389710
702047332727574716408790880156
702173304116444533461719538181
702252970064625706279594620458
702273144339193979295390450346
702325154202124193842026137899
702341644838646624317032843619
702455186540669246462934809826
702598240777485356447784537680
702615052500866340880491786246
702699458118821006468710106721
702806325235657464515554306262
702878506508061882891455404530
702982553429221149464336361561
703025159427805053114182376498
703042354667630732162117983269
703075726461289224451985426132
703095566532346723431643734628
703190717630479193808921367093
703390281167015522640790584809
703514988262293326794957354527
703538085098475063190023922185
703564211618274539218217864460
703756546986875950239024260574
704152296123554041062651498412
704316974354566495422257217916
704379459367808462243063494555
704379898326598800625254624183
704576231514226523808774286997
704642360510918432373596053163
704645084702742397664701349942
704646623674090178229102577151
704695680174006267484760825023
704733714056929303456460368795
704807655544795378010760131786
704902824298861393461385544946
705219799642031468818509586622
705244696351365990829765822444
705278570303890109888918519929
705350127789838041676872501252
705356004297484186632058376226
705419409510459610115590931872
705459603971130178100839698541
705466613446077698621710540245
705478603297927137128528625192
705542435875008193831311916572
705755836295568354821366741494
705958999087328975144877934300
705978720380070232406148509078
706015519508237709427080096366
706034443297252523051858980728
706090347111728362670307721085
706540538008763979993632553323
706609287418999610562191671503
706691322264819300002897781343
706704295150628156071672299728
706815711692645003007255069299
706975638432187910563850618421
707020126896216542970686327962
707109087037010272008952400261
707122661619187543617704128411
707204262276115993661776498345
707396669307262833708314769600
707537832352562863421222862725
707726553370501455792958649522
707741861990344999227077804128
708007407279861618279195682727
708019812955482394611760518773
708186533641042834253461128667
708242527233327055872185434024
708271211333478606999672302004
708288467457544849066262655498
708297302170560248739548363222
708357044148743869746922589142
708436358355163115597785274415
708621511829170872620587259724
708634827298538324239473559067
708654583319837244961506080560
708780862854673234321136280546
708888393718480344231381539329
708989913830749759426776577594
709185880768998699142811241094
709187057781207045195579100072
709194934785656885253165958350
709203909411889373653356519773
709205698800643997612074567668
709228718528719176028948905250
709230275222034126742382518025
709318353934861619752837998415
709454154038035071350808131428
709499755374475273603385099939
709919925315104900157566537719
710050669734532149048426687191
710132731943180570988130084351
710537666960743877208175453290
710568748712297395062191685478
710712215797959011340637139047
710770644355923970180803794204
710777119781915528983399615955
710814285311714211023327305231
710863218590910158401616157408
710866128875232828074567770936
710876288546412949338964477213
710998353759977202022664011839
711236535208900363204412991391
711415787725404727161050372084
711457061000435545690928577968
711630502269394502179105363056
711713860678911087045639267686
712107897877362604610696909909
712182109895465872286299147559
712189610534717967115546435005
712418031914756912098668097069
712530780883129698214712770490
712534445824682926505226485925
712645568176883911039185726826
712968826590167033987294647617
713154105327799778989291844626
713169670323327648820965055318
713216497210992906890171948020
713268644097341719460521316655
713387169681208058462051762396
713430770625790786408911325678
713507883090018320669761376160
713723526872236427473971279968
713903758294141640651527261498
713989860804041888958640800118
714142408267465984515681712677
714206444226893677840587008682
714218979559635369946655751653
714228888166362436765692157568
714407456103216713448286861386
714445785770430337415175228523
714463638426035083910546717969
714517130527947558526164171207
714534972940450245606576508946
714607387288832110104189620955
714620148383971528220986605508
714768147505213144479242371160
714768220425404486182529524449
715045102051930768452229101240
715196053090529205430458172683
715277495408343686129373779743
715319128958009286444310919813
715419461459266261553317567196
715527060860652134901442227569
715854745721267579922558511248
716006288087550278996496215575
716012491642643718469226369237
716092495311332498548297767090
716142690855610889428303849361
716192880489515129348245835216
716203816672451151061545927066
716218926239213043926473583049
716377550609442061709265199340
716386622522925421769018108561
716627072139021156084515383537
716662438846712546473464031518
716736858432452941823580675188
716743617375200072723731263383
716793400807187394870275407954
716868289288358728862667565817
716871438683848279450225404453
716993804600142123000274284619
717196895357333064420008306852
717205828105976945692288672648
717247025050360942208944840682
717331570729210624340113901006
717339717092795654123747604185
717396246839272747696087359674
717677157875745692838403471331
717708542874319240872746091744
717780463893897048386437733958
717827763469881231759717472219
718022661125892671021285874595
718023650802411852024774713970
718078548696309378340662945862
718130885982721619081332470987
718143112419822171216186101792
718239831263078772145239799407
718247839502263122752881883244
718291519411294506751786005012
718375202187485260474559839361
718476149092854789338546498797
718523931794224686050292507367
718615014108424818770382121245
718639896635091885648136424095
718652494099228877137335785203
718658050469715721085285465361
718757581044855166066475466954
718867732093796441067025817269
718953406923033695298168361946
719030554917723777724577886631
719043481011395556229574763947
719311011706017979456374548754
719363218927017491145165643475
719369099207782640545968732956
719401319861083170386143801809
719604635107872146306732422624
719804039584714617633901095783
719974523841008092914600699448
720000998898705042452806707470
720062656754637570621553551397
720120348388577554592772262022
720202545468676554706780426981
720212620188446096258735116295
720225460244459373910748535779
720262258682764268347573876124
720273977841200342617405181711
720315599485417986774275182096
720675267515319297228445637645
720694722250760586986382024664
720854561397006403623305882439
720862861112397348098712431749
720930954819521920244652371732
720932147309811009841901664450
720947005015477597229729665350
721198554402995596342094403988
721336429437157063528222165594
721450158322080470213805439654
721706084706326354425054413328
721728179572322342427772345621
721732642445604659386134253839
721808604437995378840845742550
721820836826096564082168884671
721863780869538310246426449570
722225323299101087664951322853
722306650787207951814277141463
722333756836276973061678979698
722371958091439104808134734400
722434960837758668522761113169
722530582685479417031600966902
722545164952756373086350389865
722570612174067614324179035694
722684824164526224595792748811
722714296138127424955070176623
722763442383862629456307961209
722780583432073037991984354587
722858011038636731804270216408
722929933822946309151417624903
722983221741263035184165945397
723093564295037399038490829928
723149611080814675323396452103
723162318290747303611854567082
723424416388189986428069482071
723473565705201477274076094695
723545139167445954774480904722
723576123404542484181824785934
723576142111798235695393449715
723577421891355729658754538707
723689069805567849674289852561
723898992822669710726320250791
724024430744588802800206510952
724033529195059349769354023446
724248234448816196604242254871
724266043220729078977973921827
724288433789596486518550220357
724541801532472242878364809417
724606436130584817743693117273
724678008182525142412822472763
724787342772713349963949191232
724833261907871583942613964591
724929777247904131712458704889
724974375561769846463178024950
725011569736287284378840665121
725096959534642483273882104380
725200075181176944687861349394
725440783171891621212200911789
725642087925651446401029784069
725771393576653263627459034440
725962379981728805701905726551
726105069684776865078270190873
726324394015228273344125396235
726491043283332031460045959697
726655923652993502353371993972
726762521744605063054999599522
726788153413419676570506918911
726856100895100656019098718863
726869414175829880370658353735
726932650390107647888411717194
727063621122264792972121192009
727073405504765026381596316133
727128311001920477750837661045
727699630015006522355069103974
727746543350345401063666373471
727915421052566647336952026205
728020957207825322399150232777
728026968467956150494282085720
728028720729065975241542655587
728102283005674228729167626230
728199347779726024235970435915
728335196731927865990477835885
728601140236618655367281605360
728891531186949759786566682971
729004226942314185369566392913
729025577041744645238712415831
729304075052373695210343873059
729451604658338558836191680493
729474549980665653042582281548
729621984748300417120783600621
729698459154878595464589750504
729746039517094034277566173876
729785723815913474053578945559
729843052953952243715439919218
729847828086459085616962585264
729858727752283670039592908561
730082095584096596156394258026
730123552949527190267492177061
730178509273852415679141483163
730374295776230429343067327226
730728923147223225329499195110
730797477024889606523113282526
731081416963440870434743139921
731289007427220564185108192559
731291749838457716142603235419
731456034614013276847169634642
731529278680745270770872576252
731734236770846552362102754798
731803115772683070168030091952
731831294595327817670961332237
731835139029873963901842156873
731873912384813685582101453253
731980682432784807177326945401
732123088364123797946771199549
732311344537140264253223844794
732499984647222058951513761959
732624675939322809516963166099
732652686728891499455412736802
732874506267993598767776430251
733043366161053033114855005475
733067777487975211742219954354
733104702859634145041856669949
733603079365030453392951888934
733665379842349129009965272092
733951476495009152061049753724
733981280985799451780230992891
734235036842810738414909577944
734332679410077204305352041280
734383948668288037272924302485
734442300733539646945991083001
734444138655067168525581083649
734679843435911597714191232164
734734739780009964900948106906
735011755492071590840988838999
735028291624021540729435984308
735137162411368546883095564475
735152229283703335162181217283
735228965979818687868456520942
735250736063813570240924743546
735345498189998608664084936998
735462871135866615214217412217
735489089344371782757912989743
735549340026787400010487190524
735614341546358873086137153375
735672368286329459100301550597
735865659810086724698542948606
735894602572379080604224195198
735982323284973592515514668674
736280860337613348335053269911
736359628906639496812296998280
736439768136256586087401062259
736463804095020686378428614190
736583350646350999437353234025
736589150422541139788374450479
736611611601760444438327739648
736621714272038903480805989075
736694527998412791164016163744
736861335652558463051852586244
737194541589569044532612535001
737277988964154507695292235095
737540206119052809235675499571
737772269002380600374169971573
737847892548700141271556947366
737888375053763069132503043570
737914371681577775634366565993
737972128324296144940980634916
737975685595682398296278794318
738085862609080409654837216307
738225765299042319583207739626
738260941773761877555621468098
738481942342206716429701386683
738549920118041160638395041588
738588017750210344670133785769
738797519482341829617496524566
738877813038608421075495266635
738996937843599202102033579466
739003120509768448230868648156
739084054256425819228668233204
739212854401562828400922481624
739291588696147330169080079514
739476688229303879165891488291
739508718163497635467890203645
739524676287101289312582515201
739575324837319154227648405849
739587029937500421042624556032
739760200345786025744230339149
739811471146682056644236458706
739873043411881755642748090906
739891794623903084162104532314
739923311045884583552548647174
739974020058379945903895115571
740041462865316609639979574243
740217021761514197959987911808
740298513115660924017459522365
740624231180372684869139843457
740722452333952658449685356177
741116840020106235414564764441
741715819893131325147176694543
741796720733891225025308544081
742105905703690930537366538821
742252537076353988323152095119
742369600058104963762346087871
742428766099616871345170197523
742438548515772971778936603514
742567369166282313884034309453
742594201283716146586128870038
742719258779922632899942307409
742739856635992305253432394528
743176706643506111415531463202
743378939262971791084998647069
743398414548149142746156472468
743403214770961959967831364641
743570431522752297158316140220
743611633547766532914637147518
743810016957646182463892130858
744025682944724446753080838021
744093839142640804615671364111
744152240781021508011866631035
744197905196900095854312618098
744212279929285284163656077902
744367779883134344792473910122
744433570144193478654835913851
744479781008903435466649525099
744522551673573270940252899907
744676584408816012339407122240
744712484518018430624589993267
744719918613761268716072135447
744839286250092658729345636148
744844702277220854369225255830
744848733176765830228666866982
744954051115439592334692312412
745144948618328196206432377058
745316216955618094688333663221
745589639508151713938531866014
745696350428457595651093887149
745849140233824784696685051067
745859720871748150860396415923
745876549905863171346388279527
745914732607424986317185851141
746019162811669463709126167058
746047932248630303265253253867
746061887977277915019723017647
746118808320494680004591875360
746143027248213389686753876437
746245499854855837530489540962
746308102482447252270952688663
746353261822133354935753087100
746456139901215303026968190812
746487436435739991723299468754
746599230691646126781850043283
746634433385586718207284126679
746803523545109851357569132086
746850184940256348468156971410
746857527135641377978560172012
746861779091533538474549060306
747252054188276157404833963504
747318550613604984903279835780
747643924067721356196398659982
747733120383794662364514360039
747840163051187820761528069564
748081319735344546136022942301
748087776186445800953971429623
748296303745515087170473247141
748672823224013375947307933773
748820829453969622089636346258
748860919048518575682261188855
748898041411124729458861208275
748979070053221263220430428051
749119382349072949149443549851
749150237652812002227188403810
749273019093222953089088010349
749339846054769871229902141550
749404506456366151367904604438
749505291975029629935706498537
749553363968710879881950105723
749655272008536381380418861731
749662266047120148355541019335
749979700420119059895221938961
750071217367028342736816553407
750081920131901205052510821973
750099689239213964993375392995
750174046894393603288210095346
750310362204699480329000025549
750653414316359450640233886313
750750950189276246202366024367
750892540927813808784637137945
750955307145229964860839763423
751198598997690452129330674259
751565182989892465588871697620
751573816942463522181645675741
751712483145486849059611269231
751880015481139580325226041624
752107199044832586019455586934
752167565461417897819881686941
752207759570631066268087985084
752234649500140816831969201409
752324114996858105204856228484
752425308351346798482893840760
752433493906656537872617777153
752531546753604849195614245119
752618588729205300273540337797
752673054793199883420037331188
752731541288888842660682988510
752804785319337788494196482794
752817817852498830815878957521
753040797432530537662942260961
753115656324192546804075768365
753138478557209259919041871240
753161171386063682504379875734
753477374303228507633373639047
753524713058118107705683883254
753544371538712748308215890188
753578211645623576197507822079
753586977361962329148345056650
753618004652421483074521546991
753890414082646661300326767981
753897079879822055861273276915
753939368918854301069794985646
753950773769854324583483081533
754107824199187714593251000357
754206942481254955308700148887
754315166136425878738592084286
754571282476794441591816541781
754572255980840392077468554906
754577557872942506606208943541
754597812979282972913248118092
754732863225285859123175298657
754886273265053910947407748940
754930120245680204282184176614
754993585413264077063387789453
755169056097678579940494956173
755255105643811304608060703929
755292329146450727787166150759
755405523361148104897077486818
755468782498492929632367180463
755566274925109094333452688646
755685149642177320391187329189
755758964787251730602205700790
756106277470704734278703860250
756110006107990591635266156022
756292127118329111470976297325
756331239681303661150658091337
756428143301862104701649280031
756495656860758150739492719776
756678606427521385887461208981
756790728640984538856754656504
756987698091157875393853055387
757465329672451741294819864720
757552468666566848058270627714
757560014727183426026085504112
757658073147971539596637824140
757720734414858700188798973503
757815220381664605977281470286
758045542914593891780227791116
758086158149539912116964227842
758188822278755892408954007936
758536868538818503142645697697
758649077936402772525903589078
758910203663580701303888284746
758923211259044402003630918810
758993073665490541334206211793
759193150693440272479914412704
759222731478686982438036369247
759246757367262572449750926098
759290459940576034679224123804
759366790883046637317150833285
759387576332112859453571945789
759749958334720005423213005751
759776937619337801261369929383
760012704822814111382373613176
760013087947769004451425937483
760021668416799173049653290433
760104549019342010685913529629
760368663118211903569236466171
760370011103088537173432559151
760415090605661662925902865669
760489888503779921651164379208
760638307989748143618653082115
760752741566051702486962274013
760796140990153290409118010278
761060023193272157965350395208
761118409367503838720268172840
761131172771713908607320718892
761207713277355764715948948028
761213927879738430355988824867
761288489654887501228914660670
761333363327550244464933873826
761403971592500273593225594734
761488787757164762459618437871
761542906529720618436577156562
761557115755262065478916716377
761635921898189201446650873965
761668474212273871645944584072
761773231703994404381786076101
761777128004812398016729423203
761788167629862656174765148789
761827418591005363160435292139
761831316525914815041568248006
761875694472711561249960508974
761956317330391198926767743969
762066236583227182735574618058
762241085863505757986228405491
762245335472580707034775068293
762322672300089320040484006198
762721315302105264828762758142
762753660778609079453805413446
762919516449302924817030423695
762919744646841886504405732532
763136939776065156710927587487
763145759422382356143009056398
763190072216652763358382027116
763539183999451090814844067262
763734863462985062327941533301
763868538855511433518591592243
764001390041849134248846269977
764078827355799251522272363589
764228471123552765997700534550
764347803267535746313065968197
764375758726147104272904359415
764408410153417615636610501756
764522534787110802865365956718
764671829873510724672654128764
764837903303019044120497967225
764858541084202873983415611349
764869980242125595779973968692
764919581207943433458831062103
765175135265818926258738873503
765236682788769859335413123258
765418040404975195824656964096
765469684904768820368320236875
765488063594782460152035487167
765560359460981040042397257275
765892847564077237366777017583
765994963948037142504850536014
766135084981098442837346244738
766179479308250577382220805451
766220637747704205671395784327
766232888718061893682677613376
766336092481289188118815873489
766453793335300193474540922761
766554865999424116282517241492
766595890851293021754299806899
766718827920383220051544895423
766941345666173965685102899978
766988724071087837934557008521
767457871936774378573190476541
767769351686393090655741934999
767919586271034367355038806807
768035375868037519541509431832
768037881049224343001656104275
768180821799146080974553184169
768380372380481248282150520284
768651216976618270357437665611
768836928370362823200616505157
768907061217382820773897550557
768982080359855330409357605503
769131464723827710665477215309
769212258496634327113297272097
769380146347917439802123920273
769518338122830300205190205165
769604200408107519406319718684
769655059671160156854382124293
769668676591170225745747558262
769671524302963015127931029659
770064541710084772179148004111
770135746418579811239112127375
770392547808930183150877421265
770432090317409004795378232682
770462976362879831252972940535
770550692553893812600624030600
770590278055574257031878923027
770687424117131219622146585838
770702357765108839840988601547
770743902922131899270467193204
770761348378841029025529101626
770916344052553617072545827020
770956642933779441206058273261
771090252058200353731790627761
771094646842571287291841626716
771169177444763496249499957211
771220506807202746738029438401
771374513133730160680246221049
771389135405334984634534456125
771393717127572785955802990375
771517448062866755457392436571
771668264301551047845263000350
771722560647996339706816425872
771761097906791568730893226527
771856852922641959252619351152
772020675358671057767686017463
772032445897019664413061583682
772046163160480656560544317894
772137676213562551575024542306
772157282151906779342227424215
772184958169869922302787535979
772342563662449339771170179180
772353921490914833005526259227
772412440497545661318148808536
772477056095012133313664634026
772601812206373581934665933512
772662084338927322710446945219
772828468089758646152724207950
772859786488420932542719449908
773341321650909261968671235498
773549662924738081666428988055
773729100194519436113617719107
774168024133308614145081099063
774539379996587992879846428615
774643074742308173207272503315
774980356416687727408342428000
775067754546494523711818686781
775113401608972312472232476461
775118985847317578709296298085
775237007850745731148904076872
775305232468910324776291413750
775443189929924050501801554853
775537990193661198792125027802
775640949667147661700448260628
775939132589597878644800569610
775995056553150321628438386288
776022534297060268077757755153
776042732486590943832143466084
776175040563433005350047609019
776217419210966118803008239436
776291125464462991653777292088
776351101536420999432512855168
776390092890538286896899650022
776440627756927524147594672396
776505893822856253337020303528
776573396569795998345102729320
776757700078712652137131566946
776807747671016755393060954995
777020775162485002609843703146
777540551084342192682703650994
777616987956683345187837157377
777773397646381380062771319238
777835675104025841092139168755
777889983691522934667408741889
777935906597598482900830696837
778018770949699791154503098223
778125278164732356090439947443
778156658443116877286921362739
778286883375173574942149858130
778358615000514572050448989385
778522375043620396855524376824
778527280357461556554051727702
778532241668005888240097064460
778715947687989252676942139021
778822659659556912309449357978
778961567698871097823268653969
779072343044070377503669902857
779395699043397543040181774962
779557251705657487495742657079
779694188426281267741914447779
779868856863205199508925961300
780022641103791585256248190749
780072262466913248713988458191
780072494990747733241459674160
780167926627759527574168316036
780184533006469294198476802267
780235184850351576036906486337
780337889810841303898660998499
780362637320224060997141004510
780457323429140995429911801505
780593666401147308501043663927
780746853631468153699029581525
780803154206352147448132210315
780873594587869327369325149459
780890069514126992216241927584
780893959031990437607685323471
780943356728249353992167057659
780993362351153222801619130641
781078197853864127592600055729
781270225178419695641495737453
781336493139356678400240230104
781383535757366098509837181964
781418576503665839873871176395
781693370558426671619180701943
781894014933875536752952597494
782076398976329589657090127732
782135109929416435730027699708
782140578678999184133961305928
782252007015285711942969845725
782336635991981481361949247119
782392734519201310226287842491
782532586885818751048336836161
782545467596636601725627580838
782651851382004799801175078316
783160314838484369419560575073
783160963845805505918693878301
783272747908511105051446507999
783407170537546246666884855036
783501888029198383136885665640
783539009442520747439031356016
783687909705886302579421955363
783699216166901666157264114467
783852523341957701233574201783
783951745768815357105439679189
783993732946647128775596807183
784050384357704139744823642728
784140914689518528480035893805
784253827447131113443283375230
784442807462647018375139749012
784460991263683859914009574336
784490085426698650162792971326
784530030273792040976623293708
784548745922152212544050655159
784578561277951377991494681935
784656906560892363934758991158
784744434691155936010649885229
784746012637033188176764435693
784749554592476870304250852050
784764015881242738243730206573
785160051087998703383032354961
785213296049649799857721588952
785238774963431119057823780825
785417288655436252456751729071
785422260798208910369947784792
785508238468898726272760157099
785511325493040503601672801499
785529898031260870739948944631
785716514661617458907450336115
785717793621168648867873195418
785722891720010966841213261337
785835606216144631277822962518
786045172732339399579345509925
786048159713116879269062754388
786108311504949954341897578594
786150159480309493774343423398
786376703076383301536042075341
786636529486912875014163717223
786705816258450167631157442996
786786094042857838833064431783
786887920460514471986833690016
786911263159285889285855024987
786921080334561811525549719169
787105838321712032811138412680
787403761607008234051250633359
787547829942817251555222469865
787581441224640628635445228261
787688701794545737057999088065
787752440995324980903597264292
787800548825218656941077927035
787922472521520653966957164535
787977173514215757223213901710
788218234051758234211348545520
788381392242134839882401074637
788839407214678159632520449543
789043408838846727116422601307
789044020536004976343274491077
789584457583238366490618575050
789655828390401020924491421228
789784839286626987321524256426
789896354724091759422904883437
789932927308199083855145245637
789965849104628662812878334775
789973898550753571702725828057
790123148402304196502642795018
790361248088581535318410903384
790406941912642470008999372772
790670853011791189373873977210
790917748430174485718893161725
790956415224588205946650283263
791049042008049993986521967270
791202132139267252152101266100
791251933519894450288913243985
791271856927515758985336351234
791407581929869201815225252064
791437260696749571738792303993
791514103375281644369583443167
791590753974240635705004257479
791608194124638111530010014567
791617506457566641086747116678
791811121931275176385238102638
792234097292911438577205162382
792246295779613072355923521422
792286368800390223511926247758
792334311002564116494206197918
792415521564472794928149802582
792454077917109514294672358878
792455355491952484823957797099
792516646095705198267922514134
792652501179890312022728974548
792947489079018447999038714835
793038536767454990564302951357
793091763361079520716092599392
793137634612245227147807584269
793339738673001941112890942652
793500724346431861127476844666
793834369296931324812764141344
793886646974004219263088244132
793890000181088892577051435182
794118810374421225927736894574
794150936549257538401590072651
794165965211655691158537826873
794442933716609860505225436915
794700196080675823727242911557
794716380564486030666029728167
795061914659562924525853709182
795149712013433241266998446144
795227115647500256336881609275
795352180717464704368206675239
795472815246528110719210384255
795515401579830736211707074675
795563405109570204026167596239
795921217897940638392670351773
796054077368206981014549883089
796168088183130475073214034965
796208520764917492098685733602
796239849324791802828045956280
796271272931161135469716144580
796318748085285323428769692003
796352240101422439990218657492
796430198095931390911134013093
796468885069977184886370832907
796607708324292870272639921024
796719230972422780026862498706
796719435207142629250447009592
796791323898421978354458091726
796942834620768585041196938414
796970304530079698798414026951
796989448640447265178447923352
797050489757949803367320957512
797057355035526834139492571190
797096658406578353320713689047
797101279358588830691686794447
797360266374972408966279704991
797434753813689534268073080795
797476382081926852412766145897
797824680120840508486754795992
797866366314772721176473356326
797941448200747236511728102619
797977914883323406078501320931
798127599609216920170002612168
798589198266415161459271166655
798625129048256245647505531258
798630064844434794675980912328
798669252497490947589956076908
798952375952230186063865919351
798969070635269248066075308328
799036488491082781892806716347
799356953005216715087640043435
799360900071739590251610833184
799498964994797306607053908802
799515130170914649564060290891
799675020916941402928057352121
799697795191274276204421955876
799776013391532057012532588089
799870622047144588055389986515
799971669004315491378033918354
800088419781709260429368883473
800123640958364761855941784166
800161245719531052581723975816
800191437960770971194738642938
800235597342699646155672131086
800269939560149907611544945804
800404368168153762351113732701
800429246419984990569500341138
800579627708166521832681114590
800727381850568525478438007699
800826335748145490894650874773
801074815648892024808703909285
801112024952410629148940326687
801254232891230641697623210063
801302799927243542716682495332
801312791293247768303393489683
801464426173085596478142229643
801699384561531268777138507822
801723338296893879293928097486
801858019343161141385600188797
802036033171241507732697134633
802052225721269012750220561775
802095100358585989597551328372
802144847927953376649459179247
802201891616013630640905292231
802357985836985733789404066436
802509313364265784053768146843
802685813810321612261461980493
802692275047109884038882323919
802804950392518847816978599354
802808485399959386762506776675
802861773748662428004713480981
802872667627645975870571228401
803457216380677317442956729800
803514700261279733398747078606
803598183410063333081497528303
803657489610033138127733496068
803864484164067317774191042829
803927015430733810605831056853
803986052830257538767127735401
804007059413033114254966712781
804039053965223726223312427244
804106440887946842113448126225
804236440277654828011518760275
804293172121726881280001315053
804336984250296244089090337473
804486382075841812022310981881
804508409969528864041459923626
804638599051898340812955508841
804695333276650582945530646280
804699232790084766218780528336
804795451652157286155716324231
804806551647980729074191835309
804831594621671073385843373812
805264950289934017082541036885
805351631058906048743631263566
805584465222879257950805747419
805651354697442417541761485796
805660107297938106991784253918
805770119776767556330976938923
805926264886062731991954601077
806068649886416038849551110046
806129157664282546680142681488
806138588673980702924306071185
806288342410557072241425097557
806374213654958377847045203801
806434722187292542851110118732
806715282976014144608024192434
806881075896815638686074760176
807000408434827340616881733121
807022919046170243826793955759
807037952600656613092460488530
807243652824722138967949679578
807275891116058656811792096798
807341497837914248946902877934
807438017203163292139425748461
807532046723621511803094959252
807624440501129303297321464275
807671718445963931103515722870
807718066975166691735717620883
807730333531571368873423676086
807768587099370204035418213668
807878784970551000735694326738
807919021295107478955682496413
807990475536765213654614812098
808063129805218629186784791048
808178419146937566017610730811
808223051393029548219312714770
808312106567925309217753084260
808417616557171235299429816765
808485291850479857059384076460
808587854875312685665145127383
808604332959454185097032820404
808616174542803949757172230162
808641621999524844959210869814
808931656642316111549148395058
808933431099567353446290459881
809119697432495000714430613191
809132819721975939975366254839
809183194270001378240367785195
809264283981612578493382387738
809284404552154991198511222542
809285926600923515375266871103
809468311610183364400882365680
809493996994102819536129155547
809598377431238125169333421302
809950286377768216451956511131
809965541606682031822598293860
809983638925510691771755188429
809988368825345327637001513736
809991696093585040391908852549
810095054396808794203437511956
810216444406165789913417306111
810323553181937381899737216146
810492126735167768684818633113
810708789747929093653976347481
810725733944491767921088118274
811008704846811519667695180239
811015740071888548887454189609
811044914228225273655407539942
811087072284036272817178300743
811139494389621729602310692496
811292044623269625790047628942
811363333321298796390519330915
811372042405710506436537874752
811406737039536280097973703700
811458093247928728623681119879
811664660491562587037647821139
811707117251172341539182287201
811930740343293775842812163131
812164476246545594473897630219
812204890038435883498319883146
812339095100159185388243531022
812474377916638833703020542589
812480522066754379405510557144
812489081205508998582972603348
812514717487637556198009637431
812712325632417230381124386623
812835084412408907596331342398
812884340123808856889447243361
812916027737839597203536090243
812967795935594317845655130796
813086907135351434287677378091
813303006697095307735771938933
813313718067126173707149008368
813325178534666843472157216174
813451708142380069339796624078
813505356761828139397733430541
813517713667275876605256326599
813789890214609862553792550451
813882676145830699336645115221
813926411360075397804172924257
814130054740267418882587620804
814308121377807096324448598003
814311107572816607012296626168
814396497925229831066913293680
814439367839841121258969358565
814460117186904837502371987548
814516618845412417196583004862
814657661653129523268014638749
814723217273221251835342533585
814821210562958842530161155179
815070685450505122767047249107
815390383181945110168241097919
815743418265947531307617258922
815805566145955188935847198635
815820602515420945768870103870
815916258499858347563148440260
816057123958713222973380331975
816070982532781823820723741131
816212930876051093820697430274
816225991126240050925135525933
816327340609060170373871266073
816481204102976093467123386645
816516280696555876528017495415
816607230734793066299837552891
816614087256611821803345997468
816758144297474288705694910072
816824375359685429043976847368
817205898414375031316331736921
817344469342119490693787098456
817389616827394730499339562145
817403490452596443923650867323
817415564173205847910895691293
817449395645880321869365526453
817516720802563186864521397521
817533270904293350884386581045
817553794386930889976736318437
817621397900153315130749273536
817821002396674666733404003244
817868882357102391550804155119
817943427056093867105060363225
818069949614714179182361296204
818154781605992720904942610657
818168476201352426331321411250
818265840914059490262094280527
818351990682379297229307839593
818395283426285535721364423433
818404317565496180930297403590
818491457242844395541364522018
818677231316836647378558411870
818692796665114591392266516568
818825609706380298926967613923
818939346890083792406748369689
818947679272045219980294630991
819115493044115649164060268896
819220064124886447202352702101
819327053096406146216484635981
819439307543708592283667805371
819518521661739057872635265418
819572150553587469887829543399
819653511617395153255722618452
819863539700700198472083973290
820075051081792989847176065322
820145415970666744242585909464
820183779349639621284593091593
820541403698445291557227272895
820626623216713402427498525786
820628985401276726905467357842
820665198274051270648805940353
820754748869237182332164687028
820757783678371638504980985061
820874803540180560645164432122
820887135415710105705633747261
820957249397123637885494205935
821024456465320115106004385963
821142017642516891039870061294
821399329510094161131107092257
821532432846520555995441607392
821546623947230651343250788924
821615231700004745542998595851
821620868758985067534032597553
821754030722325042875483748397
821787500617707399799665616488
821902531878884030525739316065
821918553142045531809671158530
822030860209955463014018764698
822061272453497803150593233975
822411401155519424907326669356
822477284043777136878386333506
822477906666095396463160483156
822586521972643126331902422369
822739319545136571879504568172
822862588394677026493651759903
822952697785297700150979689923
823013954123194403379084154429
823057342022705656267747369536
823158479342123774103591938570
823399154404394276182940234097
823495631481091666316360712873
823657135785338937543507923244
823663837530894361633083550638
823733108756245527040933762885
823746012239939995753431385698
823750828418769611774177071873
823779529000366822655859930928
823825819425409161034264873790
823855619831809656660091547387
823868034344134115665058682351
823907147422316595690645722588
823919737064617152181854931484
823982251303556321591221125765
824029550757520489468290534592
824094780900919899845962038181
824099013333158176557922592883
824131909191934030273863137707
824167148226395153821989481862
824181735168999180777862672805
824222160238078650334687588875
824523050042722645501915449342
824762782982611950913254685078
824936509805826932001961091941
825024912020487415134012207966
825099733273693230346313253130
825149225493573970147375666965
825278637281009970364471996967
825476611735049272388604016374
825484574208172069951392906778
825520997774113578282403714926
825644511218767548388476070590
825701227904857847625417528559
825738866381329514638076210362
825929237741172278708756659913
825944756541739750643771534117
826001379871754005973490106534
826015011641014160351298135458
826172928252075143185000034839
826327379218574985692005221219
826416030204249685973903739401
826534661156450565286253270636
826716756301839108067014067280
826824734125947540416436189047
826903897736264061676907683466
826913154560907319824797165907
826949146902326968648611828436
827152181321982591272404103697
827195194009070787077392951311
827199471495567283764042069576
827313114429248699873476375007
827479162450084291037086351854
827496172914267282615247172487
827504217159305536086705455429
827505893715584777564506561287
827746570498034223000601092354
827790169502664304456589632871
827865804432798444210494317248
827986980734857860069865791833
828149877586350117902037837624
828303186331606738155597054853
828413171277129730735580260944
828552239219511911450127919086
828586233456737198982970376972
828626375732862208582469746339
828759343568507608507640530575
828845454573807014537674506542
828935735043372833061064451767
828983950414261830163075620277
829123115022140688338400461039
829253595523994430029182078984
829269241902481890044140168913
829399971766548776099417401805
829437414675204235449984966361
829484207056173458483195002798
829719665753093044835280289892
829804650049729155544312539992
829867042133154637653373673786
829961533967758275731175324655
830018435613602767562992112270
830162854185885360900036083095
830209329056507999865949900203
830296857844151590890694522266
830312311087476067036615649544
830333372503839125303227484636
830391400231451544560235769518
830427212591733313095442233723
830458919587887931198559305992
830744926854797400970004593746
830820151477293098369736870822
831074646581776305983538714069
831188378553912167887760960508
831260895415533505745649106626
831394562091992797042011811233
831398003845893743849303517263
831557933202880142283873878567
831708506990394044647420570908
831722253302085571740740121335
831733311592047832473943987448
831975271193010064775588031331
831994007389189929398137390717
832012883491707711004353277331
832074664770661307559291074883
832096362555040690026896344447
832201112286729690119782295856
832229911477983329097915354657
832244193851981589942900745128
832365921272036930210337944751
832504573289506343376436885175
832518103275629712783247283382
832535497232736971549784217214
832543007477604334492315837969
832785395633195200866708244665
832792682325057396087924755838
833004279709053090272747791546
833369518767971715897142890435
833457011765052002711407406958
833460456241140170806097979716
833607482232699103800440107343
833733706505376362695855066276
833819356280584483001569365130
833948768536184921420500672217
834317935117043754464715598395
834470597360157402662659693061
834508156044423471967838731757
834677397456450541970318276312
834872778039565565064145442208
835093330949776151272581649386
835142426753894545250697624409
835410571874042284195501369825
835589345424321241952864449194
835615258080662833144149651761
835737392761656044440842267771
835799595554908613757952454073
835873614341456910877380229663
835916208979472048508321613514
835924295302641525609546889130
835983894609353648259308920730
836132242438790111200894322796
836195741817441260618779374016
836231395440011298595175517521
836270295322861453332166098802
836588581593590198963269708986
836591324498921680755370515902
836695200766906037478274792438
836729096868035001781357863805
837015404481354835637375642411
837164020105161762353417266793
837183326814836869965852538115
837196669707978781692147852102
837199224032953280212195760528
837260469016096820967141948008
837520315509697489982860926314
837646674908461344424654039445
837687255186792665094153569178
837688392935979868330533845408
837739432339429689539127475575
837800400293334786219880398375
837937849885220596869174053355
837955878408976093926232930553
838069750385591409388279148899
838133459794413934691176361087
838581873467540735471841429189
838623406194083922648944830704
838713590830714119397801543247
838894177581078316562227838868
838913941644790820793957135693
838997630237639694095994879298
839077594857779543486956117141
839089954128650550390012329530
839230676260619282889726514534
839306430873229387631507799878
839353459524532055726374706388
839426816500265301304176074806
839446488486542228341246964222
839510206358003976602224933212
839590651617939344395419609466
839630796435489424554565196983
839681438888076720279387823381
839709172535481510642657145086
839852134880822075232452725899
839919598760476677789956632217
840207080560734305817094431214
840284237382670980097173772481
840895957909143638170383731540
840957117701978044490391955560
841123549824821528591208336260
841138908511493781964341988793
841174567373215647740938088783
841426831265071812773005373527
841500944918585183030193249643
841540453649527104917540871748
841757778727902530376353753913
841763304311235520566432068707
842218140984464272341787326630
842303896006599330326889585572
842304935450731766203558973243
842458209205556653956129403493
842735902592014967955813379563
842775163297503708718282162731
843268974614120843314573747871
843319588069693577118875087682
843359527888332637540039252842
843449785946854988370597482733
843530521618585947984522568977
843613394885144905041499354409
843709215594441396323987295728
843813649138855450488606859902
843828925620728473443925832425
843942782974332196729762018161
844055423446414680704772310441
844283701532335082393386344660
844345642527054591361816811078
844435746868400409551339144090
844447781194801434625501277791
844543791255143207137532381542
844651010918072151070065953024
844665705301303530736851536101
844759464820524322952361836723
845019617006065652746480386941
845154885425588540345814849608
845267923735954767100977581861
845332902579819867700654801341
845334217279902476619560187947
845404122728821018386246476016
845642586818454330393807900647
845647856675618828697590371361
845701413484472777942521233089
845874083566798060022084498776
846013110884205494000226949929
846021159981973455594479288285
846038164941232462765590947355
846101423703875186964371244679
846161793271754557151446295594
846271219569010079605243907021
846356612536269954788924579290
846425109371669484053741155862
846474486114506288480545723821
846483264538965813202335463416
846508837832997681445201777937
846609666878615174158865178531
846809262622291727838790595602
846883588197387294288292990316
846898303681838034647377702864
847118419663537590470028149954
847206639165757956343601677502
847224987812878681593761366582
847266970038795945195380113302
847383302341797365783944062456
847414759745324708172969098147
847612910146166043932823130182
847751848678405355611292124134
847766589016184159393704152986
847842680215521516863921156190
847990312428288077904836701009
848094120253528085237849206332
848373686221482141908323109871
848416562963364209949023358030
848544363986232643595872454468
848897966987480544548334206923
848908354343114370416749906035
848962797843571172881642637869
849053742964887209963145707787
849098004182347474756861138371
849120122178025925445738496951
849331176158417626936674027469
849398903064872608360910730295
849424117266663989370986021666
849462967553942125036364432321
849562265721521892200862171962
849771697924560936562910305513
849846684328943942609476736803
849957379739418076801163597865
850065872925834308241215153457
850237721411685158869027445566
850324582039135998927633892257
850346814824763228400100393526
850476497346943066016321892464
850593489650960033168252629417
850669987586484391338686804082
850849873323238574881480857192
850953804700624976186195383797
851129808186386750773579350304
851197998333388600134276362953
851258283440526438122596162580
851264026352190227003274318922
851377159784950878107742587259
851445816956968256660690586762
851479463811525455544864846768
851528993977780654226205695458
851719191862968955427280090156
851735546701499232776816518761
851745102365881844127535485259
851794278986537207279817634735
852025952129275870652743386444
852070630861116595491604637988
852392262127689127986773347648
852406635578231145380786830814
852443049417486775521494325915
852692657479256593974785974437
853376124739172082845849138938
853558659426179154808754940367
853832273364686365489601676737
853853892506852541154572426690
853907086477733889376224181382
853952215675528068237250019425
853964640141652798783416553174
854314566543587463063730676740
854319059392666810720192085308
854386131191302836904202541959
854473812007148701147889625490
854547061732905415479985903528
854714420879521256318211386055
854817031374320708738784720019
854894606824342196134910030302
855032726050330073090027593921
855099998225383023580380257476
855249817726166066208879121854
855336737977112411538490287496
855357650575637499146436438541
855395078661829510291237587105
855409483687081384843943374644
855672016793397491846033172235
856006437960618479160126686805
856073127213557582706276372962
856076692157553707055947786401
856096570255013041272267340725
856159250616333535343019470207
856268381064894064429953022895
856440230761233449104220132921
856597657496900939616698064883
856671811708441149352133118148
856695687350611717110910804174
856780485471201951000805356758
856970316365249368859750968597
856977146728042115490234772595
857040278985761827099784580348
857130644947191346045146878389
857237600729416665413351142204
857342860112042482198693699791
857403542215130041041266786957
857417244426094529994253334509
857518102252746858897837983810
857554473537074376556302323606
857864301240080004543508081500
857868563131601553849990359308
857932729141959016253944007256
857960185081201532272497210171
858345596693167342347848655025
858419520511782722716421985255
858520180086622456517688129687
858559767128148258933164866653
858885677422412263452209149404
858914829562394220419102653769
859060404237526608536516823694
859166652291028734702555811264
859404411029066441845284273071
859451652250695478014939526298
859492241067046307447756303212
859518576541276469794816493299
859589144101567761984284488137
859609406629269210825006510610
859647898638184438714478327092
859672658475979202878436427009
859725594758390737301171154695
859751444942595053325752225491
859821696193554305616585334328
859832563219690018612466567371
860143910734657300873818440058
860192161732755544843563564527
860201336785014106440569630570
860221780664990908707775336027
860234499191831452185168138085
860304476268731078580175995229
860310640776407632629674112695
860367703403650915745586826593
860516670093202082667431622428
860520134163611527999081669036
860524361500184106161355300448
860590425744976483475317267537
860948432750885316550202860857
860971604076273588224384743757
861183285392348629876399476534
861242016998034599202980056166
861331133040216344635159121714
861398211979084205659104729939
861458553562963414696372361908
861563214667749837590117497653
861672808014548561589949622875
861703762794610602520443515317
861715814027802299150354031669
861718980429044196460294915452
861923845448004616165720802279
861952156834907729912103215243
862042672460721134092799953875
862087962818176444148662710563
862224029903386474096927687584
862244451824803308400936884261
862643192477033706228119725743
862659892684356604924419109530
862832956392729219613255244878
862875849154907703941427443697
863040235044793661170829622670
863276052236217523367746142061
863412387261311072778276903867
863422807010807071796213761105
863560329341536564261238283617
863621905280522323094694259062
863669916157599164750069347105
863707563653853637890980866887
863890195646718402885608258117
863908551156936732633768796982
863911814268520622552916979529
864076160767139532646450014340
864145614542911061672014888348
864157886485260733810360210573
864241236449382248420199422329
864529519920314668573279680120
864543853112297429235342807115
864549592298972538213324698850
864665552268977075830354228651
864778434858020475844534532449
864914048317478510929216059289
865002338003805242840174445299
865012135420241804820089698620
865163362818838473820429147676
865176698976555876567404243325
865424132624422391177967906230
865442003882252986662962885573
865598943522200249358856000970
865635960457222757874824374046
865686142979198575164164916049
865714321249886116462177913404
865797276088049925581761354023
865897637424621597181069733443
865990588419938039661237709514
866046250791933631704474656287
866415710346420393152237493521
866436363080036516793114061612
866613917908520015459387947467
866641643924259350673124080848
866694695373443693320996509478
866711317897121292924278419270
866852682134318133787633352714
866939519241295605370690096030
867130492922220333586402527025
867516448432280097637985676339
867549618744896104125501837729
867660755320986907409287012305
867773657727261889101352615934
868101106502603370271753302622
868254392575928221024034276525
868362799553475823758687445433
868384755096444566445397281295
868474297558766904443021893888
868477435713273838361589062460
868523382553972416648460693373
868656387102015009927871060798
868689724947023161094836290805
868802503230993623763888801727
868808182075638869557463014280
868936411001902820151278488762
868972486072845313981791294116
869136626773052494305487514533
869234642834839530784538947314
869307366982353542425395879633
869327575105278542098526944950
869333759764319372124353880903
869444743692087068966585115878
869634251002680437079501768785
869636230058547594418882361449
869771826437357816887617851421
869785376541183412737619804806
869786823739744602102442302183
869845466678845264659630037397
870075701987742387759851729822
870287111665631504227434399714
870434263033749863172948353145
870528600885729475138416512161
870551164006229619895800575442
870580586851228671063794636375
870694804205461474013427094769
870767543533751002200031187756
870807589409882941932790575436
870814093257382205585517867858
871038108185849987641332704788
871048664218136333293701474132
871110083729837911078739471431
871164604243239013731155250303
871179299199619300830827115206
871204781799242173823050908612
871240730016380127576469468557
871608731388551318723301248058
871668848595442339931644181109
871845978108300371690232575512
872160984576687404346333094641
872280994417561597230961416095
872325238166128573327594570623
872346579180141352953555287501
872414087948985044697092485804
872425986328325177343931394300
872443476523438203734475649136
872515209005174719113365506629
872589243341461597967185510805
872797724704362347554211828782
873240455357245356979910272131
873453109561925197839155644176
873964863628175838297732507751
874319690786213868292513209001
874472655987394531129044522373
874619822235227021896806911408
874763108383419851110011401592
874790928123169167769634253438
874877575353821622839577160326
875020514642377891626492675784
875021098987810204330790936125
875122398917628324182889638223
875501647513667329721707203187
875549278308445349450068831875
875647482836130183758223049623
875714749804368756030445342196
876239894516194492576571237562
876446394396316133207920429613
876548343894484689570230280882
876659298728444100476950936497
876765650547828757708873512207
876857853905241769533283720757
876898678697430333050713251792
876924453882644053819971020153
876956163518755845587794891434
877163925241201102159665313052
877337558434668536651753068792
877363260202093612436919247043
878100334038129439188690594438
878119375356635078291598583439
878259898535916235197375573546
878285747941154032253797337184
878296770134366542519516037764
878550977663141610011547253371
878605989118835008163191294237
878658830197229835568677235686
878697995126800098812718308988
878704785928212852255761086662
878802525844641057793314237147
878819274634572762805243267906
878857924571845332157704088997
878881967935482733499734844848
878971869098785063720954058853
878989551609395162193617494719
878993997873723022897610329870
879200758484286626594829145152
879241276479744624319255436272
879297704628130396419013839422
879386926038983462931535925527
879471774781109459362822048824
879520431050618279881730451039
879748484851573364853345593117
879933090444737791742817475399
879962080375457038948104753966
880025011151436393020209727128
880114207146498452186201464057
880305767335203015955491852653
880378804050707084486244038084
880443568349626821484989616426
880469057188988625814901928489
880483186690615683413988486580
880566793012858073368006541853
880742660489131843834066849852
880788864244757249079004135069
880956286127219080075858153397
880978590116525970977319544942
881126488446823153190422866519
881552045794174684931136209098
881716232079998848132392786728
881853816348898072417210647666
881995653930095784167383311366
882058548822479484450583168117
882145153143286605310923961253
882203858033618345202192945369
882264139359942420792907480873
882381374062955669060129357298
882393510959618341564487232833
882933843151604287986509221055
882942555541463740102069084634
883043860193037628523749046890
883086324500652347656745877649
883125246655737604261820742371
883154735655999279367515880548
883169077203517683969620564516
883195676030606218624982083107
883521527920186508300089021296
883630417819378624453078807378
883648266466171656335048312744
883662315898199906791072161746
883978851597642421685428309492
884077760484121535323171882758
884078177217420337596508186042
884162062939876089792406868528
884415713830457089702875956540
884509563688030530099071501989
884519294473509630249570536504
884531742776948857908941138880
884750430593160728367774094358
884776860235541608679436794436
884864584838208824277889826058
884899113989831360810712670518
885133372440977465811888780198
885173300807036350189048988421
885369827934846776500709074095
885788925706403944843771011722
885993448877795821921197576390
886204413687267575561166902043
886297509142443028347142528463
886322351314924214969934686113
886666821430378814822486356852
886779718894400267588174372933
886779857529726620781001218779
886830164962481714026425343407
886831370559371476202602788941
886849515550076698743962555880
886864002870276863178174234391
886937129707740842524892427289
887054636145960887925739341863
887333906836567372863377750126
887380678249353861836540354619
887401566193218279763300756900
887466218432041326143658809358
887545617654828302141676766939
887579027385154632218489280438
887596314822184408036902373309
887774340326739238943673577476
887800258916158143459990617668
887816157743898831533006127914
887851133211492910908241770838
887978175708969986473937975559
888473777379989456593157216511
888628696357758406792167265781
888665100692668690696346023017
888738631926213699130413201610
888758040341580229399188348456
889094755957285948730229714598
889103514541282405473710327609
889123345386945666697661614457
889340263688759522137423690308
889369644241063482096140986936
889431610758327277889646995937
889484510089175850958113670686
889771858800390984802753928633
889800597102772464048848725963
890020461889244521859065036986
890091094667284141218199070929
890158932853317195760012117539
890161472069072311599766569815
890306725506503958203959557538
890414285940031100492296972396
890458236014035027720693612572
890476740906122510172667668912
890556911333511495770026118279
890582133694660818488497175602
890705049946043900599838189720
890718990818373165503936699983
890824258191771391307262590513
891050184761363671649412169913
891144432748182743601785537728
891417171589996105346129976367
891431311364192422877433525149
891442286634615857959704615270
891611391406915934510716029911
891691941910000164956766370147
891788654685898017291264739589
892041088707413568158695810149
892136233760088874790957730331
892265614923796585742656358222
892361944178470152131044390668
892434414595107052666395402846
892564068040117023844494813943
892595734035091209720499214338
892754600098071610647638149418
892826675614245353265898186958
893374454161360115142252851208
893388381223465304146586271973
893480306702697727967395301128
893486634555204880769334489850
893506173103457346667728192350
893694563435539962833297816543
893795777038798193416271898465
893803438191969960137932251193
893835065085119133014449860638
893935518415812731311271853282
893973862449789658465288126470
893978318577989313769543190550
894178255657185272690097960743
894275453284349427399456047363
894412612020413286744166611600
894456892766615139397992542902
894624036733047350653503313495
894686090415605690900867858953
894707697389348216361184644695
894713314825983476870032055773
894838162409846424409098373135
894931638890912523216949434834
894976031637570221039301894849
895083668154883752930174250263
895092969990316988260180475014
895246607603314486208659069549
895251555940433361098928630469
895494966980714681128584268372
895758596999782735994689125397
895800109315582622067752464153
895862328868092386743837857831
896044910241688876317515886294
896118125079237354969153403702
896173826647490831665408999236
896198252327144467237116110949
896445699118930963405162320149
896477540165692673397865874088
896593560426552905146186200915
896691951831059125826028382247
896720360702943652680175685843
896826146538081957088633118200
897010932864345449682943744795
897304665367310088020719005629
897473066163999163267702384411
897536038049868155979736850036
897564404547153578400636245492
897648600618878832343636750066
897886453722053885526076407379
897951104259076418727095937127
898009491567884947753297166397
898141946733258807232942744274
898379689912550100667673797894
898589566350021879354719175864
898610912384237168012587643468
898626038028663872893926865296
898629549183630748080090763725
898722456776638793658196946065
898742539447504131176790787958
898963950797399420721401187422
898982450588641528532803574503
899007652300101906424688681594
899097815232864667390550365405
899099795073325910764908184337
899316256995270532596170884747
899429480494122779518330078009
899524650511035196417436883167
899564313511103459324000044390
899636862347811498179453367987
899811461828657538358860578631
899813206835773258166112821790
899924335857092098188081455603
899992526029463752107233792715
900002232314566470955513620272
900161509421544875304160206678
900261280021825768725839309697
900406969559723679633828643050
900891561125009012539884893390
900902127217829604405690672538
900925430519365783103118821879
901148973713302932552557093201
901274845287391382880653247082
901540793301672948492665702954
901629384130486838544150675630
901733534940615927696918026073
901789959744372160620103801968
901840526776236866631740267982
902056314265209186317445956494
902107032214825274530289556244
902155084143256629323906605906
902395001584445620318915541367
902480225624420766840992094951
902507468934908362930923609084
902695663163081271293099997575
902695856835037294391974992081
902745096408000543874807486937
902792472945599909157809011313
902936943036986905689956886791
903127230335879783474155630077
903176188104216480569851479968
903323545415040787603543187258
903477332822316009989610345603
903654220811682349848396252048
903677994030014210285352726707
903737467754975522090157669874
903758052778355609537236197971
903936711410860060932925641902
904009176375715852973250701666
904032360237022503136849011939
904145737648506255678878459969
904163887808215836034748387993
904194958494226967357302151394
904425564753660377497621480063
904593715183481308896443829596
904665599751586412048598781085
904770805626776701092721418558
904955205284683775420987646726
905099897970475415869870222762
905146467141942005264597369564
905318758948517706421994019306
905360681695455812914854683399
905384339796316456859066323553
905425237356635451310413243325
905600875142645742300591386233
905670370162281681528360400793
905954906968677003221758344735
906131054317169794225892461736
906131335011359434939222008133
906144132634155172349678104878
906165891605238124447490678477
906366290691380662987774679340
906512098332188232471211161733
906576913084672140346558492179
906721362548054280181174279724
906838163035219094975574784473
906956034486853857834526045535
907123899786462869137505124415
907175385809336162561426552144
907178820117284243114380806522
907695588981480915618843009459
907699903226724356753850026529
907739738612027713830616655661
907825199208114415246907740168
907898234893078480396685290095
907919100455325790051815220634
907980063852116346462611902582
908031249202846643590693691273
908047922591773227387272789925
908296777148257878087995828373
908829448151161836314389248536
908861728534571745476677530697
909183889869314930351074963722
909332876116103679833913114855
909332899723039213180059125960
909387660135997816630758610476
909492814267946380297458945831
909702370503289842913083315235
909828637227188824718741450520
910200110283079389636411571822
910326920980662129325166128626
910362842953215948255892767800
910401361995670658300872147226
910470927454447409962966138278
910528564497326165187174578522
910802212564715346728367980640
910817200347419551420960386302
910969757890696649893616355589
910999575836522186260315337153
911011843050109107622620111332
911158812988911277804815660060
911195790881793426605719213575
911213056698520916573543705592
911271859441211400956331396844
911360056498144051860830002223
911498844997508607828163644338
911524728183439296329604179297
911556283655791853342674585115
911641777149895203863535428259
911677156981579962099578296926
911807784067968348041926798942
912243365217791874682189926903
912280980507031028229884125751
912334224009834743401174420680
912394880102063431576283007455
912677812101987308419530332042
912695442687354029945098343225
912789402484767842064170202219
912861224141314104083881660589
912955508247993597641179471088
912979187942761352878342034243
912988861295273019647509488183
913047912407374151341342935847
913071457138980001007023154535
913145301131771079944186429133
913254694101106398131667474351
913419088477923014765514890464
913639857126553041581170054131
913673831666139931787314959713
913908716891601155716357643256
913949153349205725323211974397
913998197591303823628563605323
914313348878749236939634012719
914361872602910801957538748761
914396430653605510889876490061
914402192122535033453242156803
914660474146508320618816231401
914836481242323775958593848069
914857882223216737891840214731
914931642329080921708067385893
915298395709322775935997976418
915333477240543632061468840024
916065993372818296277919217820
916172887090106698598135918830
916210031855862897037002290745
916370104293342762107375616529
916717952897704382300953475719
916719224050028379071047410390
916869690976405110448180092058
917034274708805566038429684385
917204464801174039403327800908
917328261781332528487872698506
917416361851475536513238778589
917704480964071713017668637794
917898837225154003959815032008
917899303161301504459580813985
918029012822432467743684386077
918192992296969527577874370186
918463317199814942782975373626
918480172168107888587366494270
918487457620999401461775001584
918613611792656800413163360098
918647248773685868163386878236
918735129994110060680934119547
918755005192693959194953574632
919002863926980177872057647159
919065807890797154248201914165
919344189844669580463040133255
919410175825081693096806521950
919430832344397476168591737039
919606180206505410477357851130
919639787933542089802579858157
919681268975707558652677609118
919689109118232109490476530036
919908005504187024999994521606
919996885723176795517745320381
920182184988743673315152308569
920239584014583447344028041778
920286411067473682345189880860
920317924848098090442165082934
920412939905823375747845152737
920593807084113477473361850550
920660271694529531263255866654
920735933347018123128511673578
920887953212806071395105460996
920940671054935524251540267771
920965694498448771249957016867
920976796449926010518873058809
921245882854545210323602557108
921351317160529947768844125443
921511702482528590248051959703
921646769249703710138296095088
921717759709114759067676571574
921873735367242768662092039752
922000648572398447733515244288
922088291025499129844043647064
922339137560239751185839723506
922343674113514298618092871347
922536730738230765590137771011
922565235699204287704185415512
922753262078238639137497031924
922801855419855252644351906678
922846475590973747551486600461
923025468644534937519128313265
923220022767694595228176656447
923366319969415164139719635010
923426485205323892727348572119
923580005348193140304682651079
923684961472062875123998042140
923774306301652912882112051559
923854719544518158977181155283
923913469944867952911759664651
923939103640652965889585920211
923942385004577641846139625948
924096568738410561629899270454
924247633367923414220577041988
924316655560727998929971804679
924377862894404690273002492581
924416221289883696406919121700
924633973493980118630890126524
924729868943559888955282508152
924867191170357586753481977068
925006158907459696947339142322
925024275679973466045901981451
925031153580134075270128292432
925132632888017422792817294515
925161012897020936486322226296
925297202929089784655496675601
925377783968174065378523480422
925464347396132969220311002704
925476524274240681823744412774
925564950224944276098197284921
925654535751670250468895361844
925705528825078816630511436999
925723456917910702648472575218
925742893354011332607784716412
925866900237810859414835527588
925994975284486266490373411195
926039255432856494997172283017
926055780763507206798325115935
926119917591151541138170395250
926165311273830705418928287216
926221159399802018948018164382
926638985760024374662267103596
926792060231519648524738942782
926809869948515034674304879206
926843572795817547682569492349
926949511860248892028018300601
926967394045902097193771709596
927243177754325897162753849399
927275151602008361522993530852
927367824336796210860139580942
927394411701940460964889846827
927487749970406239850242544461
927561374515627921418459843682
927611939376208335162950135456
927714839617885993001487612976
928102800075781580311560974125
928115192224453087313269593766
928289865376060261472358270049
928395637906313420668540735501
928505670282748777087300775497
928638290051242992935301895658
928685625075720641957073227115
928823973038272644105810667197
928859978060859732397226242728
928870501386015160663875932583
929109392320436624420238466983
929322137997660170578317295948
929345859759066595908252356381
929347868412645186002039188280
929408296099671306767274870165
929508996171547156740436311266
929659386004500329018058110830
929721318530364361254836782397
929847033001310969631819217639
929847110811302873199314178805
929911491152346097395951659688
929980187952794824164621590847
930268915948005219264508098164
930280046309781334011207944401
930420205866189501940269209913
930559105234382883454742827338
930651520255583248227389550887
930793331530701114418299775688
930817939663221590213280751803
930897955597543137178824639747
930966319025822442245478633001
931151003988302742511669684956
931175262961400638325598231338
931235489924970651079617760685
931338290341566323447602462446
931651926205982350631836677260
931873277535506504455354787127
932039481497473219760702863044
932069006086199420273011890829
932154382630030119620978476215
932154863450635331483573586057
932158081814047699494433437274
932181535370634781770690341178
932261712273903335535503876377
932348497898415339035281749671
932463397640781140648043613088
932711562697366338860372104132
932884283231483702298273557712
932905020104198509675664883864
933233034026722458272668339487
933319439662417882027357930220
933349484654217165367178680441
933457102782907976647875091221
933475716268613868298144804334
933683850027318531803794975820
933785314918683512820463706117
933839697581667759333267596782
933842419693491222803376277924
933880709817554090626392763176
933959180058750617325029846584
933975228482471277536124165595
934020115832327768825755160559
934020402637434523326920158176
934093389576425358143360724261
934095396799500312121363063998
934123556485431358631292994482
934249213834855297294550496022
934481236822944722560574118019
934743208606002842201485498388
935075222349272437986654341065
935125304472934932973849822402
935163311997366436360354512095
935196679394456821734603069465
935386792119552583436947815475
935582419461454532434262981651
935643487755521403405473151086
935734144877408813806540614178
935827755520183165287285327885
935928466302831166065073074099
935949464196366357114075165782
935991681827034461094006057021
936116385372108898470906774299
936261060682993508700668129172
936317671256070125354811278252
936659456892428304605608896276
936689532241402746223697565761
936709591260379543602050540819
936715106549283906189390255864
936793986408482288227075618954
936851805755452631061043972282
937047069274248924018238871791
937432277612418892927900006945
937489462905423079938827526701
937521311208970493870736645559
937531927878898852296651699987
937844019086483752367521145436
937948663181459212495997195874
938139922489671325867035691411
938150847443007665788506311552
938581963244917965867269341907
938626153982204522572026742193
938657941141850881500709961000
938710903726489820788021375160
938728678371769240016928510271
938796586511837690788338734080
938827557527827230066172465157
938912959706247828945215398528
939059334833829765011418884843
939148308904724303462894306138
939158724668851144907285024441
939248426598637108344463417342
939264132314105558651697469316
939467338663438111497694924499
939533840868600689647771355401
939537910746905945856419776259
939595646206881376333982217988
939673745835320152639608839261
939724157953629576018251428896
939861693295301248357818902982
939909688370470256220146910666
939927036354317322517946160124
940097368514042280111759268798
940200768264506857603624086763
940227062363409060212448811476
940306596978444079175334433572
940362870427584324533857082156
940527637743577724108866145662
940732501143116243336961329453
940738437297955543404966894521
940817603611886148477324807627
940838905782350644771591486994
940895557572151897411483763983
941020295410513643605377804196
941021698610939296102619185790
941168586590490344705882994566
941309124279484521085087078047
941368852403053560672990579334
941404623751594860905794901581
941600559068029555053533471299
941967464487264284281665706990
942235271088023805223903912156
942269251381257523980287647651
942338438268594003604572908730
942374878710642564240089201448
942592990953672127765779494397
942683856844160958367880870040
942796161325975406050919152396
942832210674747561075645603282
942840750218604176404424738329
942952752514467477981721148795
943001204418698177073886153730
943143165592371716553127664761
943214936800148651813613842314
943238884728958138139800434977
943551151708005440438217485180
943562480703596505256483127137
943624663530575231644118722918
943699389583827920363239911697
943953535397708940100760880143
944061787333114281008909996282
944079106481274853706866661517
944158436915401755767587057226
944251259611869206638176316528
944314082374640166835222804927
944340312904296147114343913394
944426292509176173293410898641
944561102341333720114835452295
944596293132455512313080263393
944649351051303643313012936759
944777882678428137462212318788
944819813261625137249895770122
944825556494356479742592865196
944951605054604741614670285826
944971247067238675544645234703
945017335613524495578263979468
945370438308929772360551955779
945388458139024838843360771149
945417856222941615141576195416
945439440393233379523658358823
945445089813783552077104971113
945864032865804050127439160589
945908157214611041986348647526
945944166986899752323034851644
945951568826279221123131291194
946031654536876388830451870269
946095651583439959420190901902
946137125613087787708041958423
946175280156353810825369078018
946195184389005929403199939116
946259244693453328902438131355
946330992314195144728325026507
946456957061599087315974142024
946533399791261085280654554940
946572589966146953226142000090
946604290631365717208045936193
946682624462482676506834841187
946752905789683298921543905790
947062233064902675731812546879
947076510852469468820609728752
947168766561931504906401584066
947212868098691519933239615493
947216035764976694477644584389
947234702834872125869345053391
947237337816787454502225518475
947420208764260520836654081467
947434488517579524447390605741
947447598690903442052012830964
947449471223310071124482160028
947454801716055102446783125413
947508398488104204830533753346
947513750264482290650884457695
947774346106613280358550965369
947849315752904668375642249183
947969291198435515554903231453
947978857382669173437145120204
948038100289880503784075574045
948081575082807702313104801273
948309338399608279166398072373
948365165409740384276159438904
948473240189161587636276688463
948873275863295735300767184779
949112662629415762918714480418
949332799810624627842959856021
949425663058853338755175523907
949459683126137937042614617597
949461002604437394238305689141
949485279087562651147689591540
949592313065237751537487893383
949667654337943491274470367119
949712214585552651223988497455
949825576739016766276994461321
949912478889648289650172231151
950048270740259323345866119094
950119971346515383272111675928
950212781015108544604542763252
950281849430103422610018175408
950398017880929667318294964834
950650259426046732350324151294
950674271539064672733129838824
950833207416480590310994889566
950884780582092890363747006076
951014264876258996296362359126
951109899704135792349986822629
951227138751410793995059840896
951274985656644736720667215897
951285201808044499024234150668
951298915521334655472882825652
951315190979239324398153252438
951449516901032797390310112842
951490443033121457216000515203
951681058927762897817947772322
951733929222956070492022111940
951751209005087345562761921221
951765527956853796362812319485
951997848190648145286768706774
952137450453307666387199915579
952182891038526934210847065540
952203118191386964154273257306
952215338830386522005180469720
952281648007872735005000578958
952356527792188516612257521025
952376949179071926183751556268
952381096286537932300225335996
952469696849670918333882933792
952630008080229811803800213701
952871766608641441111326953605
953039856315776822333299072797
953079303567837855625646829691
953116071376204185979602097827
953129405821521854906839984748
953228731065058425809391224904
953315735755014120636905556421
953432053839437358609236991156
953440429305366867319523860950
953623686634681980160236733314
954102819521137266359862635404
954114286119548356824278619326
954193920797829967254702258577
954256268419928971943265200727
954290403595495471130006209241
954434951877174382431986941605
954665558140311897444721185545
954778741595658775808892018535
954868696235259965326249151318
954932695189302418741814164675
955060438879428676067606878576
955085965307986981589838527962
955161654688359457021115800787
955188957425170126521372762542
955342226565420037565067011692
955456527714560204798112792232
955483641339455869715881453068
955620218393548638773557921471
955770677454877125268723509968
955900801946649041873019678336
955905963414631568198317635720
955954320879264581434431657323
955999145074123332102224571497
956076660517329259892152661991
956078325149901384354447871703
956333994613189026388897165049
956451001216775273536060589379
956475123916734735569415981995
956834488114105970421465044344
957005246808281744796466297988
957048458493439161593811543413
957054967345524048488768540563
957111432344525974787191340727
957199353131778449032311194173
957256450702407559914098117718
957295580891254096164984708806
957301337530792538583346956645
957343844038123809908295683178
957602425548523600369629880653
958016511223088245976854172732
958062575266884746433017944051
958170221547797044945854694653
958255161280183371428367629643
958292345653518433282062205390
958447312201025850142681460670
958581428820926735991217445543
958740479037196783698881706356
958953744707678440674773294370
958974781241002236110947706559
958980815214588193994880995049
958981081093326466960667136848
959062348808048620517089218879
959109337899933938543038303514
959144354524814159836605212544
959196986822178129242976123925
959257380575452175059393771164
959502283862655359214503132941
959536374617880028773253240288
959595689792292471632886697015
959608507116128115240156888167
959781915855649510477487318093
959789384294202323157512800202
959846308941009331182931005832
959939342312373649035222955748
960004899181602654293676989652
960094086759211016701761420872
960158926260774900272973177097
960259016584734946207096721454
960296518033457488203481102680
960371284511542509495370252470
960406608574306458540645161463
960424342566115762754732202785
960477973667000557579590358354
960731737853960069653235948504
960765647160425356734363343719
960908749277724462049499354387
961102076933567226218415591019
961160492147403382462720846608
961211739567910203999654727928
961317112989866161624779763587
961433437953306754400267401973
961575146742164081475655711759
961629797160011001970368717612
961883452786441027802542952525
962038308729836230387353947708
962120376509476225683447043842
962259487268321626059447433625
962313189157056668542081008485
962417278030061078221461690928
962623618911326223820031157818
962717876354190428089080220179
962781645076297221545826381935
962924781528605733015052665523
963135374742707091577090695373
963145082381774327747908367212
963171363216453649670819994098
963190045265451728076864523010
963243042677463300068313728831
963251393111000058492815510743
963512021967502900694014400995
963516325659282471058952864732
963844683994954145075901887394
964320955658556051793984643824
964368206559112579934398492350
964390377319573675547020700363
964434345491576956306514389208
964578389522716363793817645388
964590720475633291661832318318
964631338058143911399813337641
964730310975201644118152451359
964920513942931343789551158645
964993693251669972047416047951
965098758916240006418613554403
965115960077741774034562617989
965200751098016012899661960342
965326300675553030075622379060
965342396952146542241897052474
965353618960457900111125656488
965354448584782941868404065358
965418224645161779875978505179
965440807757609932604361608555
965481294805806736323764838303
965496099420563908243956472822
965589359997634243969783029328
965712307303832653157476588632
965838910474494449584930323304
965995439835340468723628272749
966051893358085892871944869581
966363338576539795723223226539
966380689285706798217350463618
966526135421223250226857970587
966588888918935269483530614974
966646205533367421402779741692
966752881949302040216753974644
967003424293657533824930887759
967122702655230597048458480516
967187307889129357648001970609
967218123082878323867603624252
967249640645827699437853038419
967343436834221992481713577317
967351181642028589204739202568
967367642800778615146301756563
967394504833295841464909291620
967510322221806779568803688853
967548955663642525557206381006
967553697963136485488186154270
967697072299871351534363611194
967717562586766807656093421177
967752916661221376108067875850
968026309799154254930905048105
968356967831792902049479300366
968371956808174972461176219836
968401753846598057947484035882
968430649084511569476622135888
968837629397648810663375056522
968932257463851873905259018598
969142338108155408006278355796
969271584248607588280759857430
969323965088701974159304428663
969469988299703158230580394495
969481951575803358967291418566
969507686427321013223068767382
969513866071145936688927067108
969716311518679404643388760303
969816785893968266925379116021
969863729649896294644572220590
969878752444213519624052295163
969927277550755540596716459283
970062955235246505927824432259
970121829382629042067983494492
970318851135563616359454905976
970323425571640685288985170445
970326468477222932644307122658
970335783664587899623663531757
970559981169335570672115016745
970643006417626316876849944769
970708147323833756003865090579
970832496442408842789737339341
970845462385700305754172719749
971010404930052344741653652228
971134498795352428724629974890
971228504619504557654309486283
971284254848865126711941684397
971378654483779987005146074139
971424196868801890565486438384
971445999061875151723620674749
971551942146000640465468821654
971561862356485804666561730386
971604176124949602956056940085
971763021493733522812649543318
971775389085207338606987646783
972035880204529853788642370957
972144170717225386639439040580
972333124054139062303813675629
972347236844739449697247868328
972390971088935851260047932320
972591981007029699198477221775
972627994708193160646902901884
972674541163410647688971750458
972677028394384527197530829510
972727993167037788962290479099
972805267443417541809708726641
972960478820795962966094519747
973100771696646937401186501450
973186251602099992864019992119
973190349116315625123606930011
973325213885812375220786126478
973352712875008852405989568978
973472186334805995116729898265
973582076435981966258471987469
973608021229621601427460760415
973720713540587806361322854190
973810007226646132240590921486
973883181879472052447543977494
973906313060023086426742991397
973923476392767502456117249054
973927511037333417495323864439
973952405491285832938776681007
974024912273241315808315040245
974183539703925304655230603402
974251885106083524364115219928
974320383293187410630259432224
974367992075985679584845646427
974378689406694338813553302677
974382164505339113612252733826
974426109128665558216697732939
974482034970979522825061381500
974514396521391541376584297906
974547797860837381587295410344
974552851379652534353589392245
974604183105624183635484840644
974690116996727301127099191327
974690189565859189759338213502
974798073754951144309881523066
974851826399670441769470071216
974867391088765426425786176668
974890859139008530403078946192
975059420257735799632529016376
975131541761329255365135109638
975135340058298849470146946751
975189396621324040793719361616
975236497138981920067981123417
975372237906432713998349204779
975374369677584470317933895943
975671262112627381153253785780
975760792280312308230120199244
975767401152816377828747254578
975781653397361527811333679353
975839884856874853214075090939
975864814626870031346293808524
975894958235287630678663614148
976010474093384240796169461900
976083990712153202235168333307
976211298136754320595809530822
976445188839995175776001668820
976532169646072403601745585245
976536075540875168307889774849
976544294226695957215599717739
976741825454313184757619204430
976936894838193202651171478780
977090568772459735775543399164
977134968863759810305324506923
977259646720656791675697432141
977348600164921217260623753944
977377897552489790201319461281
977379484447529851010253110685
977454922032459914144175338897
977542608710230748673734446257
977596302170732263721917805055
977600118999670193488129100176
977750953239069149074338923064
977994996780277045337627619902
977997520417053073898423594186
978349567393624581669173359574
978416965568565553329727408884
978425461321554200252453375676
978505649703116680150281640216
978704737033728964056168199895
979274007887840255921802423566
979336617236573085413183028933
979350160904102405781560985889
979394399275615870436728691747
979460642931116479029446871006
979486884056955911639984772382
979545994722773349860565982278
979565096032684764400393096722
979688730841609166623701508594
979808260717828964568592560842
979938629610075828716743215422
980177606050238804298245150966
980406662950268071891093927398
980450545405909915815872665814
980456677263281596479663911188
980516270869142304710582310819
981146202017531091000480547333
981344786328294961802615773783
981616387498190803356395023757
981684649760079062734561970062
981781099395419830196308238909
981793710419548597714411547308
981971512454818093228758849096
982014519826755763393488564681
982029962725955589553473664500
982149965258443941732938413373
982167217723560587303346302151
982243192162360319100928189205
982346002515190959363074620521
982549043929057902200181867500
982669109296121208870135089315
982696140024325550648566981426
983271119498473932110712930028
983500484320438501009622343901
983609805276874408478772953861
983629164188645582692965933735
983658570567826042442567820557
983753119662342168558337450356
983933734243034529841790510960
984034799023569496845077866892
984140169956390289407635270304
984167822844198315771946283551
984310105746654316222120950093
984332696041087400334964607575
984344638138260454547763041692
984572009546786549074552076526
984770056160527025147964190107
984938610966979332335531566900
984980345188266535413829071372
985152452225330383982502301897
985317532866499733863526310745
985531372732917440562204478204
985538095197844338231978364838
985572559437220184012458880929
985796547366218144940162514963
985928123322727616000872420419
986308153013584848556859353191
986429089435653163370646134539
986472430981017877494727982258
986497047131645679648330265130
986520888664960969526818932086
986537906232520276519228872585
986577412114319264373287815534
986632406682006739930226869188
986896415691391101846721907664
987015291085966629408090319936
987072799745430212508936689889
987106958141685603358666136666
987151086009119055062410133373
987183613456746483010331709790
987194530661896567250014450673
987268080533361643372118366262
987424733249481171621002599602
987468611632256402747087147881
987510099490848464189465839263
987757287991949717478334979347
988048041816831901900615373086
988078750358291604585049616716
988130670237202721969454384312
988269722833362554937345942361
988700063149946923664852323627
988727816877570565093317332562
988842088765639788674057270456
988857143735530190596248911517
988859061287714489300263313921
988984325450024151118654277772
988987464197632554832329618148
989060709076588540607057766236
989144671304171284317835453266
989723913097507744399640554756
989759878479793378154547706285
989780591706495210274215668590
989796481841493426578462249339
989982835385077073372280303824
990110207948402192791651309165
990276928296732610559057095478
990324608982179841972008075208
990386910167741477506157378689
990533005147461981021239718973
990604264592331484337376616126
990735932733423162430146502909
990805099082445559779631209651
990932327334188480306804924998
991127283449829419013389871982
991221147657766836101194436792
991281098437170917389140310375
991372543707376939845493482610
991378424210772188040840419912
991572901101600674845416921751
991871279662112366984851690748
991928873070196599587501187382
991994670142982575599022152283
992037822608627377776315470243
992249157925852687303424401643
992380760828120548396669225034
992419833390020192905230219604
992550227385370269779803057360
992583696363122512314763934125
992599396336940092149089863161
992634783410399502345307261217
992800529971121945243109416271
992944378740746895597371124998
992951916280776863529258750120
992999572343277554225954428244
993082473977546680642045498110
993164652379334075785450212367
993223175430638860548318939133
993234782009450412227644304745
993236203399707648516171847924
993275962988410403354115599553
993396262524821422350897909770
993492007758917436914902561874
993513420272457867082708650416
993531351503006227498683157307
993699411528625696020261566858
993709682288290317519164289216
993761439342926161568899122710
993899282347116599112679109036
993938290233423255616560600564
993997406647685304826040140587
994174166560048126216047252455
994315614838835601438503340192
994385366997782756167862620877
994543409091602709000997327526
995021146037381460109133558985
995093559839478644572038673253
995182287499148054465873737015
995282458681173084039416998969
995318525362688913688304554749
995547438162893341993469984975
995550767654954699674047062480
995638720207312111683739115010
995699672246848298383872539210
995796852012383861608093481060
995981601713876839164545135560
996139822590466335705162242512
996220278824054431777404879835
996417133109593636290190056279
996561056253444979922410481191
996625534743028926466848118632
996692264313739240516612122870
996716610765978995778244157973
996728289033596894733187988477
997033924825526474114172986658
997201594577252753129936568524
997214412419368815232051107864
997307630123608923042113643463
997567022972112550150411030211
997580916259133427504019343207
997728766069382843649382991253
997732464654697908525337509537
997841611525801522825149897131
997898659316735251449487624419
998097504776975646551354952674
998239459600257186363441527569
998259241617873835560261421908
998268815928494884132594223154
998284580855562796581503150369
998557538010066540670850879681
998660239060096778404909554241
998781996183946196780583362707
998807516450871493922677686580
998813276974131051219420217165
998881362428381447283222133803
999055840325491744117572223911
999060554828442921333227780429
999149617120178153132165678900
999248501623015472870965846956
999310136913993598249911176572
999433209412577952312609069683
999470918475750741890783895133
999737265753036204902369266927
999771983984290486597436129217
999864212282194023212248988953
999963630561103718804150597932
